sequence_id,cell_id,source_checkpoint,target_checkpoint,modality,point_index,time_s,voltage_V,capacity_Ah,temperature_K,actual_soh
Cell1:cyc0000->cyc0100,Cell1,cyc0000,cyc0100,C1ch,0,735954.8589655256,2.7192132,-4.882955593532986e-08,314.44553599999995,98.67620878772155
Cell1:cyc0000->cyc0100,Cell1,cyc0000,cyc0100,C1ch,1,735954.8589770996,2.8561351,0.0002063388317159017,314.150046,98.67620878772155
Cell1:cyc0000->cyc0100,Cell1,cyc0000,cyc0100,C1ch,2,735954.8589886738,2.8771081,0.0004127241378072103,314.11260799999997,98.67620878772155
Cell1:cyc0000->cyc0100,Cell1,cyc0000,cyc0100,C1ch,3,735954.8590002478,2.8929081,0.0006191104516262479,314.13757899999996,98.67620878772155
Cell1:cyc0000->cyc0100,Cell1,cyc0000,cyc0100,C1ch,4,735954.8590118219,2.9063823,0.0008254972430792914,314.19999199999995,98.67620878772155
Cell1:cyc0000->cyc0100,Cell1,cyc0000,cyc0100,C1ch,5,735954.859023396,2.9184127,0.001031884899156359,314.07517099999995,98.67620878772155
Cell1:cyc0000->cyc0100,Cell1,cyc0000,cyc0100,C1ch,6,735954.85903497,2.9294808,0.001238271757843018,314.11260799999997,98.67620878772155
Cell1:cyc0000->cyc0100,Cell1,cyc0000,cyc0100,C1ch,7,735954.8590465442,2.9395864,0.0014446585316942,314.150046,98.67620878772155
Cell1:cyc0000->cyc0100,Cell1,cyc0000,cyc0100,C1ch,8,735954.8590581182,2.9491305,0.001651044127787272,314.17501699999997,98.67620878772155
Cell1:cyc0000->cyc0100,Cell1,cyc0000,cyc0100,C1ch,9,735954.8590696923,2.9579527,0.001857431064358181,314.11260799999997,98.67620878772155
Cell1:cyc0000->cyc0100,Cell1,cyc0000,cyc0100,C1ch,10,735954.8590812663,2.9666147,0.002063816524458144,314.16254999999995,98.67620878772155
Cell1:cyc0000->cyc0100,Cell1,cyc0000,cyc0100,C1ch,11,735954.8590928405,2.9746752,0.002270203566894531,314.13757899999996,98.67620878772155
Cell1:cyc0000->cyc0100,Cell1,cyc0000,cyc0100,C1ch,12,735954.8591044145,2.9820538,0.0024765905492451982,314.125075,98.67620878772155
Cell1:cyc0000->cyc0100,Cell1,cyc0000,cyc0100,C1ch,13,735954.8591159886,2.989192,0.002682975507046169,314.07517099999995,98.67620878772155
Cell1:cyc0000->cyc0100,Cell1,cyc0000,cyc0100,C1ch,14,735954.8591275626,2.9964101,0.0028893617203369143,314.062663,98.67620878772155
Cell1:cyc0000->cyc0100,Cell1,cyc0000,cyc0100,C1ch,15,735954.8591391367,3.0032675,0.0030957478114929204,314.125075,98.67620878772155
Cell1:cyc0000->cyc0100,Cell1,cyc0000,cyc0100,C1ch,16,735954.8591507107,3.0096035,0.0033021336038140192,314.07517099999995,98.67620878772155
Cell1:cyc0000->cyc0100,Cell1,cyc0000,cyc0100,C1ch,17,735954.8591622849,3.0158193,0.003508518862609864,314.062663,98.67620878772155
Cell1:cyc0000->cyc0100,Cell1,cyc0000,cyc0100,C1ch,18,735954.8591738589,3.0220752,0.003714905526506212,314.01276199999995,98.67620878772155
Cell1:cyc0000->cyc0100,Cell1,cyc0000,cyc0100,C1ch,19,735954.859185433,3.02789,0.003921291014957004,314.062663,98.67620878772155
Cell1:cyc0000->cyc0100,Cell1,cyc0000,cyc0100,C1ch,20,735954.8591970071,3.0338249,0.004127675580454508,314.05019599999997,98.67620878772155
Cell1:cyc0000->cyc0100,Cell1,cyc0000,cyc0100,C1ch,21,735954.8592085812,3.0391183,0.004334063886898465,314.05019599999997,98.67620878772155
Cell1:cyc0000->cyc0100,Cell1,cyc0000,cyc0100,C1ch,22,735954.8592201553,3.0444117,0.004540451496877034,314.11260799999997,98.67620878772155
Cell1:cyc0000->cyc0100,Cell1,cyc0000,cyc0100,C1ch,23,735954.8592317293,3.049665,0.0047468383252970365,314.087637,98.67620878772155
Cell1:cyc0000->cyc0100,Cell1,cyc0000,cyc0100,C1ch,24,735954.8592433034,3.0548382,0.0049532240771111395,314.087637,98.67620878772155
Cell1:cyc0000->cyc0100,Cell1,cyc0000,cyc0100,C1ch,25,735954.8592548774,3.0597305,0.005159608115525988,314.037695,98.67620878772155
Cell1:cyc0000->cyc0100,Cell1,cyc0000,cyc0100,C1ch,26,735954.8592664516,3.0648634,0.005365993248613146,314.087637,98.67620878772155
Cell1:cyc0000->cyc0100,Cell1,cyc0000,cyc0100,C1ch,27,735954.8592780256,3.0693147,0.005572378827250163,313.98778799999997,98.67620878772155
Cell1:cyc0000->cyc0100,Cell1,cyc0000,cyc0100,C1ch,28,735954.8592895997,3.0742071,0.005778762627298991,314.07517099999995,98.67620878772155
Cell1:cyc0000->cyc0100,Cell1,cyc0000,cyc0100,C1ch,29,735954.8593011737,3.0788589,0.005985147417378742,314.05019599999997,98.67620878772155
Cell1:cyc0000->cyc0100,Cell1,cyc0000,cyc0100,C1ch,30,735954.8593127478,3.08323,0.006191530803314209,314.02522899999997,98.67620878772155
Cell1:cyc0000->cyc0100,Cell1,cyc0000,cyc0100,C1ch,31,735954.8593243218,3.0877213,0.006397912878991021,314.037695,98.67620878772155
Cell1:cyc0000->cyc0100,Cell1,cyc0000,cyc0100,C1ch,32,735954.859335896,3.0919321,0.006604295635759142,314.05019599999997,98.67620878772155
Cell1:cyc0000->cyc0100,Cell1,cyc0000,cyc0100,C1ch,33,735954.8593474701,3.096343,0.006810677195285373,314.087637,98.67620878772155
Cell1:cyc0000->cyc0100,Cell1,cyc0000,cyc0100,C1ch,34,735954.8593590441,3.1001928,0.007017058251013861,313.962817,98.67620878772155
Cell1:cyc0000->cyc0100,Cell1,cyc0000,cyc0100,C1ch,35,735954.8593706182,3.1044436,0.007223438555270724,314.037695,98.67620878772155
Cell1:cyc0000->cyc0100,Cell1,cyc0000,cyc0100,C1ch,36,735954.8593821923,3.1084137,0.007429819914900037,313.95034999999996,98.67620878772155
Cell1:cyc0000->cyc0100,Cell1,cyc0000,cyc0100,C1ch,37,735954.8593937664,3.1125441,0.00763620333650038,314.01276199999995,98.67620878772155
Cell1:cyc0000->cyc0100,Cell1,cyc0000,cyc0100,C1ch,38,735954.8594053404,3.1163538,0.007842587290327285,314.037695,98.67620878772155
Cell1:cyc0000->cyc0100,Cell1,cyc0000,cyc0100,C1ch,39,735954.8594169145,3.120003,0.00804897311098904,314.100142,98.67620878772155
Cell1:cyc0000->cyc0100,Cell1,cyc0000,cyc0100,C1ch,40,735954.8594284885,3.1238928,0.008255358765533448,313.975283,98.67620878772155
Cell1:cyc0000->cyc0100,Cell1,cyc0000,cyc0100,C1ch,41,735954.8594400627,3.1275423,0.00846174314871555,314.02522899999997,98.67620878772155
Cell1:cyc0000->cyc0100,Cell1,cyc0000,cyc0100,C1ch,42,735954.8594516367,3.1313117,0.008668126814358182,313.975283,98.67620878772155
Cell1:cyc0000->cyc0100,Cell1,cyc0000,cyc0100,C1ch,43,735954.8594632108,3.1348004,0.008874510368448893,313.98778799999997,98.67620878772155
Cell1:cyc0000->cyc0100,Cell1,cyc0000,cyc0100,C1ch,44,735954.8594747848,3.138129,0.009080894967417399,313.95034999999996,98.67620878772155
Cell1:cyc0000->cyc0100,Cell1,cyc0000,cyc0100,C1ch,45,735954.8594863589,3.1418984,0.00928727935603502,314.01276199999995,98.67620878772155
Cell1:cyc0000->cyc0100,Cell1,cyc0000,cyc0100,C1ch,46,735954.8594979331,3.1451869,0.009493662970299615,313.98778799999997,98.67620878772155
Cell1:cyc0000->cyc0100,Cell1,cyc0000,cyc0100,C1ch,47,735954.8595095071,3.1485953,0.009700047417093913,313.95034999999996,98.67620878772155
Cell1:cyc0000->cyc0100,Cell1,cyc0000,cyc0100,C1ch,48,735954.8595210812,3.1520441,0.009906432930111354,313.962817,98.67620878772155
Cell1:cyc0000->cyc0100,Cell1,cyc0000,cyc0100,C1ch,49,735954.8595326552,3.1551321,0.01011281863053046,313.95034999999996,98.67620878772155
Cell1:cyc0000->cyc0100,Cell1,cyc0000,cyc0100,C1ch,50,735954.8595442293,3.1585004,0.01031920539027913,313.95034999999996,98.67620878772155
Cell1:cyc0000->cyc0100,Cell1,cyc0000,cyc0100,C1ch,51,735954.8595558034,3.1615081,0.010525589984035919,313.937846,98.67620878772155
Cell1:cyc0000->cyc0100,Cell1,cyc0000,cyc0100,C1ch,52,735954.8595673775,3.1648366,0.01073197413037448,313.962817,98.67620878772155
Cell1:cyc0000->cyc0100,Cell1,cyc0000,cyc0100,C1ch,53,735954.8595789515,3.1678843,0.01093835891321479,313.92537899999996,98.67620878772155
Cell1:cyc0000->cyc0100,Cell1,cyc0000,cyc0100,C1ch,54,735954.8595905256,3.1709321,0.01114474292530992,313.912875,98.67620878772155
Cell1:cyc0000->cyc0100,Cell1,cyc0000,cyc0100,C1ch,55,735954.8596020996,3.1738994,0.011351125337270099,313.88794199999995,98.67620878772155
Cell1:cyc0000->cyc0100,Cell1,cyc0000,cyc0100,C1ch,56,735954.8596136738,3.1769071,0.01155750778977119,314.02522899999997,98.67620878772155
Cell1:cyc0000->cyc0100,Cell1,cyc0000,cyc0100,C1ch,57,735954.8596252478,3.1797943,0.01176389052699788,313.92537899999996,98.67620878772155
Cell1:cyc0000->cyc0100,Cell1,cyc0000,cyc0100,C1ch,58,735954.8596368219,3.1831229,0.01197027436569553,313.92537899999996,98.67620878772155
Cell1:cyc0000->cyc0100,Cell1,cyc0000,cyc0100,C1ch,59,735954.859648396,3.1858096,0.01217665874567668,313.88794199999995,98.67620878772155
Cell1:cyc0000->cyc0100,Cell1,cyc0000,cyc0100,C1ch,60,735954.85965997,3.1889377,0.01238304431343926,313.92537899999996,98.67620878772155
Cell1:cyc0000->cyc0100,Cell1,cyc0000,cyc0100,C1ch,61,735954.8596715442,3.1914639,0.01258942843851047,313.83799999999997,98.67620878772155
Cell1:cyc0000->cyc0100,Cell1,cyc0000,cyc0100,C1ch,62,735954.8596831182,3.1945117,0.01279581227907308,313.850466,98.67620878772155
Cell1:cyc0000->cyc0100,Cell1,cyc0000,cyc0100,C1ch,63,735954.8596946923,3.1970382,0.01300219606477186,313.912875,98.67620878772155
Cell1:cyc0000->cyc0100,Cell1,cyc0000,cyc0100,C1ch,64,735954.8597062663,3.199805,0.01320858048521932,313.82553299999995,98.67620878772155
Cell1:cyc0000->cyc0100,Cell1,cyc0000,cyc0100,C1ch,65,735954.8597178404,3.2027326,0.013414964288438578,313.92537899999996,98.67620878772155
Cell1:cyc0000->cyc0100,Cell1,cyc0000,cyc0100,C1ch,66,735954.8597294145,3.2052588,0.013621348783131919,313.86297099999996,98.67620878772155
Cell1:cyc0000->cyc0100,Cell1,cyc0000,cyc0100,C1ch,67,735954.8597409886,3.2080259,0.01382773199758572,313.875437,98.67620878772155
Cell1:cyc0000->cyc0100,Cell1,cyc0000,cyc0100,C1ch,68,735954.8597525626,3.2107127,0.01403411416733805,313.813025,98.67620878772155
Cell1:cyc0000->cyc0100,Cell1,cyc0000,cyc0100,C1ch,69,735954.8597641367,3.2133994,0.014240498451646589,313.82553299999995,98.67620878772155
Cell1:cyc0000->cyc0100,Cell1,cyc0000,cyc0100,C1ch,70,735954.8597757107,3.2157655,0.01444688383188205,313.95034999999996,98.67620878772155
Cell1:cyc0000->cyc0100,Cell1,cyc0000,cyc0100,C1ch,71,735954.8597872849,3.218292,0.014653267753658722,313.82553299999995,98.67620878772155
Cell1:cyc0000->cyc0100,Cell1,cyc0000,cyc0100,C1ch,72,735954.859798859,3.2209787,0.01485964975170559,313.850466,98.67620878772155
Cell1:cyc0000->cyc0100,Cell1,cyc0000,cyc0100,C1ch,73,735954.859810433,3.2236254,0.01506603351793756,313.76312499999995,98.67620878772155
Cell1:cyc0000->cyc0100,Cell1,cyc0000,cyc0100,C1ch,74,735954.8598220071,3.2256706,0.01527241494502428,313.813025,98.67620878772155
Cell1:cyc0000->cyc0100,Cell1,cyc0000,cyc0100,C1ch,75,735954.8598335811,3.2285178,0.01547879619694349,313.88794199999995,98.67620878772155
Cell1:cyc0000->cyc0100,Cell1,cyc0000,cyc0100,C1ch,76,735954.8598451553,3.2311645,0.0156851772789917,313.90040799999997,98.67620878772155
Cell1:cyc0000->cyc0100,Cell1,cyc0000,cyc0100,C1ch,77,735954.8598567293,3.23333,0.0158915600781996,313.83799999999997,98.67620878772155
Cell1:cyc0000->cyc0100,Cell1,cyc0000,cyc0100,C1ch,78,735954.8598683034,3.2357361,0.01609794037176853,313.77559099999996,98.67620878772155
Cell1:cyc0000->cyc0100,Cell1,cyc0000,cyc0100,C1ch,79,735954.8598798774,3.2382624,0.01630432153540378,313.86297099999996,98.67620878772155
Cell1:cyc0000->cyc0100,Cell1,cyc0000,cyc0100,C1ch,80,735954.8598914515,3.2405884,0.01651070454131741,313.76312499999995,98.67620878772155
Cell1:cyc0000->cyc0100,Cell1,cyc0000,cyc0100,C1ch,81,735954.8599030256,3.2426736,0.01671708722376506,313.77559099999996,98.67620878772155
Cell1:cyc0000->cyc0100,Cell1,cyc0000,cyc0100,C1ch,82,735954.8599145997,3.2454004,0.01692346940945435,313.83799999999997,98.67620878772155
Cell1:cyc0000->cyc0100,Cell1,cyc0000,cyc0100,C1ch,83,735954.8599261737,3.247566,0.01712985062946574,313.82553299999995,98.67620878772155
Cell1:cyc0000->cyc0100,Cell1,cyc0000,cyc0100,C1ch,84,735954.8599377478,3.2496512,0.01733623129622735,313.813025,98.67620878772155
Cell1:cyc0000->cyc0100,Cell1,cyc0000,cyc0100,C1ch,85,735954.859949322,3.2521377,0.01754261426853773,313.77559099999996,98.67620878772155
Cell1:cyc0000->cyc0100,Cell1,cyc0000,cyc0100,C1ch,86,735954.859960896,3.2542629,0.01774899812308757,313.73814999999996,98.67620878772155
Cell1:cyc0000->cyc0100,Cell1,cyc0000,cyc0100,C1ch,87,735954.8599724701,3.2563081,0.01795538004862467,313.788058,98.67620878772155
Cell1:cyc0000->cyc0100,Cell1,cyc0000,cyc0100,C1ch,88,735954.8599840441,3.2586341,0.01816176362917752,313.813025,98.67620878772155
Cell1:cyc0000->cyc0100,Cell1,cyc0000,cyc0100,C1ch,89,735954.8599956182,3.2609599,0.018368147476823592,313.76312499999995,98.67620878772155
Cell1:cyc0000->cyc0100,Cell1,cyc0000,cyc0100,C1ch,90,735954.8600071922,3.2631655,0.01857452981809828,313.73814999999996,98.67620878772155
Cell1:cyc0000->cyc0100,Cell1,cyc0000,cyc0100,C1ch,91,735954.8600187664,3.2652507,0.01878091325013563,313.725645,98.67620878772155
Cell1:cyc0000->cyc0100,Cell1,cyc0000,cyc0100,C1ch,92,735954.8600303404,3.2674963,0.018987295495866568,313.77559099999996,98.67620878772155
Cell1:cyc0000->cyc0100,Cell1,cyc0000,cyc0100,C1ch,93,735954.8600419145,3.2694213,0.01919367523614841,313.788058,98.67620878772155
Cell1:cyc0000->cyc0100,Cell1,cyc0000,cyc0100,C1ch,94,735954.8600534885,3.271667,0.01940005674801975,313.76312499999995,98.67620878772155
Cell1:cyc0000->cyc0100,Cell1,cyc0000,cyc0100,C1ch,95,735954.8600650626,3.2737522,0.019606435735015873,313.76312499999995,98.67620878772155
Cell1:cyc0000->cyc0100,Cell1,cyc0000,cyc0100,C1ch,96,735954.8600766367,3.2759979,0.019812816677588573,313.80055799999997,98.67620878772155
Cell1:cyc0000->cyc0100,Cell1,cyc0000,cyc0100,C1ch,97,735954.8600882108,3.2778425,0.020019196285210508,313.663237,98.67620878772155
Cell1:cyc0000->cyc0100,Cell1,cyc0000,cyc0100,C1ch,98,735954.8600997849,3.2798879,0.02022557895339627,313.76312499999995,98.67620878772155
Cell1:cyc0000->cyc0100,Cell1,cyc0000,cyc0100,C1ch,99,735954.8601113589,3.2817326,0.02043196327654012,313.73814999999996,98.67620878772155
Cell1:cyc0000->cyc0100,Cell1,cyc0000,cyc0100,C1ch,100,735954.860122933,3.2840583,0.020638345741475418,313.725645,98.67620878772155
Cell1:cyc0000->cyc0100,Cell1,cyc0000,cyc0100,C1ch,101,735954.8601345071,3.2860234,0.020844728319566522,313.65077099999996,98.67620878772155
Cell1:cyc0000->cyc0100,Cell1,cyc0000,cyc0100,C1ch,102,735954.8601460812,3.2881086,0.02105111153390503,313.725645,98.67620878772155
Cell1:cyc0000->cyc0100,Cell1,cyc0000,cyc0100,C1ch,103,735954.8601576552,3.2899933,0.02125749664379883,313.80055799999997,98.67620878772155
Cell1:cyc0000->cyc0100,Cell1,cyc0000,cyc0100,C1ch,104,735954.8601692293,3.2918782,0.02146388061325751,313.70071299999995,98.67620878772155
Cell1:cyc0000->cyc0100,Cell1,cyc0000,cyc0100,C1ch,105,735954.8601808033,3.293803,0.02167026412672594,313.67574199999996,98.67620878772155
Cell1:cyc0000->cyc0100,Cell1,cyc0000,cyc0100,C1ch,106,735954.8601923775,3.2958081,0.02187664767349921,313.625796,98.67620878772155
Cell1:cyc0000->cyc0100,Cell1,cyc0000,cyc0100,C1ch,107,735954.8602039515,3.2977331,0.022083031533355713,313.80055799999997,98.67620878772155
Cell1:cyc0000->cyc0100,Cell1,cyc0000,cyc0100,C1ch,108,735954.8602155256,3.2994974,0.02228941715786065,313.725645,98.67620878772155
Cell1:cyc0000->cyc0100,Cell1,cyc0000,cyc0100,C1ch,109,735954.8602270996,3.3014624,0.02249579982775201,313.70071299999995,98.67620878772155
Cell1:cyc0000->cyc0100,Cell1,cyc0000,cyc0100,C1ch,110,735954.8602386737,3.3034275,0.02270218285843573,313.663237,98.67620878772155
Cell1:cyc0000->cyc0100,Cell1,cyc0000,cyc0100,C1ch,111,735954.8602502479,3.3053522,0.02290856552492608,313.67574199999996,98.67620878772155
Cell1:cyc0000->cyc0100,Cell1,cyc0000,cyc0100,C1ch,112,735954.8602618219,3.3072371,0.02311494582201131,313.71317899999997,98.67620878772155
Cell1:cyc0000->cyc0100,Cell1,cyc0000,cyc0100,C1ch,113,735954.860273396,3.3089614,0.023321326126359728,313.688208,98.67620878772155
Cell1:cyc0000->cyc0100,Cell1,cyc0000,cyc0100,C1ch,114,735954.86028497,3.3110065,0.02352770772845459,313.65077099999996,98.67620878772155
Cell1:cyc0000->cyc0100,Cell1,cyc0000,cyc0100,C1ch,115,735954.8602965442,3.3125305,0.02373408943484158,313.663237,98.67620878772155
Cell1:cyc0000->cyc0100,Cell1,cyc0000,cyc0100,C1ch,116,735954.8603081182,3.3143752,0.0239404729533861,313.71317899999997,98.67620878772155
Cell1:cyc0000->cyc0100,Cell1,cyc0000,cyc0100,C1ch,117,735954.8603196923,3.3160994,0.024146856521714947,313.61332899999996,98.67620878772155
Cell1:cyc0000->cyc0100,Cell1,cyc0000,cyc0100,C1ch,118,735954.8603312663,3.3180645,0.02435323947809177,313.663237,98.67620878772155
Cell1:cyc0000->cyc0100,Cell1,cyc0000,cyc0100,C1ch,119,735954.8603428404,3.3197486,0.024559623658033578,313.63830399999995,98.67620878772155
Cell1:cyc0000->cyc0100,Cell1,cyc0000,cyc0100,C1ch,120,735954.8603544144,3.3214731,0.02476600803074476,313.725645,98.67620878772155
Cell1:cyc0000->cyc0100,Cell1,cyc0000,cyc0100,C1ch,121,735954.8603659886,3.3233979,0.02497239237338935,313.663237,98.67620878772155
Cell1:cyc0000->cyc0100,Cell1,cyc0000,cyc0100,C1ch,122,735954.8603775626,3.3252025,0.0251787749408332,313.63830399999995,98.67620878772155
Cell1:cyc0000->cyc0100,Cell1,cyc0000,cyc0100,C1ch,123,735954.8603891367,3.3268466,0.02538515626180013,313.63830399999995,98.67620878772155
Cell1:cyc0000->cyc0100,Cell1,cyc0000,cyc0100,C1ch,124,735954.8604007108,3.3285711,0.02559153745377943,313.61332899999996,98.67620878772155
Cell1:cyc0000->cyc0100,Cell1,cyc0000,cyc0100,C1ch,125,735954.8604122848,3.3302953,0.025797920337646482,313.688208,98.67620878772155
Cell1:cyc0000->cyc0100,Cell1,cyc0000,cyc0100,C1ch,126,735954.860423859,3.3322203,0.02600430254959446,313.663237,98.67620878772155
Cell1:cyc0000->cyc0100,Cell1,cyc0000,cyc0100,C1ch,127,735954.860435433,3.3335838,0.02621068498959351,313.65077099999996,98.67620878772155
Cell1:cyc0000->cyc0100,Cell1,cyc0000,cyc0100,C1ch,128,735954.8604470071,3.3354685,0.02641706927737766,313.663237,98.67620878772155
Cell1:cyc0000->cyc0100,Cell1,cyc0000,cyc0100,C1ch,129,735954.8604585811,3.3372331,0.02662345052405463,313.61332899999996,98.67620878772155
Cell1:cyc0000->cyc0100,Cell1,cyc0000,cyc0100,C1ch,130,735954.8604701553,3.3385162,0.026829834064025882,313.61332899999996,98.67620878772155
Cell1:cyc0000->cyc0100,Cell1,cyc0000,cyc0100,C1ch,131,735954.8604817293,3.3404412,0.027036218859412302,313.575896,98.67620878772155
Cell1:cyc0000->cyc0100,Cell1,cyc0000,cyc0100,C1ch,132,735954.8604933034,3.341965,0.027242602347991952,313.61332899999996,98.67620878772155
Cell1:cyc0000->cyc0100,Cell1,cyc0000,cyc0100,C1ch,133,735954.8605048774,3.3434889,0.02744898547409396,313.625796,98.67620878772155
Cell1:cyc0000->cyc0100,Cell1,cyc0000,cyc0100,C1ch,134,735954.8605164515,3.3450527,0.02765536794787259,313.600829,98.67620878772155
Cell1:cyc0000->cyc0100,Cell1,cyc0000,cyc0100,C1ch,135,735954.8605280255,3.3470178,0.02786175159753757,313.575896,98.67620878772155
Cell1:cyc0000->cyc0100,Cell1,cyc0000,cyc0100,C1ch,136,735954.8605395997,3.3485014,0.02806813294309828,313.625796,98.67620878772155
Cell1:cyc0000->cyc0100,Cell1,cyc0000,cyc0100,C1ch,137,735954.8605511738,3.3499451,0.028274514179128008,313.600829,98.67620878772155
Cell1:cyc0000->cyc0100,Cell1,cyc0000,cyc0100,C1ch,138,735954.8605627478,3.3515091,0.028480897485592307,313.58836199999996,98.67620878772155
Cell1:cyc0000->cyc0100,Cell1,cyc0000,cyc0100,C1ch,139,735954.8605743219,3.3530331,0.028687281563140873,313.58836199999996,98.67620878772155
Cell1:cyc0000->cyc0100,Cell1,cyc0000,cyc0100,C1ch,140,735954.860585896,3.3548377,0.02889366618691339,313.538416,98.67620878772155
Cell1:cyc0000->cyc0100,Cell1,cyc0000,cyc0100,C1ch,141,735954.8605974701,3.3562009,0.029100051703430177,313.51348299999995,98.67620878772155
Cell1:cyc0000->cyc0100,Cell1,cyc0000,cyc0100,C1ch,142,735954.8606090441,3.3579655,0.02930643517423842,313.58836199999996,98.67620878772155
Cell1:cyc0000->cyc0100,Cell1,cyc0000,cyc0100,C1ch,143,735954.8606206182,3.3595695,0.029512819660102,313.58836199999996,98.67620878772155
Cell1:cyc0000->cyc0100,Cell1,cyc0000,cyc0100,C1ch,144,735954.8606321922,3.3609331,0.02971920461973741,313.58836199999996,98.67620878772155
Cell1:cyc0000->cyc0100,Cell1,cyc0000,cyc0100,C1ch,145,735954.8606437664,3.3626173,0.02992558668145412,313.625796,98.67620878772155
Cell1:cyc0000->cyc0100,Cell1,cyc0000,cyc0100,C1ch,146,735954.8606553404,3.3640208,0.030131972827643502,313.63830399999995,98.67620878772155
Cell1:cyc0000->cyc0100,Cell1,cyc0000,cyc0100,C1ch,147,735954.8606669145,3.3655446,0.03033835706945462,313.52594999999997,98.67620878772155
Cell1:cyc0000->cyc0100,Cell1,cyc0000,cyc0100,C1ch,148,735954.8606784885,3.3669481,0.03054474035827976,313.55092099999996,98.67620878772155
Cell1:cyc0000->cyc0100,Cell1,cyc0000,cyc0100,C1ch,149,735954.8606900626,3.368432,0.03075112444986301,313.55092099999996,98.67620878772155
Cell1:cyc0000->cyc0100,Cell1,cyc0000,cyc0100,C1ch,150,735954.8607016368,3.3699157,0.030957507360405808,313.538416,98.67620878772155
Cell1:cyc0000->cyc0100,Cell1,cyc0000,cyc0100,C1ch,151,735954.8607132108,3.3713994,0.031163891743550623,313.600829,98.67620878772155
Cell1:cyc0000->cyc0100,Cell1,cyc0000,cyc0100,C1ch,152,735954.8607247849,3.3730435,0.03137027810698445,313.51348299999995,98.67620878772155
Cell1:cyc0000->cyc0100,Cell1,cyc0000,cyc0100,C1ch,153,735954.8607363589,3.374728,0.03157666550657145,313.538416,98.67620878772155
Cell1:cyc0000->cyc0100,Cell1,cyc0000,cyc0100,C1ch,154,735954.860747933,3.3757305,0.031783051919569226,313.51348299999995,98.67620878772155
Cell1:cyc0000->cyc0100,Cell1,cyc0000,cyc0100,C1ch,155,735954.860759507,3.3772943,0.03198943791712443,313.61332899999996,98.67620878772155
Cell1:cyc0000->cyc0100,Cell1,cyc0000,cyc0100,C1ch,156,735954.8607710812,3.3787382,0.03219582208826023,313.563387,98.67620878772155
Cell1:cyc0000->cyc0100,Cell1,cyc0000,cyc0100,C1ch,157,735954.8607826552,3.3801818,0.032402207371385355,313.55092099999996,98.67620878772155
Cell1:cyc0000->cyc0100,Cell1,cyc0000,cyc0100,C1ch,158,735954.8607942293,3.3815451,0.032608593537051735,313.51348299999995,98.67620878772155
Cell1:cyc0000->cyc0100,Cell1,cyc0000,cyc0100,C1ch,159,735954.8608058033,3.3831091,0.03281498042198689,313.538416,98.67620878772155
Cell1:cyc0000->cyc0100,Cell1,cyc0000,cyc0100,C1ch,160,735954.8608173775,3.3843923,0.033021368877288806,313.61332899999996,98.67620878772155
Cell1:cyc0000->cyc0100,Cell1,cyc0000,cyc0100,C1ch,161,735954.8608289515,3.3859162,0.033227756328084314,313.55092099999996,98.67620878772155
Cell1:cyc0000->cyc0100,Cell1,cyc0000,cyc0100,C1ch,162,735954.8608405256,3.3871593,0.03343414303986274,313.500979,98.67620878772155
Cell1:cyc0000->cyc0100,Cell1,cyc0000,cyc0100,C1ch,163,735954.8608520997,3.3884828,0.033640531143378366,313.538416,98.67620878772155
Cell1:cyc0000->cyc0100,Cell1,cyc0000,cyc0100,C1ch,164,735954.8608636737,3.390167,0.03384692121813287,313.58836199999996,98.67620878772155
Cell1:cyc0000->cyc0100,Cell1,cyc0000,cyc0100,C1ch,165,735954.8608752479,3.39133,0.03405330832256741,313.51348299999995,98.67620878772155
Cell1:cyc0000->cyc0100,Cell1,cyc0000,cyc0100,C1ch,166,735954.8608868219,3.3926933,0.034259696256073,313.48851199999996,98.67620878772155
Cell1:cyc0000->cyc0100,Cell1,cyc0000,cyc0100,C1ch,167,735954.860898396,3.3938963,0.03446608263191732,313.51348299999995,98.67620878772155
Cell1:cyc0000->cyc0100,Cell1,cyc0000,cyc0100,C1ch,168,735954.86090997,3.3952198,0.034672467808959974,313.500979,98.67620878772155
Cell1:cyc0000->cyc0100,Cell1,cyc0000,cyc0100,C1ch,169,735954.8609215441,3.3965833,0.03487885221889242,313.51348299999995,98.67620878772155
Cell1:cyc0000->cyc0100,Cell1,cyc0000,cyc0100,C1ch,170,735954.8609331182,3.3981471,0.03508523977573649,313.36369199999996,98.67620878772155
Cell1:cyc0000->cyc0100,Cell1,cyc0000,cyc0100,C1ch,171,735954.8609446923,3.3992701,0.03529162520403036,313.538416,98.67620878772155
Cell1:cyc0000->cyc0100,Cell1,cyc0000,cyc0100,C1ch,172,735954.8609562663,3.4007537,0.03549801181154038,313.500979,98.67620878772155
Cell1:cyc0000->cyc0100,Cell1,cyc0000,cyc0100,C1ch,173,735954.8609678404,3.4020772,0.03570439690911865,313.46354099999996,98.67620878772155
Cell1:cyc0000->cyc0100,Cell1,cyc0000,cyc0100,C1ch,174,735954.8609794144,3.4034808,0.035910780673428004,313.46354099999996,98.67620878772155
Cell1:cyc0000->cyc0100,Cell1,cyc0000,cyc0100,C1ch,175,735954.8609909886,3.4046435,0.036117167139553485,313.51348299999995,98.67620878772155
Cell1:cyc0000->cyc0100,Cell1,cyc0000,cyc0100,C1ch,176,735954.8610025627,3.4060874,0.036323552235382084,313.476008,98.67620878772155
Cell1:cyc0000->cyc0100,Cell1,cyc0000,cyc0100,C1ch,177,735954.8610141367,3.4074507,0.03652993744618056,313.46354099999996,98.67620878772155
Cell1:cyc0000->cyc0100,Cell1,cyc0000,cyc0100,C1ch,178,735954.8610257108,3.4083731,0.036736325383280435,313.48851199999996,98.67620878772155
Cell1:cyc0000->cyc0100,Cell1,cyc0000,cyc0100,C1ch,179,735954.8610372848,3.4099371,0.03694271457239787,313.476008,98.67620878772155
Cell1:cyc0000->cyc0100,Cell1,cyc0000,cyc0100,C1ch,180,735954.861048859,3.4109797,0.037149102917843284,313.43856999999997,98.67620878772155
Cell1:cyc0000->cyc0100,Cell1,cyc0000,cyc0100,C1ch,181,735954.861060433,3.4124634,0.03735549037765503,313.451033,98.67620878772155
Cell1:cyc0000->cyc0100,Cell1,cyc0000,cyc0100,C1ch,182,735954.8610720071,3.413466,0.037561876794250486,313.500979,98.67620878772155
Cell1:cyc0000->cyc0100,Cell1,cyc0000,cyc0100,C1ch,183,735954.8610835811,3.4150701,0.03776826389689467,313.43856999999997,98.67620878772155
Cell1:cyc0000->cyc0100,Cell1,cyc0000,cyc0100,C1ch,184,735954.8610951552,3.4162731,0.037974651225640185,313.42610399999995,98.67620878772155
Cell1:cyc0000->cyc0100,Cell1,cyc0000,cyc0100,C1ch,185,735954.8611067293,3.4175563,0.03818103692949422,313.46354099999996,98.67620878772155
Cell1:cyc0000->cyc0100,Cell1,cyc0000,cyc0100,C1ch,186,735954.8611183034,3.4186792,0.03838742428493245,313.476008,98.67620878772155
Cell1:cyc0000->cyc0100,Cell1,cyc0000,cyc0100,C1ch,187,735954.8611298774,3.4197619,0.03859381170226711,313.46354099999996,98.67620878772155
Cell1:cyc0000->cyc0100,Cell1,cyc0000,cyc0100,C1ch,188,735954.8611414515,3.4211655,0.038800197623799645,313.476008,98.67620878772155
Cell1:cyc0000->cyc0100,Cell1,cyc0000,cyc0100,C1ch,189,735954.8611530256,3.422529,0.03900658270718045,313.40113299999996,98.67620878772155
Cell1:cyc0000->cyc0100,Cell1,cyc0000,cyc0100,C1ch,190,735954.8611645997,3.4236116,0.03921296978169759,313.388625,98.67620878772155
Cell1:cyc0000->cyc0100,Cell1,cyc0000,cyc0100,C1ch,191,735954.8611761738,3.4247346,0.039419356302792016,313.451033,98.67620878772155
Cell1:cyc0000->cyc0100,Cell1,cyc0000,cyc0100,C1ch,192,735954.8611877478,3.4259777,0.03962574316495091,313.48851199999996,98.67620878772155
Cell1:cyc0000->cyc0100,Cell1,cyc0000,cyc0100,C1ch,193,735954.8611993219,3.4270203,0.0398321295937534,313.43856999999997,98.67620878772155
Cell1:cyc0000->cyc0100,Cell1,cyc0000,cyc0100,C1ch,194,735954.8612108959,3.4284639,0.0400385160155877,313.476008,98.67620878772155
Cell1:cyc0000->cyc0100,Cell1,cyc0000,cyc0100,C1ch,195,735954.8612224701,3.4295466,0.04024490559350586,313.413599,98.67620878772155
Cell1:cyc0000->cyc0100,Cell1,cyc0000,cyc0100,C1ch,196,735954.8612340441,3.4306695,0.04045129355549791,313.575896,98.67620878772155
Cell1:cyc0000->cyc0100,Cell1,cyc0000,cyc0100,C1ch,197,735954.8612456182,3.4317522,0.04065768003931681,313.43856999999997,98.67620878772155
Cell1:cyc0000->cyc0100,Cell1,cyc0000,cyc0100,C1ch,198,735954.8612571922,3.4331558,0.04086406650175985,313.43856999999997,98.67620878772155
Cell1:cyc0000->cyc0100,Cell1,cyc0000,cyc0100,C1ch,199,735954.8612687663,3.4344792,0.04107045357426621,313.42610399999995,98.67620878772155
Cell1:cyc0000->cyc0100,Cell1,cyc0000,cyc0100,C1ch,200,735954.8612803404,3.4355218,0.04127683995546468,313.46354099999996,98.67620878772155
Cell1:cyc0000->cyc0100,Cell1,cyc0000,cyc0100,C1ch,201,735954.8612919145,3.436765,0.04148322543496026,313.40113299999996,98.67620878772155
Cell1:cyc0000->cyc0100,Cell1,cyc0000,cyc0100,C1ch,202,735954.8613034885,3.4376471,0.04168961050603909,313.46354099999996,98.67620878772155
Cell1:cyc0000->cyc0100,Cell1,cyc0000,cyc0100,C1ch,203,735954.8613150626,3.4388905,0.04189599477431234,313.48851199999996,98.67620878772155
Cell1:cyc0000->cyc0100,Cell1,cyc0000,cyc0100,C1ch,204,735954.8613266367,3.4399731,0.04210237980628119,313.388625,98.67620878772155
Cell1:cyc0000->cyc0100,Cell1,cyc0000,cyc0100,C1ch,205,735954.8613382108,3.4410958,0.04230876580216472,313.36369199999996,98.67620878772155
Cell1:cyc0000->cyc0100,Cell1,cyc0000,cyc0100,C1ch,206,735954.8613497849,3.4423392,0.04251515149184163,313.43856999999997,98.67620878772155
Cell1:cyc0000->cyc0100,Cell1,cyc0000,cyc0100,C1ch,207,735954.8613613589,3.4433014,0.04272153368261041,313.388625,98.67620878772155
Cell1:cyc0000->cyc0100,Cell1,cyc0000,cyc0100,C1ch,208,735954.861372933,3.4445045,0.04292791776008775,313.413599,98.67620878772155
Cell1:cyc0000->cyc0100,Cell1,cyc0000,cyc0100,C1ch,209,735954.861384507,3.4457076,0.04313430112833997,313.42610399999995,98.67620878772155
Cell1:cyc0000->cyc0100,Cell1,cyc0000,cyc0100,C1ch,210,735954.8613960812,3.4468305,0.04334068567242431,313.33872099999996,98.67620878772155
Cell1:cyc0000->cyc0100,Cell1,cyc0000,cyc0100,C1ch,211,735954.8614076552,3.4477928,0.04354707086028374,313.42610399999995,98.67620878772155
Cell1:cyc0000->cyc0100,Cell1,cyc0000,cyc0100,C1ch,212,735954.8614192293,3.4489157,0.0437534578462694,313.413599,98.67620878772155
Cell1:cyc0000->cyc0100,Cell1,cyc0000,cyc0100,C1ch,213,735954.8614308033,3.4502792,0.043959844422132695,313.388625,98.67620878772155
Cell1:cyc0000->cyc0100,Cell1,cyc0000,cyc0100,C1ch,214,735954.8614423774,3.451442,0.04416622958872817,313.351187,98.67620878772155
Cell1:cyc0000->cyc0100,Cell1,cyc0000,cyc0100,C1ch,215,735954.8614539515,3.4524848,0.04437261259639825,313.351187,98.67620878772155
Cell1:cyc0000->cyc0100,Cell1,cyc0000,cyc0100,C1ch,216,735954.8614655256,3.453367,0.04457899700633748,313.388625,98.67620878772155
Cell1:cyc0000->cyc0100,Cell1,cyc0000,cyc0100,C1ch,217,735954.8614770997,3.4544497,0.04478538087684461,313.388625,98.67620878772155
Cell1:cyc0000->cyc0100,Cell1,cyc0000,cyc0100,C1ch,218,735954.8614886737,3.4558132,0.04499176433538819,313.36369199999996,98.67620878772155
Cell1:cyc0000->cyc0100,Cell1,cyc0000,cyc0100,C1ch,219,735954.8615002478,3.4565351,0.04519814731475151,313.33872099999996,98.67620878772155
Cell1:cyc0000->cyc0100,Cell1,cyc0000,cyc0100,C1ch,220,735954.8615118219,3.4576178,0.0454045302233039,313.351187,98.67620878772155
Cell1:cyc0000->cyc0100,Cell1,cyc0000,cyc0100,C1ch,221,735954.861523396,3.4586604,0.045610911501800536,313.33872099999996,98.67620878772155
Cell1:cyc0000->cyc0100,Cell1,cyc0000,cyc0100,C1ch,222,735954.86153497,3.4598234,0.04581729333004083,313.326216,98.67620878772155
Cell1:cyc0000->cyc0100,Cell1,cyc0000,cyc0100,C1ch,223,735954.8615465441,3.4607859,0.04602367488629828,313.40113299999996,98.67620878772155
Cell1:cyc0000->cyc0100,Cell1,cyc0000,cyc0100,C1ch,224,735954.8615581181,3.4618685,0.04623005662258572,313.33872099999996,98.67620878772155
Cell1:cyc0000->cyc0100,Cell1,cyc0000,cyc0100,C1ch,225,735954.8615696923,3.4628711,0.04643643914944118,313.413599,98.67620878772155
Cell1:cyc0000->cyc0100,Cell1,cyc0000,cyc0100,C1ch,226,735954.8615812663,3.4639137,0.046642822678883866,313.31374999999997,98.67620878772155
Cell1:cyc0000->cyc0100,Cell1,cyc0000,cyc0100,C1ch,227,735954.8615928404,3.4651568,0.04684920556644694,313.326216,98.67620878772155
Cell1:cyc0000->cyc0100,Cell1,cyc0000,cyc0100,C1ch,228,735954.8616044144,3.4661593,0.04705558829622735,313.388625,98.67620878772155
Cell1:cyc0000->cyc0100,Cell1,cyc0000,cyc0100,C1ch,229,735954.8616159885,3.467242,0.04726197101931424,313.351187,98.67620878772155
Cell1:cyc0000->cyc0100,Cell1,cyc0000,cyc0100,C1ch,230,735954.8616275627,3.468365,0.04746835328275892,313.326216,98.67620878772155
Cell1:cyc0000->cyc0100,Cell1,cyc0000,cyc0100,C1ch,231,735954.8616391367,3.4693274,0.047674735788269036,313.351187,98.67620878772155
Cell1:cyc0000->cyc0100,Cell1,cyc0000,cyc0100,C1ch,232,735954.8616507108,3.4703701,0.047881118108286526,313.388625,98.67620878772155
Cell1:cyc0000->cyc0100,Cell1,cyc0000,cyc0100,C1ch,233,735954.8616622848,3.4711721,0.04808749998275756,313.31374999999997,98.67620878772155
Cell1:cyc0000->cyc0100,Cell1,cyc0000,cyc0100,C1ch,234,735954.861673859,3.4722548,0.04829388340430026,313.40113299999996,98.67620878772155
Cell1:cyc0000->cyc0100,Cell1,cyc0000,cyc0100,C1ch,235,735954.861685433,3.4730568,0.04850026780180189,313.33872099999996,98.67620878772155
Cell1:cyc0000->cyc0100,Cell1,cyc0000,cyc0100,C1ch,236,735954.8616970071,3.4739792,0.04870665065210639,313.25134099999997,98.67620878772155
Cell1:cyc0000->cyc0100,Cell1,cyc0000,cyc0100,C1ch,237,735954.8617085811,3.4751823,0.04891303601132541,313.40113299999996,98.67620878772155
Cell1:cyc0000->cyc0100,Cell1,cyc0000,cyc0100,C1ch,238,735954.8617201552,3.475944,0.049119419858540854,313.36369199999996,98.67620878772155
Cell1:cyc0000->cyc0100,Cell1,cyc0000,cyc0100,C1ch,239,735954.8617317292,3.4771471,0.04932580265959676,313.36369199999996,98.67620878772155
Cell1:cyc0000->cyc0100,Cell1,cyc0000,cyc0100,C1ch,240,735954.8617433034,3.4782701,0.04953218450922308,313.31374999999997,98.67620878772155
Cell1:cyc0000->cyc0100,Cell1,cyc0000,cyc0100,C1ch,241,735954.8617548774,3.4789116,0.0497385670252889,313.33872099999996,98.67620878772155
Cell1:cyc0000->cyc0100,Cell1,cyc0000,cyc0100,C1ch,242,735954.8617664515,3.4800346,0.0499449507438185,313.31374999999997,98.67620878772155
Cell1:cyc0000->cyc0100,Cell1,cyc0000,cyc0100,C1ch,243,735954.8617780256,3.4810371,0.05015133600764296,313.351187,98.67620878772155
Cell1:cyc0000->cyc0100,Cell1,cyc0000,cyc0100,C1ch,244,735954.8617895996,3.4819193,0.05035772285396321,313.326216,98.67620878772155
Cell1:cyc0000->cyc0100,Cell1,cyc0000,cyc0100,C1ch,245,735954.8618011738,3.483042,0.050564107916225856,313.27631199999996,98.67620878772155
Cell1:cyc0000->cyc0100,Cell1,cyc0000,cyc0100,C1ch,246,735954.8618127478,3.4840045,0.05077049291834513,313.31374999999997,98.67620878772155
Cell1:cyc0000->cyc0100,Cell1,cyc0000,cyc0100,C1ch,247,735954.8618243219,3.484566,0.0509768777932841,313.33872099999996,98.67620878772155
Cell1:cyc0000->cyc0100,Cell1,cyc0000,cyc0100,C1ch,248,735954.8618358959,3.4858091,0.05118326340886773,313.351187,98.67620878772155
Cell1:cyc0000->cyc0100,Cell1,cyc0000,cyc0100,C1ch,249,735954.86184747,3.4866915,0.05138964562635295,313.326216,98.67620878772155
Cell1:cyc0000->cyc0100,Cell1,cyc0000,cyc0100,C1ch,250,735954.8618590441,3.4876938,0.051596026731563986,313.33872099999996,98.67620878772155
Cell1:cyc0000->cyc0100,Cell1,cyc0000,cyc0100,C1ch,251,735954.8618706182,3.4884958,0.05180241192638821,313.351187,98.67620878772155
Cell1:cyc0000->cyc0100,Cell1,cyc0000,cyc0100,C1ch,252,735954.8618821922,3.4894583,0.052008797284044055,313.326216,98.67620878772155
Cell1:cyc0000->cyc0100,Cell1,cyc0000,cyc0100,C1ch,253,735954.8618937663,3.4903808,0.05221518018380737,313.30128299999996,98.67620878772155
Cell1:cyc0000->cyc0100,Cell1,cyc0000,cyc0100,C1ch,254,735954.8619053403,3.4912229,0.0524215634036221,313.33872099999996,98.67620878772155
Cell1:cyc0000->cyc0100,Cell1,cyc0000,cyc0100,C1ch,255,735954.8619169145,3.4921451,0.052627946215243866,313.31374999999997,98.67620878772155
Cell1:cyc0000->cyc0100,Cell1,cyc0000,cyc0100,C1ch,256,735954.8619284886,3.493268,0.052834328363779715,313.30128299999996,98.67620878772155
Cell1:cyc0000->cyc0100,Cell1,cyc0000,cyc0100,C1ch,257,735954.8619400626,3.4941905,0.053040710391910134,313.263808,98.67620878772155
Cell1:cyc0000->cyc0100,Cell1,cyc0000,cyc0100,C1ch,258,735954.8619516367,3.4949522,0.05324709394962565,313.27631199999996,98.67620878772155
Cell1:cyc0000->cyc0100,Cell1,cyc0000,cyc0100,C1ch,259,735954.8619632107,3.4957142,0.05345347875534058,313.25134099999997,98.67620878772155
Cell1:cyc0000->cyc0100,Cell1,cyc0000,cyc0100,C1ch,260,735954.8619747849,3.4966767,0.053659862465026846,313.326216,98.67620878772155
Cell1:cyc0000->cyc0100,Cell1,cyc0000,cyc0100,C1ch,261,735954.8619863589,3.4973984,0.05386624695974053,313.36369199999996,98.67620878772155
Cell1:cyc0000->cyc0100,Cell1,cyc0000,cyc0100,C1ch,262,735954.861997933,3.4984813,0.05407262996929932,313.22637,98.67620878772155
Cell1:cyc0000->cyc0100,Cell1,cyc0000,cyc0100,C1ch,263,735954.862009507,3.4993634,0.05427901530724758,313.30128299999996,98.67620878772155
Cell1:cyc0000->cyc0100,Cell1,cyc0000,cyc0100,C1ch,264,735954.8620210811,3.500005,0.05448540048799981,313.326216,98.67620878772155
Cell1:cyc0000->cyc0100,Cell1,cyc0000,cyc0100,C1ch,265,735954.8620326552,3.5012081,0.054691785594407835,313.201395,98.67620878772155
Cell1:cyc0000->cyc0100,Cell1,cyc0000,cyc0100,C1ch,266,735954.8620442293,3.5021706,0.05489816968948364,313.31374999999997,98.67620878772155
Cell1:cyc0000->cyc0100,Cell1,cyc0000,cyc0100,C1ch,267,735954.8620558033,3.5028522,0.05510455440718926,313.351187,98.67620878772155
Cell1:cyc0000->cyc0100,Cell1,cyc0000,cyc0100,C1ch,268,735954.8620673774,3.5036542,0.05531094030961779,313.27631199999996,98.67620878772155
Cell1:cyc0000->cyc0100,Cell1,cyc0000,cyc0100,C1ch,269,735954.8620789516,3.5045366,0.055517324698384614,313.263808,98.67620878772155
Cell1:cyc0000->cyc0100,Cell1,cyc0000,cyc0100,C1ch,270,735954.8620905256,3.5052984,0.05572370782803684,313.263808,98.67620878772155
Cell1:cyc0000->cyc0100,Cell1,cyc0000,cyc0100,C1ch,271,735954.8621020997,3.5061808,0.055930088774122436,313.263808,98.67620878772155
Cell1:cyc0000->cyc0100,Cell1,cyc0000,cyc0100,C1ch,272,735954.8621136737,3.5070229,0.056136471767764616,313.25134099999997,98.67620878772155
Cell1:cyc0000->cyc0100,Cell1,cyc0000,cyc0100,C1ch,273,735954.8621252478,3.507865,0.05634285600782267,313.25134099999997,98.67620878772155
Cell1:cyc0000->cyc0100,Cell1,cyc0000,cyc0100,C1ch,274,735954.8621368218,3.5087471,0.05654924171547105,313.201395,98.67620878772155
Cell1:cyc0000->cyc0100,Cell1,cyc0000,cyc0100,C1ch,275,735954.862148396,3.5093086,0.05675563044109768,313.22637,98.67620878772155
Cell1:cyc0000->cyc0100,Cell1,cyc0000,cyc0100,C1ch,276,735954.86215997,3.5105116,0.05696201789227973,313.263808,98.67620878772155
Cell1:cyc0000->cyc0100,Cell1,cyc0000,cyc0100,C1ch,277,735954.8621715441,3.5110731,0.05716840328511556,313.30128299999996,98.67620878772155
Cell1:cyc0000->cyc0100,Cell1,cyc0000,cyc0100,C1ch,278,735954.8621831181,3.5116346,0.05737478978133138,313.238875,98.67620878772155
Cell1:cyc0000->cyc0100,Cell1,cyc0000,cyc0100,C1ch,279,735954.8621946923,3.5126772,0.05758117726401096,313.25134099999997,98.67620878772155
Cell1:cyc0000->cyc0100,Cell1,cyc0000,cyc0100,C1ch,280,735954.8622062663,3.5133588,0.057787564246327715,313.27631199999996,98.67620878772155
Cell1:cyc0000->cyc0100,Cell1,cyc0000,cyc0100,C1ch,281,735954.8622178404,3.5141609,0.05799394684204102,313.201395,98.67620878772155
Cell1:cyc0000->cyc0100,Cell1,cyc0000,cyc0100,C1ch,282,735954.8622294145,3.5148425,0.05820033242572361,313.25134099999997,98.67620878772155
Cell1:cyc0000->cyc0100,Cell1,cyc0000,cyc0100,C1ch,283,735954.8622409885,3.5156045,0.058406718792795805,313.288779,98.67620878772155
Cell1:cyc0000->cyc0100,Cell1,cyc0000,cyc0100,C1ch,284,735954.8622525627,3.5165269,0.05861310454100206,313.30128299999996,98.67620878772155
Cell1:cyc0000->cyc0100,Cell1,cyc0000,cyc0100,C1ch,285,735954.8622641367,3.517369,0.05881949103205024,313.30128299999996,98.67620878772155
Cell1:cyc0000->cyc0100,Cell1,cyc0000,cyc0100,C1ch,286,735954.8622757108,3.5178905,0.059025877559895835,313.326216,98.67620878772155
Cell1:cyc0000->cyc0100,Cell1,cyc0000,cyc0100,C1ch,287,735954.8622872848,3.5186923,0.059232260680657275,313.188929,98.67620878772155
Cell1:cyc0000->cyc0100,Cell1,cyc0000,cyc0100,C1ch,288,735954.8622988589,3.5192137,0.059438643935869,313.201395,98.67620878772155
Cell1:cyc0000->cyc0100,Cell1,cyc0000,cyc0100,C1ch,289,735954.862310433,3.5199356,0.05964502756791517,313.21390399999996,98.67620878772155
Cell1:cyc0000->cyc0100,Cell1,cyc0000,cyc0100,C1ch,290,735954.8623220071,3.5206172,0.0598514135900506,313.25134099999997,98.67620878772155
Cell1:cyc0000->cyc0100,Cell1,cyc0000,cyc0100,C1ch,291,735954.8623335811,3.5213392,0.06005779827213202,313.30128299999996,98.67620878772155
Cell1:cyc0000->cyc0100,Cell1,cyc0000,cyc0100,C1ch,292,735954.8623451552,3.5217803,0.06026418324783325,313.21390399999996,98.67620878772155
Cell1:cyc0000->cyc0100,Cell1,cyc0000,cyc0100,C1ch,293,735954.8623567292,3.5227025,0.06047056675062391,313.21390399999996,98.67620878772155
Cell1:cyc0000->cyc0100,Cell1,cyc0000,cyc0100,C1ch,294,735954.8623683034,3.5234244,0.06067695198987834,313.25134099999997,98.67620878772155
Cell1:cyc0000->cyc0100,Cell1,cyc0000,cyc0100,C1ch,295,735954.8623798775,3.5239055,0.06088333893148804,313.238875,98.67620878772155
Cell1:cyc0000->cyc0100,Cell1,cyc0000,cyc0100,C1ch,296,735954.8623914515,3.5245471,0.061089725614830864,313.17646299999996,98.67620878772155
Cell1:cyc0000->cyc0100,Cell1,cyc0000,cyc0100,C1ch,297,735954.8624030256,3.5251889,0.06129611193937514,313.238875,98.67620878772155
Cell1:cyc0000->cyc0100,Cell1,cyc0000,cyc0100,C1ch,298,735954.8624145996,3.5256701,0.06150249899950833,313.22637,98.67620878772155
Cell1:cyc0000->cyc0100,Cell1,cyc0000,cyc0100,C1ch,299,735954.8624261738,3.5261915,0.06170888583310615,313.288779,98.67620878772155
Cell1:cyc0000->cyc0100,Cell1,cyc0000,cyc0100,C1ch,300,735954.8624377478,3.5268731,0.06191527140997654,313.25134099999997,98.67620878772155
Cell1:cyc0000->cyc0100,Cell1,cyc0000,cyc0100,C1ch,301,735954.8624493219,3.5274346,0.06212165624412367,313.201395,98.67620878772155
Cell1:cyc0000->cyc0100,Cell1,cyc0000,cyc0100,C1ch,302,735954.8624608959,3.5281563,0.06232804102688598,313.27631199999996,98.67620878772155
Cell1:cyc0000->cyc0100,Cell1,cyc0000,cyc0100,C1ch,303,735954.86247247,3.5285974,0.06253442627642822,313.22637,98.67620878772155
Cell1:cyc0000->cyc0100,Cell1,cyc0000,cyc0100,C1ch,304,735954.862484044,3.5291989,0.06274081270886908,313.17646299999996,98.67620878772155
Cell1:cyc0000->cyc0100,Cell1,cyc0000,cyc0100,C1ch,305,735954.8624956182,3.5298004,0.06294720002550253,313.31374999999997,98.67620878772155
Cell1:cyc0000->cyc0100,Cell1,cyc0000,cyc0100,C1ch,306,735954.8625071922,3.5302014,0.0631535881375868,313.25134099999997,98.67620878772155
Cell1:cyc0000->cyc0100,Cell1,cyc0000,cyc0100,C1ch,307,735954.8625187663,3.530803,0.06335997571237521,313.22637,98.67620878772155
Cell1:cyc0000->cyc0100,Cell1,cyc0000,cyc0100,C1ch,308,735954.8625303404,3.5310035,0.06356636378552247,313.21390399999996,98.67620878772155
Cell1:cyc0000->cyc0100,Cell1,cyc0000,cyc0100,C1ch,309,735954.8625419145,3.5318859,0.06377274997928196,313.21390399999996,98.67620878772155
Cell1:cyc0000->cyc0100,Cell1,cyc0000,cyc0100,C1ch,310,735954.8625534886,3.5320461,0.0639791342210422,313.188929,98.67620878772155
Cell1:cyc0000->cyc0100,Cell1,cyc0000,cyc0100,C1ch,311,735954.8625650626,3.5324471,0.0641855203424547,313.25134099999997,98.67620878772155
Cell1:cyc0000->cyc0100,Cell1,cyc0000,cyc0100,C1ch,312,735954.8625766367,3.5330889,0.06439190550188192,313.201395,98.67620878772155
Cell1:cyc0000->cyc0100,Cell1,cyc0000,cyc0100,C1ch,313,735954.8625882107,3.533169,0.06459829005652873,313.238875,98.67620878772155
Cell1:cyc0000->cyc0100,Cell1,cyc0000,cyc0100,C1ch,314,735954.8625997849,3.5336101,0.0648046729936286,313.16396199999997,98.67620878772155
Cell1:cyc0000->cyc0100,Cell1,cyc0000,cyc0100,C1ch,315,735954.8626113589,3.5340111,0.06501105667515056,313.238875,98.67620878772155
Cell1:cyc0000->cyc0100,Cell1,cyc0000,cyc0100,C1ch,316,735954.862622933,3.5345325,0.06521744202193536,313.25134099999997,98.67620878772155
Cell1:cyc0000->cyc0100,Cell1,cyc0000,cyc0100,C1ch,317,735954.862634507,3.5347731,0.06542382902376302,313.25134099999997,98.67620878772155
Cell1:cyc0000->cyc0100,Cell1,cyc0000,cyc0100,C1ch,318,735954.8626460811,3.5352943,0.06563021560666571,313.188929,98.67620878772155
Cell1:cyc0000->cyc0100,Cell1,cyc0000,cyc0100,C1ch,319,735954.8626576551,3.5358558,0.06583660329077827,313.238875,98.67620878772155
Cell1:cyc0000->cyc0100,Cell1,cyc0000,cyc0100,C1ch,320,735954.8626692293,3.5361767,0.06604299035269842,313.201395,98.67620878772155
Cell1:cyc0000->cyc0100,Cell1,cyc0000,cyc0100,C1ch,321,735954.8626808034,3.5366578,0.06624937580243598,313.238875,98.67620878772155
Cell1:cyc0000->cyc0100,Cell1,cyc0000,cyc0100,C1ch,322,735954.8626923774,3.5370588,0.066455762821974,313.21390399999996,98.67620878772155
Cell1:cyc0000->cyc0100,Cell1,cyc0000,cyc0100,C1ch,323,735954.8627039515,3.5371792,0.0666621492844374,313.22637,98.67620878772155
Cell1:cyc0000->cyc0100,Cell1,cyc0000,cyc0100,C1ch,324,735954.8627155256,3.5374999,0.06686853677256605,313.25134099999997,98.67620878772155
Cell1:cyc0000->cyc0100,Cell1,cyc0000,cyc0100,C1ch,325,735954.8627270997,3.5377808,0.06707492368411593,313.22637,98.67620878772155
Cell1:cyc0000->cyc0100,Cell1,cyc0000,cyc0100,C1ch,326,735954.8627386737,3.5382619,0.06728131178215872,313.22637,98.67620878772155
Cell1:cyc0000->cyc0100,Cell1,cyc0000,cyc0100,C1ch,327,735954.8627502478,3.538342,0.06748769864420573,313.15149499999995,98.67620878772155
Cell1:cyc0000->cyc0100,Cell1,cyc0000,cyc0100,C1ch,328,735954.8627618218,3.5389435,0.06769408820789592,313.12652099999997,98.67620878772155
Cell1:cyc0000->cyc0100,Cell1,cyc0000,cyc0100,C1ch,329,735954.862773396,3.5391843,0.06790047788138495,313.188929,98.67620878772155
Cell1:cyc0000->cyc0100,Cell1,cyc0000,cyc0100,C1ch,330,735954.86278497,3.5395854,0.06810686545788575,313.21390399999996,98.67620878772155
Cell1:cyc0000->cyc0100,Cell1,cyc0000,cyc0100,C1ch,331,735954.8627965441,3.5401466,0.06831325155086262,313.21390399999996,98.67620878772155
Cell1:cyc0000->cyc0100,Cell1,cyc0000,cyc0100,C1ch,332,735954.8628081181,3.5401466,0.06851963613386365,313.138987,98.67620878772155
Cell1:cyc0000->cyc0100,Cell1,cyc0000,cyc0100,C1ch,333,735954.8628196922,3.5405476,0.06872602265303887,313.27631199999996,98.67620878772155
Cell1:cyc0000->cyc0100,Cell1,cyc0000,cyc0100,C1ch,334,735954.8628312664,3.5408285,0.06893240942494372,313.25134099999997,98.67620878772155
Cell1:cyc0000->cyc0100,Cell1,cyc0000,cyc0100,C1ch,335,735954.8628428404,3.5411491,0.06913879499623955,313.21390399999996,98.67620878772155
Cell1:cyc0000->cyc0100,Cell1,cyc0000,cyc0100,C1ch,336,735954.8628544145,3.5413899,0.06934518218000285,313.22637,98.67620878772155
Cell1:cyc0000->cyc0100,Cell1,cyc0000,cyc0100,C1ch,337,735954.8628659885,3.5417507,0.06955157029750231,313.188929,98.67620878772155
Cell1:cyc0000->cyc0100,Cell1,cyc0000,cyc0100,C1ch,338,735954.8628775626,3.5420315,0.06975795967734444,313.201395,98.67620878772155
Cell1:cyc0000->cyc0100,Cell1,cyc0000,cyc0100,C1ch,339,735954.8628891367,3.5425127,0.06996435115239462,313.263808,98.67620878772155
Cell1:cyc0000->cyc0100,Cell1,cyc0000,cyc0100,C1ch,340,735954.8629007108,3.5427532,0.07017074169399347,313.201395,98.67620878772155
Cell1:cyc0000->cyc0100,Cell1,cyc0000,cyc0100,C1ch,341,735954.8629122848,3.5431142,0.07037713377901544,313.238875,98.67620878772155
Cell1:cyc0000->cyc0100,Cell1,cyc0000,cyc0100,C1ch,342,735954.8629238589,3.5431542,0.07058352379010349,313.201395,98.67620878772155
Cell1:cyc0000->cyc0100,Cell1,cyc0000,cyc0100,C1ch,343,735954.8629354329,3.5436757,0.07078991315216403,313.21390399999996,98.67620878772155
Cell1:cyc0000->cyc0100,Cell1,cyc0000,cyc0100,C1ch,344,735954.8629470071,3.5439162,0.07099630344980877,313.238875,98.67620878772155
Cell1:cyc0000->cyc0100,Cell1,cyc0000,cyc0100,C1ch,345,735954.8629585811,3.5441968,0.07120269389584011,313.201395,98.67620878772155
Cell1:cyc0000->cyc0100,Cell1,cyc0000,cyc0100,C1ch,346,735954.8629701552,3.5445979,0.07140908604636977,313.238875,98.67620878772155
Cell1:cyc0000->cyc0100,Cell1,cyc0000,cyc0100,C1ch,347,735954.8629817293,3.5448387,0.07161547705274116,313.188929,98.67620878772155
Cell1:cyc0000->cyc0100,Cell1,cyc0000,cyc0100,C1ch,348,735954.8629933033,3.5448787,0.07182187029764472,313.188929,98.67620878772155
Cell1:cyc0000->cyc0100,Cell1,cyc0000,cyc0100,C1ch,349,735954.8630048775,3.5453999,0.07202826184354995,313.263808,98.67620878772155
Cell1:cyc0000->cyc0100,Cell1,cyc0000,cyc0100,C1ch,350,735954.8630164515,3.5456808,0.07223465345628187,313.201395,98.67620878772155
Cell1:cyc0000->cyc0100,Cell1,cyc0000,cyc0100,C1ch,351,735954.8630280256,3.5459614,0.07244104535921564,313.326216,98.67620878772155
Cell1:cyc0000->cyc0100,Cell1,cyc0000,cyc0100,C1ch,352,735954.8630395996,3.5461619,0.07264743619054499,313.25134099999997,98.67620878772155
Cell1:cyc0000->cyc0100,Cell1,cyc0000,cyc0100,C1ch,353,735954.8630511737,3.5465629,0.07285382498160808,313.27631199999996,98.67620878772155
Cell1:cyc0000->cyc0100,Cell1,cyc0000,cyc0100,C1ch,354,735954.8630627478,3.547004,0.07306021192156302,313.30128299999996,98.67620878772155
Cell1:cyc0000->cyc0100,Cell1,cyc0000,cyc0100,C1ch,355,735954.8630743219,3.5471644,0.07326659809411622,313.25134099999997,98.67620878772155
Cell1:cyc0000->cyc0100,Cell1,cyc0000,cyc0100,C1ch,356,735954.8630858959,3.5475655,0.07347298504995049,313.22637,98.67620878772155
Cell1:cyc0000->cyc0100,Cell1,cyc0000,cyc0100,C1ch,357,735954.86309747,3.547766,0.07367937324148559,313.22637,98.67620878772155
Cell1:cyc0000->cyc0100,Cell1,cyc0000,cyc0100,C1ch,358,735954.863109044,3.5477259,0.07388576277699449,313.17646299999996,98.67620878772155
Cell1:cyc0000->cyc0100,Cell1,cyc0000,cyc0100,C1ch,359,735954.8631206182,3.5484076,0.07409215113144599,313.138987,98.67620878772155
Cell1:cyc0000->cyc0100,Cell1,cyc0000,cyc0100,C1ch,360,735954.8631321923,3.5484476,0.07429854118510944,313.22637,98.67620878772155
Cell1:cyc0000->cyc0100,Cell1,cyc0000,cyc0100,C1ch,361,735954.8631437663,3.5488889,0.07450493174062432,313.238875,98.67620878772155
Cell1:cyc0000->cyc0100,Cell1,cyc0000,cyc0100,C1ch,362,735954.8631553404,3.548969,0.07471132085706245,313.25134099999997,98.67620878772155
Cell1:cyc0000->cyc0100,Cell1,cyc0000,cyc0100,C1ch,363,735954.8631669144,3.54933,0.07491771177894763,313.188929,98.67620878772155
Cell1:cyc0000->cyc0100,Cell1,cyc0000,cyc0100,C1ch,364,735954.8631784886,3.5496106,0.07512410152484131,313.263808,98.67620878772155
Cell1:cyc0000->cyc0100,Cell1,cyc0000,cyc0100,C1ch,365,735954.8631900626,3.5499716,0.07533049160650296,313.263808,98.67620878772155
Cell1:cyc0000->cyc0100,Cell1,cyc0000,cyc0100,C1ch,366,735954.8632016367,3.5503325,0.07553688229301284,313.21390399999996,98.67620878772155
Cell1:cyc0000->cyc0100,Cell1,cyc0000,cyc0100,C1ch,367,735954.8632132107,3.5506532,0.07574327229355536,313.17646299999996,98.67620878772155
Cell1:cyc0000->cyc0100,Cell1,cyc0000,cyc0100,C1ch,368,735954.8632247848,3.5508537,0.07594966152832709,313.25134099999997,98.67620878772155
Cell1:cyc0000->cyc0100,Cell1,cyc0000,cyc0100,C1ch,369,735954.8632363589,3.5510142,0.07615605070840795,313.22637,98.67620878772155
Cell1:cyc0000->cyc0100,Cell1,cyc0000,cyc0100,C1ch,370,735954.863247933,3.5510943,0.07636244047561984,313.22637,98.67620878772155
Cell1:cyc0000->cyc0100,Cell1,cyc0000,cyc0100,C1ch,371,735954.863259507,3.5517762,0.0765688312645908,313.263808,98.67620878772155
Cell1:cyc0000->cyc0100,Cell1,cyc0000,cyc0100,C1ch,372,735954.8632710811,3.5519767,0.07677522307559882,313.288779,98.67620878772155
Cell1:cyc0000->cyc0100,Cell1,cyc0000,cyc0100,C1ch,373,735954.8632826552,3.5522172,0.07698161347043864,313.30128299999996,98.67620878772155
Cell1:cyc0000->cyc0100,Cell1,cyc0000,cyc0100,C1ch,374,735954.8632942293,3.5526183,0.07718800525845337,313.27631199999996,98.67620878772155
Cell1:cyc0000->cyc0100,Cell1,cyc0000,cyc0100,C1ch,375,735954.8633058034,3.5527787,0.07739439572032335,313.238875,98.67620878772155
Cell1:cyc0000->cyc0100,Cell1,cyc0000,cyc0100,C1ch,376,735954.8633173774,3.5532598,0.07760078646163941,313.288779,98.67620878772155
Cell1:cyc0000->cyc0100,Cell1,cyc0000,cyc0100,C1ch,377,735954.8633289515,3.5534203,0.07780717601127794,313.201395,98.67620878772155
Cell1:cyc0000->cyc0100,Cell1,cyc0000,cyc0100,C1ch,378,735954.8633405255,3.5536208,0.07801356545468477,313.188929,98.67620878772155
Cell1:cyc0000->cyc0100,Cell1,cyc0000,cyc0100,C1ch,379,735954.8633520997,3.5536609,0.07821995404779732,313.25134099999997,98.67620878772155
Cell1:cyc0000->cyc0100,Cell1,cyc0000,cyc0100,C1ch,380,735954.8633636737,3.5541019,0.0784263418627794,313.238875,98.67620878772155
Cell1:cyc0000->cyc0100,Cell1,cyc0000,cyc0100,C1ch,381,735954.8633752478,3.5543025,0.07863273198158433,313.27631199999996,98.67620878772155
Cell1:cyc0000->cyc0100,Cell1,cyc0000,cyc0100,C1ch,382,735954.8633868218,3.5544229,0.07883912164083523,313.201395,98.67620878772155
Cell1:cyc0000->cyc0100,Cell1,cyc0000,cyc0100,C1ch,383,735954.863398396,3.5551045,0.07904550928811646,313.238875,98.67620878772155
Cell1:cyc0000->cyc0100,Cell1,cyc0000,cyc0100,C1ch,384,735954.86340997,3.5555055,0.07925189563942463,313.25134099999997,98.67620878772155
Cell1:cyc0000->cyc0100,Cell1,cyc0000,cyc0100,C1ch,385,735954.8634215441,3.5555859,0.07945828205412463,313.31374999999997,98.67620878772155
Cell1:cyc0000->cyc0100,Cell1,cyc0000,cyc0100,C1ch,386,735954.8634331182,3.555666,0.07966466797375489,313.238875,98.67620878772155
Cell1:cyc0000->cyc0100,Cell1,cyc0000,cyc0100,C1ch,387,735954.8634446922,3.5561874,0.07987105485710314,313.17646299999996,98.67620878772155
Cell1:cyc0000->cyc0100,Cell1,cyc0000,cyc0100,C1ch,388,735954.8634562664,3.556428,0.08007743980267673,313.238875,98.67620878772155
Cell1:cyc0000->cyc0100,Cell1,cyc0000,cyc0100,C1ch,389,735954.8634678404,3.5566685,0.08028382410799831,313.31374999999997,98.67620878772155
Cell1:cyc0000->cyc0100,Cell1,cyc0000,cyc0100,C1ch,390,735954.8634794145,3.5569491,0.0804902099871046,313.288779,98.67620878772155
Cell1:cyc0000->cyc0100,Cell1,cyc0000,cyc0100,C1ch,391,735954.8634909885,3.5572701,0.08069659570185005,313.25134099999997,98.67620878772155
Cell1:cyc0000->cyc0100,Cell1,cyc0000,cyc0100,C1ch,392,735954.8635025626,3.557591,0.08090298210780165,313.288779,98.67620878772155
Cell1:cyc0000->cyc0100,Cell1,cyc0000,cyc0100,C1ch,393,735954.8635141366,3.557591,0.0811093676544393,313.201395,98.67620878772155
Cell1:cyc0000->cyc0100,Cell1,cyc0000,cyc0100,C1ch,394,735954.8635257108,3.5578716,0.08131575355301582,313.188929,98.67620878772155
Cell1:cyc0000->cyc0100,Cell1,cyc0000,cyc0100,C1ch,395,735954.8635372848,3.5583127,0.08152214018886311,313.263808,98.67620878772155
Cell1:cyc0000->cyc0100,Cell1,cyc0000,cyc0100,C1ch,396,735954.8635488589,3.5586336,0.08172852632803683,313.238875,98.67620878772155
Cell1:cyc0000->cyc0100,Cell1,cyc0000,cyc0100,C1ch,397,735954.8635604329,3.5585532,0.08193491360403102,313.201395,98.67620878772155
Cell1:cyc0000->cyc0100,Cell1,cyc0000,cyc0100,C1ch,398,735954.863572007,3.5591547,0.08214129817278373,313.188929,98.67620878772155
Cell1:cyc0000->cyc0100,Cell1,cyc0000,cyc0100,C1ch,399,735954.863583581,3.5595958,0.08234768193547908,313.263808,98.67620878772155
Cell1:cyc0000->cyc0100,Cell1,cyc0000,cyc0100,C1ch,400,735954.8635951552,3.5593553,0.08255406758118015,313.22637,98.67620878772155
Cell1:cyc0000->cyc0100,Cell1,cyc0000,cyc0100,C1ch,401,735954.8636067293,3.5598767,0.08276045318621827,313.22637,98.67620878772155
Cell1:cyc0000->cyc0100,Cell1,cyc0000,cyc0100,C1ch,402,735954.8636183033,3.5599968,0.08296683930934651,313.238875,98.67620878772155
Cell1:cyc0000->cyc0100,Cell1,cyc0000,cyc0100,C1ch,403,735954.8636298775,3.5604382,0.08317322531399196,313.25134099999997,98.67620878772155
Cell1:cyc0000->cyc0100,Cell1,cyc0000,cyc0100,C1ch,404,735954.8636414515,3.5607188,0.0833796108251987,313.30128299999996,98.67620878772155
Cell1:cyc0000->cyc0100,Cell1,cyc0000,cyc0100,C1ch,405,735954.8636530256,3.5611198,0.08358599842815824,313.31374999999997,98.67620878772155
Cell1:cyc0000->cyc0100,Cell1,cyc0000,cyc0100,C1ch,406,735954.8636645996,3.5609994,0.08379238564212037,313.238875,98.67620878772155
Cell1:cyc0000->cyc0100,Cell1,cyc0000,cyc0100,C1ch,407,735954.8636761737,3.5615208,0.08399877461886258,313.22637,98.67620878772155
Cell1:cyc0000->cyc0100,Cell1,cyc0000,cyc0100,C1ch,408,735954.8636877477,3.5617213,0.0842051614668918,313.263808,98.67620878772155
Cell1:cyc0000->cyc0100,Cell1,cyc0000,cyc0100,C1ch,409,735954.8636993219,3.5622425,0.0844115491230401,313.188929,98.67620878772155
Cell1:cyc0000->cyc0100,Cell1,cyc0000,cyc0100,C1ch,410,735954.8637108959,3.562443,0.0846179361761339,313.201395,98.67620878772155
Cell1:cyc0000->cyc0100,Cell1,cyc0000,cyc0100,C1ch,411,735954.86372247,3.5626035,0.08482432273053657,313.263808,98.67620878772155
Cell1:cyc0000->cyc0100,Cell1,cyc0000,cyc0100,C1ch,412,735954.863734044,3.5630445,0.08503070851228163,313.238875,98.67620878772155
Cell1:cyc0000->cyc0100,Cell1,cyc0000,cyc0100,C1ch,413,735954.8637456181,3.5633254,0.08523709500833469,313.263808,98.67620878772155
Cell1:cyc0000->cyc0100,Cell1,cyc0000,cyc0100,C1ch,414,735954.8637571923,3.5633655,0.08544348102349517,313.263808,98.67620878772155
Cell1:cyc0000->cyc0100,Cell1,cyc0000,cyc0100,C1ch,415,735954.8637687663,3.5638466,0.08564986632609727,313.288779,98.67620878772155
Cell1:cyc0000->cyc0100,Cell1,cyc0000,cyc0100,C1ch,416,735954.8637803404,3.5638869,0.08585625314411757,313.17646299999996,98.67620878772155
Cell1:cyc0000->cyc0100,Cell1,cyc0000,cyc0100,C1ch,417,735954.8637919144,3.5641675,0.08606263803647869,313.30128299999996,98.67620878772155
Cell1:cyc0000->cyc0100,Cell1,cyc0000,cyc0100,C1ch,418,735954.8638034886,3.5646086,0.08626902292356703,313.263808,98.67620878772155
Cell1:cyc0000->cyc0100,Cell1,cyc0000,cyc0100,C1ch,419,735954.8638150626,3.564729,0.0864754070895318,313.238875,98.67620878772155
Cell1:cyc0000->cyc0100,Cell1,cyc0000,cyc0100,C1ch,420,735954.8638266367,3.5649295,0.08668179211112466,313.21390399999996,98.67620878772155
Cell1:cyc0000->cyc0100,Cell1,cyc0000,cyc0100,C1ch,421,735954.8638382107,3.565491,0.08688817809620836,313.25134099999997,98.67620878772155
Cell1:cyc0000->cyc0100,Cell1,cyc0000,cyc0100,C1ch,422,735954.8638497848,3.5655711,0.0870945639930386,313.238875,98.67620878772155
Cell1:cyc0000->cyc0100,Cell1,cyc0000,cyc0100,C1ch,423,735954.8638613588,3.5656111,0.08730095069785225,313.25134099999997,98.67620878772155
Cell1:cyc0000->cyc0100,Cell1,cyc0000,cyc0100,C1ch,424,735954.863872933,3.5662928,0.08750733499283175,313.188929,98.67620878772155
Cell1:cyc0000->cyc0100,Cell1,cyc0000,cyc0100,C1ch,425,735954.863884507,3.5661726,0.08771371854163953,313.30128299999996,98.67620878772155
Cell1:cyc0000->cyc0100,Cell1,cyc0000,cyc0100,C1ch,426,735954.8638960811,3.5666938,0.08792010180049303,313.238875,98.67620878772155
Cell1:cyc0000->cyc0100,Cell1,cyc0000,cyc0100,C1ch,427,735954.8639076552,3.5669746,0.08812648399850465,313.31374999999997,98.67620878772155
Cell1:cyc0000->cyc0100,Cell1,cyc0000,cyc0100,C1ch,428,735954.8639192292,3.5672953,0.08833286574732802,313.25134099999997,98.67620878772155
Cell1:cyc0000->cyc0100,Cell1,cyc0000,cyc0100,C1ch,429,735954.8639308034,3.5674958,0.0885392467145691,313.263808,98.67620878772155
Cell1:cyc0000->cyc0100,Cell1,cyc0000,cyc0100,C1ch,430,735954.8639423774,3.5678568,0.08874562899739923,313.27631199999996,98.67620878772155
Cell1:cyc0000->cyc0100,Cell1,cyc0000,cyc0100,C1ch,431,735954.8639539515,3.5681777,0.08895200899242486,313.263808,98.67620878772155
Cell1:cyc0000->cyc0100,Cell1,cyc0000,cyc0100,C1ch,432,735954.8639655255,3.5680974,0.08915839108431668,313.288779,98.67620878772155
Cell1:cyc0000->cyc0100,Cell1,cyc0000,cyc0100,C1ch,433,735954.8639770997,3.5684984,0.08936477166462878,313.31374999999997,98.67620878772155
Cell1:cyc0000->cyc0100,Cell1,cyc0000,cyc0100,C1ch,434,735954.8639886737,3.5686989,0.08957115260182698,313.351187,98.67620878772155
Cell1:cyc0000->cyc0100,Cell1,cyc0000,cyc0100,C1ch,435,735954.8640002478,3.5689397,0.08977753431342908,313.22637,98.67620878772155
Cell1:cyc0000->cyc0100,Cell1,cyc0000,cyc0100,C1ch,436,735954.8640118218,3.5693004,0.08998391594907296,313.263808,98.67620878772155
Cell1:cyc0000->cyc0100,Cell1,cyc0000,cyc0100,C1ch,437,735954.8640233959,3.5696614,0.09019029786765545,313.22637,98.67620878772155
Cell1:cyc0000->cyc0100,Cell1,cyc0000,cyc0100,C1ch,438,735954.8640349699,3.569942,0.09039668034485202,313.27631199999996,98.67620878772155
Cell1:cyc0000->cyc0100,Cell1,cyc0000,cyc0100,C1ch,439,735954.8640465441,3.570303,0.09060306103451199,313.22637,98.67620878772155
Cell1:cyc0000->cyc0100,Cell1,cyc0000,cyc0100,C1ch,440,735954.8640581182,3.5703833,0.0908094421682095,313.238875,98.67620878772155
Cell1:cyc0000->cyc0100,Cell1,cyc0000,cyc0100,C1ch,441,735954.8640696922,3.5707843,0.09101582345197551,313.263808,98.67620878772155
Cell1:cyc0000->cyc0100,Cell1,cyc0000,cyc0100,C1ch,442,735954.8640812663,3.5708244,0.09122220410094196,313.30128299999996,98.67620878772155
Cell1:cyc0000->cyc0100,Cell1,cyc0000,cyc0100,C1ch,443,735954.8640928403,3.5713456,0.09142858712973362,313.30128299999996,98.67620878772155
Cell1:cyc0000->cyc0100,Cell1,cyc0000,cyc0100,C1ch,444,735954.8641044145,3.571506,0.09163497194073486,313.326216,98.67620878772155
Cell1:cyc0000->cyc0100,Cell1,cyc0000,cyc0100,C1ch,445,735954.8641159885,3.5717869,0.09184135752463446,313.288779,98.67620878772155
Cell1:cyc0000->cyc0100,Cell1,cyc0000,cyc0100,C1ch,446,735954.8641275626,3.5721476,0.09204774289427016,313.238875,98.67620878772155
Cell1:cyc0000->cyc0100,Cell1,cyc0000,cyc0100,C1ch,447,735954.8641391366,3.5724685,0.09225412754449124,313.288779,98.67620878772155
Cell1:cyc0000->cyc0100,Cell1,cyc0000,cyc0100,C1ch,448,735954.8641507108,3.5727091,0.09246051278183323,313.31374999999997,98.67620878772155
Cell1:cyc0000->cyc0100,Cell1,cyc0000,cyc0100,C1ch,449,735954.8641622848,3.5729096,0.09266689978530884,313.30128299999996,98.67620878772155
Cell1:cyc0000->cyc0100,Cell1,cyc0000,cyc0100,C1ch,450,735954.8641738589,3.5733507,0.0928732855848626,313.263808,98.67620878772155
Cell1:cyc0000->cyc0100,Cell1,cyc0000,cyc0100,C1ch,451,735954.8641854329,3.5732305,0.09307967012556287,313.31374999999997,98.67620878772155
Cell1:cyc0000->cyc0100,Cell1,cyc0000,cyc0100,C1ch,452,735954.864197007,3.5737517,0.09328605366014946,313.33872099999996,98.67620878772155
Cell1:cyc0000->cyc0100,Cell1,cyc0000,cyc0100,C1ch,453,735954.8642085812,3.5741527,0.09349244062133452,313.30128299999996,98.67620878772155
Cell1:cyc0000->cyc0100,Cell1,cyc0000,cyc0100,C1ch,454,735954.8642201552,3.5741928,0.09369882836221313,313.27631199999996,98.67620878772155
Cell1:cyc0000->cyc0100,Cell1,cyc0000,cyc0100,C1ch,455,735954.8642317293,3.5747142,0.09390521435432603,313.27631199999996,98.67620878772155
Cell1:cyc0000->cyc0100,Cell1,cyc0000,cyc0100,C1ch,456,735954.8642433033,3.5749948,0.09411159868970405,313.30128299999996,98.67620878772155
Cell1:cyc0000->cyc0100,Cell1,cyc0000,cyc0100,C1ch,457,735954.8642548774,3.5749948,0.09431798426471624,313.31374999999997,98.67620878772155
Cell1:cyc0000->cyc0100,Cell1,cyc0000,cyc0100,C1ch,458,735954.8642664514,3.5755162,0.09452437011724174,313.326216,98.67620878772155
Cell1:cyc0000->cyc0100,Cell1,cyc0000,cyc0100,C1ch,459,735954.8642780256,3.5756767,0.09473075463646784,313.326216,98.67620878772155
Cell1:cyc0000->cyc0100,Cell1,cyc0000,cyc0100,C1ch,460,735954.8642895996,3.5757568,0.09493713991450331,313.188929,98.67620878772155
Cell1:cyc0000->cyc0100,Cell1,cyc0000,cyc0100,C1ch,461,735954.8643011737,3.5762382,0.09514352557435776,313.22637,98.67620878772155
Cell1:cyc0000->cyc0100,Cell1,cyc0000,cyc0100,C1ch,462,735954.8643127477,3.5765588,0.09534991157707723,313.30128299999996,98.67620878772155
Cell1:cyc0000->cyc0100,Cell1,cyc0000,cyc0100,C1ch,463,735954.8643243219,3.5767193,0.0955562963154636,313.238875,98.67620878772155
Cell1:cyc0000->cyc0100,Cell1,cyc0000,cyc0100,C1ch,464,735954.8643358959,3.5768797,0.09576267985712009,313.30128299999996,98.67620878772155
Cell1:cyc0000->cyc0100,Cell1,cyc0000,cyc0100,C1ch,465,735954.86434747,3.5771604,0.09596906190652127,313.388625,98.67620878772155
Cell1:cyc0000->cyc0100,Cell1,cyc0000,cyc0100,C1ch,466,735954.8643590441,3.5776818,0.09617544658662922,313.31374999999997,98.67620878772155
Cell1:cyc0000->cyc0100,Cell1,cyc0000,cyc0100,C1ch,467,735954.8643706181,3.5777619,0.0963818305790846,313.288779,98.67620878772155
Cell1:cyc0000->cyc0100,Cell1,cyc0000,cyc0100,C1ch,468,735954.8643821923,3.5781629,0.096588215162323,313.30128299999996,98.67620878772155
Cell1:cyc0000->cyc0100,Cell1,cyc0000,cyc0100,C1ch,469,735954.8643937663,3.5784035,0.09679460072136095,313.30128299999996,98.67620878772155
Cell1:cyc0000->cyc0100,Cell1,cyc0000,cyc0100,C1ch,470,735954.8644053404,3.5787244,0.09700098469962565,313.27631199999996,98.67620878772155
Cell1:cyc0000->cyc0100,Cell1,cyc0000,cyc0100,C1ch,471,735954.8644169144,3.5791254,0.09720737061233181,313.30128299999996,98.67620878772155
Cell1:cyc0000->cyc0100,Cell1,cyc0000,cyc0100,C1ch,472,735954.8644284885,3.579406,0.0974137555633104,313.27631199999996,98.67620878772155
Cell1:cyc0000->cyc0100,Cell1,cyc0000,cyc0100,C1ch,473,735954.8644400625,3.5798874,0.09762013958074273,313.326216,98.67620878772155
Cell1:cyc0000->cyc0100,Cell1,cyc0000,cyc0100,C1ch,474,735954.8644516367,3.5799675,0.09782652506202189,313.288779,98.67620878772155
Cell1:cyc0000->cyc0100,Cell1,cyc0000,cyc0100,C1ch,475,735954.8644632107,3.5802481,0.09803291108070543,313.376158,98.67620878772155
Cell1:cyc0000->cyc0100,Cell1,cyc0000,cyc0100,C1ch,476,735954.8644747848,3.5804889,0.09823929668760174,313.326216,98.67620878772155
Cell1:cyc0000->cyc0100,Cell1,cyc0000,cyc0100,C1ch,477,735954.8644863588,3.5808096,0.09844568445492892,313.31374999999997,98.67620878772155
Cell1:cyc0000->cyc0100,Cell1,cyc0000,cyc0100,C1ch,478,735954.864497933,3.5808496,0.09865207143547905,313.25134099999997,98.67620878772155
Cell1:cyc0000->cyc0100,Cell1,cyc0000,cyc0100,C1ch,479,735954.8645095071,3.581331,0.09885845930903794,313.31374999999997,98.67620878772155
Cell1:cyc0000->cyc0100,Cell1,cyc0000,cyc0100,C1ch,480,735954.8645210811,3.5814512,0.09906484736120945,313.27631199999996,98.67620878772155
Cell1:cyc0000->cyc0100,Cell1,cyc0000,cyc0100,C1ch,481,735954.8645326552,3.5819325,0.0992712328423055,313.288779,98.67620878772155
Cell1:cyc0000->cyc0100,Cell1,cyc0000,cyc0100,C1ch,482,735954.8645442292,3.5821331,0.0994776195170729,313.288779,98.67620878772155
Cell1:cyc0000->cyc0100,Cell1,cyc0000,cyc0100,C1ch,483,735954.8645558034,3.5823336,0.09968400461979844,313.27631199999996,98.67620878772155
Cell1:cyc0000->cyc0100,Cell1,cyc0000,cyc0100,C1ch,484,735954.8645673774,3.5825341,0.09989039053587172,313.288779,98.67620878772155
Cell1:cyc0000->cyc0100,Cell1,cyc0000,cyc0100,C1ch,485,735954.8645789515,3.5830553,0.100096778221839,313.263808,98.67620878772155
Cell1:cyc0000->cyc0100,Cell1,cyc0000,cyc0100,C1ch,486,735954.8645905255,3.5833762,0.1003031603545397,313.30128299999996,98.67620878772155
Cell1:cyc0000->cyc0100,Cell1,cyc0000,cyc0100,C1ch,487,735954.8646020996,3.5836167,0.1005095460214335,313.22637,98.67620878772155
Cell1:cyc0000->cyc0100,Cell1,cyc0000,cyc0100,C1ch,488,735954.8646136736,3.5838573,0.1007159308467373,313.30128299999996,98.67620878772155
Cell1:cyc0000->cyc0100,Cell1,cyc0000,cyc0100,C1ch,489,735954.8646252478,3.5844188,0.10092231603628539,313.326216,98.67620878772155
Cell1:cyc0000->cyc0100,Cell1,cyc0000,cyc0100,C1ch,490,735954.8646368218,3.5844588,0.10112870076604549,313.31374999999997,98.67620878772155
Cell1:cyc0000->cyc0100,Cell1,cyc0000,cyc0100,C1ch,491,735954.8646483959,3.5844989,0.1013350866892972,313.27631199999996,98.67620878772155
Cell1:cyc0000->cyc0100,Cell1,cyc0000,cyc0100,C1ch,492,735954.86465997,3.5851004,0.1015414714775967,313.238875,98.67620878772155
Cell1:cyc0000->cyc0100,Cell1,cyc0000,cyc0100,C1ch,493,735954.864671544,3.5850604,0.1017478542165426,313.288779,98.67620878772155
Cell1:cyc0000->cyc0100,Cell1,cyc0000,cyc0100,C1ch,494,735954.8646831182,3.5855014,0.1019542378466322,313.25134099999997,98.67620878772155
Cell1:cyc0000->cyc0100,Cell1,cyc0000,cyc0100,C1ch,495,735954.8646946922,3.5859425,0.1021606210734558,313.351187,98.67620878772155
Cell1:cyc0000->cyc0100,Cell1,cyc0000,cyc0100,C1ch,496,735954.8647062663,3.5861833,0.1023670047351922,313.36369199999996,98.67620878772155
Cell1:cyc0000->cyc0100,Cell1,cyc0000,cyc0100,C1ch,497,735954.8647178403,3.5863035,0.10257338958704629,313.31374999999997,98.67620878772155
Cell1:cyc0000->cyc0100,Cell1,cyc0000,cyc0100,C1ch,498,735954.8647294145,3.5867045,0.10277977536338641,313.30128299999996,98.67620878772155
Cell1:cyc0000->cyc0100,Cell1,cyc0000,cyc0100,C1ch,499,735954.8647409885,3.5871055,0.10298616382387629,313.30128299999996,98.67620878772155
Cell1:cyc0000->cyc0100,Cell1,cyc0000,cyc0100,C1ch,500,735954.8647525626,3.5872259,0.103192553016354,313.288779,98.67620878772155
Cell1:cyc0000->cyc0100,Cell1,cyc0000,cyc0100,C1ch,501,735954.8647641366,3.587707,0.1033989413796251,313.36369199999996,98.67620878772155
Cell1:cyc0000->cyc0100,Cell1,cyc0000,cyc0100,C1ch,502,735954.8647757107,3.5878274,0.1036053279428982,313.326216,98.67620878772155
Cell1:cyc0000->cyc0100,Cell1,cyc0000,cyc0100,C1ch,503,735954.8647872848,3.5882285,0.1038117152118055,313.25134099999997,98.67620878772155
Cell1:cyc0000->cyc0100,Cell1,cyc0000,cyc0100,C1ch,504,735954.8647988589,3.588469,0.10401810540670099,313.33872099999996,98.67620878772155
Cell1:cyc0000->cyc0100,Cell1,cyc0000,cyc0100,C1ch,505,735954.864810433,3.5887899,0.10422449338271081,313.36369199999996,98.67620878772155
Cell1:cyc0000->cyc0100,Cell1,cyc0000,cyc0100,C1ch,506,735954.864822007,3.589191,0.10443088251326159,313.326216,98.67620878772155
Cell1:cyc0000->cyc0100,Cell1,cyc0000,cyc0100,C1ch,507,735954.8648335811,3.589231,0.1046372702699822,313.30128299999996,98.67620878772155
Cell1:cyc0000->cyc0100,Cell1,cyc0000,cyc0100,C1ch,508,735954.8648451552,3.589632,0.10484365753516979,313.31374999999997,98.67620878772155
Cell1:cyc0000->cyc0100,Cell1,cyc0000,cyc0100,C1ch,509,735954.8648567293,3.5899127,0.105050042450609,313.376158,98.67620878772155
Cell1:cyc0000->cyc0100,Cell1,cyc0000,cyc0100,C1ch,510,735954.8648683033,3.5902336,0.1052564259746365,313.33872099999996,98.67620878772155
Cell1:cyc0000->cyc0100,Cell1,cyc0000,cyc0100,C1ch,511,735954.8648798774,3.5902736,0.10546281035263741,313.288779,98.67620878772155
Cell1:cyc0000->cyc0100,Cell1,cyc0000,cyc0100,C1ch,512,735954.8648914514,3.5909152,0.1056691950684238,313.288779,98.67620878772155
Cell1:cyc0000->cyc0100,Cell1,cyc0000,cyc0100,C1ch,513,735954.8649030256,3.5911157,0.1058755790165609,313.388625,98.67620878772155
Cell1:cyc0000->cyc0100,Cell1,cyc0000,cyc0100,C1ch,514,735954.8649145996,3.5915167,0.1060819636013794,313.30128299999996,98.67620878772155
Cell1:cyc0000->cyc0100,Cell1,cyc0000,cyc0100,C1ch,515,735954.8649261737,3.5917974,0.106288348317315,313.22637,98.67620878772155
Cell1:cyc0000->cyc0100,Cell1,cyc0000,cyc0100,C1ch,516,735954.8649377477,3.5921183,0.1064947330948792,313.25134099999997,98.67620878772155
Cell1:cyc0000->cyc0100,Cell1,cyc0000,cyc0100,C1ch,517,735954.8649493218,3.5924392,0.10670111805634219,313.31374999999997,98.67620878772155
Cell1:cyc0000->cyc0100,Cell1,cyc0000,cyc0100,C1ch,518,735954.864960896,3.5926797,0.10690750236704849,313.31374999999997,98.67620878772155
Cell1:cyc0000->cyc0100,Cell1,cyc0000,cyc0100,C1ch,519,735954.86497247,3.5928402,0.107113887496443,313.42610399999995,98.67620878772155
Cell1:cyc0000->cyc0100,Cell1,cyc0000,cyc0100,C1ch,520,735954.8649840441,3.5934415,0.1073202704687331,313.326216,98.67620878772155
Cell1:cyc0000->cyc0100,Cell1,cyc0000,cyc0100,C1ch,521,735954.8649956181,3.5933614,0.1075266547158034,313.33872099999996,98.67620878772155
Cell1:cyc0000->cyc0100,Cell1,cyc0000,cyc0100,C1ch,522,735954.8650071922,3.5938425,0.1077330377781948,313.36369199999996,98.67620878772155
Cell1:cyc0000->cyc0100,Cell1,cyc0000,cyc0100,C1ch,523,735954.8650187663,3.5939229,0.10793942134636769,313.31374999999997,98.67620878772155
Cell1:cyc0000->cyc0100,Cell1,cyc0000,cyc0100,C1ch,524,735954.8650303404,3.5946045,0.1081458066915114,313.36369199999996,98.67620878772155
Cell1:cyc0000->cyc0100,Cell1,cyc0000,cyc0100,C1ch,525,735954.8650419144,3.5946445,0.1083521915768432,313.326216,98.67620878772155
Cell1:cyc0000->cyc0100,Cell1,cyc0000,cyc0100,C1ch,526,735954.8650534885,3.5951259,0.1085585755516391,313.30128299999996,98.67620878772155
Cell1:cyc0000->cyc0100,Cell1,cyc0000,cyc0100,C1ch,527,735954.8650650625,3.5953665,0.1087649604918959,313.33872099999996,98.67620878772155
Cell1:cyc0000->cyc0100,Cell1,cyc0000,cyc0100,C1ch,528,735954.8650766367,3.595607,0.10897134619069421,313.288779,98.67620878772155
Cell1:cyc0000->cyc0100,Cell1,cyc0000,cyc0100,C1ch,529,735954.8650882107,3.595968,0.10917772903398981,313.376158,98.67620878772155
Cell1:cyc0000->cyc0100,Cell1,cyc0000,cyc0100,C1ch,530,735954.8650997848,3.5964894,0.10938411254036799,313.30128299999996,98.67620878772155
Cell1:cyc0000->cyc0100,Cell1,cyc0000,cyc0100,C1ch,531,735954.8651113589,3.5964894,0.109590498797821,313.31374999999997,98.67620878772155
Cell1:cyc0000->cyc0100,Cell1,cyc0000,cyc0100,C1ch,532,735954.8651229329,3.59677,0.10979688495272831,313.33872099999996,98.67620878772155
Cell1:cyc0000->cyc0100,Cell1,cyc0000,cyc0100,C1ch,533,735954.8651345071,3.5974517,0.1100032729498155,313.326216,98.67620878772155
Cell1:cyc0000->cyc0100,Cell1,cyc0000,cyc0100,C1ch,534,735954.8651460811,3.5976121,0.1102096578335775,313.263808,98.67620878772155
Cell1:cyc0000->cyc0100,Cell1,cyc0000,cyc0100,C1ch,535,735954.8651576552,3.5976522,0.11041604380990261,313.36369199999996,98.67620878772155
Cell1:cyc0000->cyc0100,Cell1,cyc0000,cyc0100,C1ch,536,735954.8651692292,3.5980933,0.11062243073588389,313.33872099999996,98.67620878772155
Cell1:cyc0000->cyc0100,Cell1,cyc0000,cyc0100,C1ch,537,735954.8651808033,3.5984542,0.1108288182539368,313.31374999999997,98.67620878772155
Cell1:cyc0000->cyc0100,Cell1,cyc0000,cyc0100,C1ch,538,735954.8651923774,3.5986147,0.11103520327904261,313.288779,98.67620878772155
Cell1:cyc0000->cyc0100,Cell1,cyc0000,cyc0100,C1ch,539,735954.8652039515,3.5990157,0.11124158932438491,313.376158,98.67620878772155
Cell1:cyc0000->cyc0100,Cell1,cyc0000,cyc0100,C1ch,540,735954.8652155255,3.5993767,0.11144797526871071,313.25134099999997,98.67620878772155
Cell1:cyc0000->cyc0100,Cell1,cyc0000,cyc0100,C1ch,541,735954.8652270996,3.5995371,0.111654361718828,313.326216,98.67620878772155
Cell1:cyc0000->cyc0100,Cell1,cyc0000,cyc0100,C1ch,542,735954.8652386736,3.6000183,0.11186074416071909,313.36369199999996,98.67620878772155
Cell1:cyc0000->cyc0100,Cell1,cyc0000,cyc0100,C1ch,543,735954.8652502478,3.6004593,0.1120671304163106,313.451033,98.67620878772155
Cell1:cyc0000->cyc0100,Cell1,cyc0000,cyc0100,C1ch,544,735954.8652618219,3.6005797,0.1122735179167921,313.30128299999996,98.67620878772155
Cell1:cyc0000->cyc0100,Cell1,cyc0000,cyc0100,C1ch,545,735954.8652733959,3.6011412,0.1124798985713128,313.33872099999996,98.67620878772155
Cell1:cyc0000->cyc0100,Cell1,cyc0000,cyc0100,C1ch,546,735954.86528497,3.6012614,0.1126862829068197,313.42610399999995,98.67620878772155
Cell1:cyc0000->cyc0100,Cell1,cyc0000,cyc0100,C1ch,547,735954.865296544,3.6017425,0.1128926665405714,313.263808,98.67620878772155
Cell1:cyc0000->cyc0100,Cell1,cyc0000,cyc0100,C1ch,548,735954.8653081182,3.6018229,0.1130990499550544,313.351187,98.67620878772155
Cell1:cyc0000->cyc0100,Cell1,cyc0000,cyc0100,C1ch,549,735954.8653196922,3.6020634,0.1133054333074884,313.25134099999997,98.67620878772155
Cell1:cyc0000->cyc0100,Cell1,cyc0000,cyc0100,C1ch,550,735954.8653312663,3.6024244,0.1135118163311666,313.351187,98.67620878772155
Cell1:cyc0000->cyc0100,Cell1,cyc0000,cyc0100,C1ch,551,735954.8653428403,3.6027853,0.11371819885628259,313.376158,98.67620878772155
Cell1:cyc0000->cyc0100,Cell1,cyc0000,cyc0100,C1ch,552,735954.8653544144,3.6029055,0.113924582447503,313.326216,98.67620878772155
Cell1:cyc0000->cyc0100,Cell1,cyc0000,cyc0100,C1ch,553,735954.8653659885,3.6033466,0.11413096748664679,313.351187,98.67620878772155
Cell1:cyc0000->cyc0100,Cell1,cyc0000,cyc0100,C1ch,554,735954.8653775626,3.6035874,0.1143373529199049,313.288779,98.67620878772155
Cell1:cyc0000->cyc0100,Cell1,cyc0000,cyc0100,C1ch,555,735954.8653891366,3.6041086,0.1145437379362081,313.36369199999996,98.67620878772155
Cell1:cyc0000->cyc0100,Cell1,cyc0000,cyc0100,C1ch,556,735954.8654007107,3.6043091,0.1147501232353177,313.33872099999996,98.67620878772155
Cell1:cyc0000->cyc0100,Cell1,cyc0000,cyc0100,C1ch,557,735954.8654122849,3.6049507,0.1149565100108371,313.27631199999996,98.67620878772155
Cell1:cyc0000->cyc0100,Cell1,cyc0000,cyc0100,C1ch,558,735954.8654238589,3.6051912,0.1151628938634542,313.25134099999997,98.67620878772155
Cell1:cyc0000->cyc0100,Cell1,cyc0000,cyc0100,C1ch,559,735954.865435433,3.6053917,0.115369276018948,313.36369199999996,98.67620878772155
Cell1:cyc0000->cyc0100,Cell1,cyc0000,cyc0100,C1ch,560,735954.865447007,3.6056325,0.11557565941570709,313.351187,98.67620878772155
Cell1:cyc0000->cyc0100,Cell1,cyc0000,cyc0100,C1ch,561,735954.8654585811,3.6060336,0.1157820424641656,313.288779,98.67620878772155
Cell1:cyc0000->cyc0100,Cell1,cyc0000,cyc0100,C1ch,562,735954.8654701551,3.6063943,0.1159884257175666,313.351187,98.67620878772155
Cell1:cyc0000->cyc0100,Cell1,cyc0000,cyc0100,C1ch,563,735954.8654817293,3.6067553,0.1161948089074707,313.36369199999996,98.67620878772155
Cell1:cyc0000->cyc0100,Cell1,cyc0000,cyc0100,C1ch,564,735954.8654933033,3.6070361,0.1164011919452888,313.30128299999996,98.67620878772155
Cell1:cyc0000->cyc0100,Cell1,cyc0000,cyc0100,C1ch,565,735954.8655048774,3.6076376,0.11660757343255619,313.36369199999996,98.67620878772155
Cell1:cyc0000->cyc0100,Cell1,cyc0000,cyc0100,C1ch,566,735954.8655164514,3.6076777,0.1168139545519646,313.326216,98.67620878772155
Cell1:cyc0000->cyc0100,Cell1,cyc0000,cyc0100,C1ch,567,735954.8655280255,3.6079984,0.1170203361893378,313.33872099999996,98.67620878772155
Cell1:cyc0000->cyc0100,Cell1,cyc0000,cyc0100,C1ch,568,735954.8655395996,3.6081989,0.11722672042254641,313.36369199999996,98.67620878772155
Cell1:cyc0000->cyc0100,Cell1,cyc0000,cyc0100,C1ch,569,735954.8655511737,3.6085598,0.1174331033808831,313.326216,98.67620878772155
Cell1:cyc0000->cyc0100,Cell1,cyc0000,cyc0100,C1ch,570,735954.8655627478,3.6088407,0.11763948327325101,313.31374999999997,98.67620878772155
Cell1:cyc0000->cyc0100,Cell1,cyc0000,cyc0100,C1ch,571,735954.8655743218,3.6092415,0.1178458654393785,313.326216,98.67620878772155
Cell1:cyc0000->cyc0100,Cell1,cyc0000,cyc0100,C1ch,572,735954.865585896,3.6096025,0.1180522497183363,313.288779,98.67620878772155
Cell1:cyc0000->cyc0100,Cell1,cyc0000,cyc0100,C1ch,573,735954.86559747,3.6100838,0.1182586343510674,313.31374999999997,98.67620878772155
Cell1:cyc0000->cyc0100,Cell1,cyc0000,cyc0100,C1ch,574,735954.8656090441,3.6102843,0.11846501637762791,313.27631199999996,98.67620878772155
Cell1:cyc0000->cyc0100,Cell1,cyc0000,cyc0100,C1ch,575,735954.8656206181,3.610605,0.11867139764719979,313.351187,98.67620878772155
Cell1:cyc0000->cyc0100,Cell1,cyc0000,cyc0100,C1ch,576,735954.8656321922,3.6108859,0.1188777790599772,313.376158,98.67620878772155
Cell1:cyc0000->cyc0100,Cell1,cyc0000,cyc0100,C1ch,577,735954.8656437662,3.6111665,0.1190841614999627,313.376158,98.67620878772155
Cell1:cyc0000->cyc0100,Cell1,cyc0000,cyc0100,C1ch,578,735954.8656553404,3.6116076,0.1192905440763177,313.27631199999996,98.67620878772155
Cell1:cyc0000->cyc0100,Cell1,cyc0000,cyc0100,C1ch,579,735954.8656669144,3.6122091,0.11949692755415511,313.351187,98.67620878772155
Cell1:cyc0000->cyc0100,Cell1,cyc0000,cyc0100,C1ch,580,735954.8656784885,3.6122491,0.119703309124393,313.31374999999997,98.67620878772155
Cell1:cyc0000->cyc0100,Cell1,cyc0000,cyc0100,C1ch,581,735954.8656900625,3.6126101,0.11990968888781739,313.31374999999997,98.67620878772155
Cell1:cyc0000->cyc0100,Cell1,cyc0000,cyc0100,C1ch,582,735954.8657016366,3.612891,0.1201160695880534,313.388625,98.67620878772155
Cell1:cyc0000->cyc0100,Cell1,cyc0000,cyc0100,C1ch,583,735954.8657132107,3.6134522,0.1203224485660434,313.326216,98.67620878772155
Cell1:cyc0000->cyc0100,Cell1,cyc0000,cyc0100,C1ch,584,735954.8657247848,3.6134121,0.1205288296165873,313.36369199999996,98.67620878772155
Cell1:cyc0000->cyc0100,Cell1,cyc0000,cyc0100,C1ch,585,735954.8657363589,3.6139736,0.1207352099599881,313.326216,98.67620878772155
Cell1:cyc0000->cyc0100,Cell1,cyc0000,cyc0100,C1ch,586,735954.8657479329,3.6141341,0.1209415911234165,313.31374999999997,98.67620878772155
Cell1:cyc0000->cyc0100,Cell1,cyc0000,cyc0100,C1ch,587,735954.865759507,3.6144547,0.12114797177248811,313.31374999999997,98.67620878772155
Cell1:cyc0000->cyc0100,Cell1,cyc0000,cyc0100,C1ch,588,735954.8657710811,3.6148958,0.1213543529749654,313.351187,98.67620878772155
Cell1:cyc0000->cyc0100,Cell1,cyc0000,cyc0100,C1ch,589,735954.8657826552,3.6153371,0.1215607354928962,313.40113299999996,98.67620878772155
Cell1:cyc0000->cyc0100,Cell1,cyc0000,cyc0100,C1ch,590,735954.8657942292,3.6156578,0.1217671183168776,313.36369199999996,98.67620878772155
Cell1:cyc0000->cyc0100,Cell1,cyc0000,cyc0100,C1ch,591,735954.8658058033,3.6157782,0.1219735011264784,313.351187,98.67620878772155
Cell1:cyc0000->cyc0100,Cell1,cyc0000,cyc0100,C1ch,592,735954.8658173773,3.6164598,0.1221798828982035,313.31374999999997,98.67620878772155
Cell1:cyc0000->cyc0100,Cell1,cyc0000,cyc0100,C1ch,593,735954.8658289515,3.6165402,0.12238626407945419,313.326216,98.67620878772155
Cell1:cyc0000->cyc0100,Cell1,cyc0000,cyc0100,C1ch,594,735954.8658405255,3.6169009,0.12259264357376441,313.36369199999996,98.67620878772155
Cell1:cyc0000->cyc0100,Cell1,cyc0000,cyc0100,C1ch,595,735954.8658520996,3.6174624,0.1227990229127638,313.351187,98.67620878772155
Cell1:cyc0000->cyc0100,Cell1,cyc0000,cyc0100,C1ch,596,735954.8658636736,3.6175425,0.1230054028137749,313.33872099999996,98.67620878772155
Cell1:cyc0000->cyc0100,Cell1,cyc0000,cyc0100,C1ch,597,735954.8658752477,3.6182644,0.12321178430264619,313.30128299999996,98.67620878772155
Cell1:cyc0000->cyc0100,Cell1,cyc0000,cyc0100,C1ch,598,735954.8658868219,3.6183848,0.1234181630228543,313.326216,98.67620878772155
Cell1:cyc0000->cyc0100,Cell1,cyc0000,cyc0100,C1ch,599,735954.8658983959,3.6187456,0.1236245405971476,313.31374999999997,98.67620878772155
Cell1:cyc0000->cyc0100,Cell1,cyc0000,cyc0100,C1ch,600,735954.86590997,3.6191466,0.1238309208836568,313.288779,98.67620878772155
Cell1:cyc0000->cyc0100,Cell1,cyc0000,cyc0100,C1ch,601,735954.865921544,3.6193471,0.1240373038222453,313.388625,98.67620878772155
Cell1:cyc0000->cyc0100,Cell1,cyc0000,cyc0100,C1ch,602,735954.8659331182,3.6197081,0.1242436873445977,313.376158,98.67620878772155
Cell1:cyc0000->cyc0100,Cell1,cyc0000,cyc0100,C1ch,603,735954.8659446922,3.6199889,0.1244500691783244,313.36369199999996,98.67620878772155
Cell1:cyc0000->cyc0100,Cell1,cyc0000,cyc0100,C1ch,604,735954.8659562663,3.6205101,0.1246564522321133,313.31374999999997,98.67620878772155
Cell1:cyc0000->cyc0100,Cell1,cyc0000,cyc0100,C1ch,605,735954.8659678403,3.6209111,0.1248628337423537,313.388625,98.67620878772155
Cell1:cyc0000->cyc0100,Cell1,cyc0000,cyc0100,C1ch,606,735954.8659794144,3.6213522,0.1250692155939161,313.351187,98.67620878772155
Cell1:cyc0000->cyc0100,Cell1,cyc0000,cyc0100,C1ch,607,735954.8659909884,3.6213923,0.1252755952598979,313.33872099999996,98.67620878772155
Cell1:cyc0000->cyc0100,Cell1,cyc0000,cyc0100,C1ch,608,735954.8660025626,3.6219137,0.1254819759178772,313.351187,98.67620878772155
Cell1:cyc0000->cyc0100,Cell1,cyc0000,cyc0100,C1ch,609,735954.8660141366,3.6219137,0.1256883558967217,313.351187,98.67620878772155
Cell1:cyc0000->cyc0100,Cell1,cyc0000,cyc0100,C1ch,610,735954.8660257107,3.6227558,0.1258947361285672,313.326216,98.67620878772155
Cell1:cyc0000->cyc0100,Cell1,cyc0000,cyc0100,C1ch,611,735954.8660372848,3.6231167,0.1261011154444377,313.36369199999996,98.67620878772155
Cell1:cyc0000->cyc0100,Cell1,cyc0000,cyc0100,C1ch,612,735954.8660488589,3.6233172,0.12630749429534238,313.30128299999996,98.67620878772155
Cell1:cyc0000->cyc0100,Cell1,cyc0000,cyc0100,C1ch,613,735954.866060433,3.6235979,0.1265138735991448,313.36369199999996,98.67620878772155
Cell1:cyc0000->cyc0100,Cell1,cyc0000,cyc0100,C1ch,614,735954.866072007,3.6240792,0.12672025209817508,313.351187,98.67620878772155
Cell1:cyc0000->cyc0100,Cell1,cyc0000,cyc0100,C1ch,615,735954.8660835811,3.6243999,0.1269266319550578,313.351187,98.67620878772155
Cell1:cyc0000->cyc0100,Cell1,cyc0000,cyc0100,C1ch,616,735954.8660951551,3.6248009,0.127133011988956,313.413599,98.67620878772155
Cell1:cyc0000->cyc0100,Cell1,cyc0000,cyc0100,C1ch,617,735954.8661067293,3.6252019,0.1273393924065043,313.413599,98.67620878772155
Cell1:cyc0000->cyc0100,Cell1,cyc0000,cyc0100,C1ch,618,735954.8661183033,3.6253624,0.1275457736778802,313.288779,98.67620878772155
Cell1:cyc0000->cyc0100,Cell1,cyc0000,cyc0100,C1ch,619,735954.8661298774,3.6259239,0.1277521557239922,313.31374999999997,98.67620878772155
Cell1:cyc0000->cyc0100,Cell1,cyc0000,cyc0100,C1ch,620,735954.8661414514,3.6261644,0.1279585368666212,313.36369199999996,98.67620878772155
Cell1:cyc0000->cyc0100,Cell1,cyc0000,cyc0100,C1ch,621,735954.8661530255,3.6266055,0.1281649181681552,313.31374999999997,98.67620878772155
Cell1:cyc0000->cyc0100,Cell1,cyc0000,cyc0100,C1ch,622,735954.8661645995,3.6267259,0.12837129993643528,313.31374999999997,98.67620878772155
Cell1:cyc0000->cyc0100,Cell1,cyc0000,cyc0100,C1ch,623,735954.8661761737,3.6273675,0.1285776828911302,313.36369199999996,98.67620878772155
Cell1:cyc0000->cyc0100,Cell1,cyc0000,cyc0100,C1ch,624,735954.8661877478,3.6276081,0.1287840651810099,313.31374999999997,98.67620878772155
Cell1:cyc0000->cyc0100,Cell1,cyc0000,cyc0100,C1ch,625,735954.8661993218,3.6281295,0.1289904499250861,313.326216,98.67620878772155
Cell1:cyc0000->cyc0100,Cell1,cyc0000,cyc0100,C1ch,626,735954.8662108959,3.62837,0.1291968320558845,313.33872099999996,98.67620878772155
Cell1:cyc0000->cyc0100,Cell1,cyc0000,cyc0100,C1ch,627,735954.86622247,3.628731,0.1294032152918294,313.30128299999996,98.67620878772155
Cell1:cyc0000->cyc0100,Cell1,cyc0000,cyc0100,C1ch,628,735954.8662340441,3.6292121,0.1296095979475979,313.376158,98.67620878772155
Cell1:cyc0000->cyc0100,Cell1,cyc0000,cyc0100,C1ch,629,735954.8662456181,3.6295331,0.1298159807202013,313.376158,98.67620878772155
Cell1:cyc0000->cyc0100,Cell1,cyc0000,cyc0100,C1ch,630,735954.8662571922,3.6297336,0.13002236319396288,313.326216,98.67620878772155
Cell1:cyc0000->cyc0100,Cell1,cyc0000,cyc0100,C1ch,631,735954.8662687662,3.6302948,0.1302287448933784,313.263808,98.67620878772155
Cell1:cyc0000->cyc0100,Cell1,cyc0000,cyc0100,C1ch,632,735954.8662803404,3.6306558,0.13043512767675441,313.30128299999996,98.67620878772155
Cell1:cyc0000->cyc0100,Cell1,cyc0000,cyc0100,C1ch,633,735954.8662919144,3.6307762,0.13064150975446231,313.288779,98.67620878772155
Cell1:cyc0000->cyc0100,Cell1,cyc0000,cyc0100,C1ch,634,735954.8663034885,3.6312172,0.13084789276565892,313.326216,98.67620878772155
Cell1:cyc0000->cyc0100,Cell1,cyc0000,cyc0100,C1ch,635,735954.8663150625,3.6315382,0.1310542744616021,313.413599,98.67620878772155
Cell1:cyc0000->cyc0100,Cell1,cyc0000,cyc0100,C1ch,636,735954.8663266366,3.6320994,0.13126065792185468,313.388625,98.67620878772155
Cell1:cyc0000->cyc0100,Cell1,cyc0000,cyc0100,C1ch,637,735954.8663382108,3.6326208,0.1314670402258708,313.40113299999996,98.67620878772155
Cell1:cyc0000->cyc0100,Cell1,cyc0000,cyc0100,C1ch,638,735954.8663497848,3.6326609,0.1316734240504218,313.33872099999996,98.67620878772155
Cell1:cyc0000->cyc0100,Cell1,cyc0000,cyc0100,C1ch,639,735954.8663613589,3.6331823,0.1318798087927246,313.40113299999996,98.67620878772155
Cell1:cyc0000->cyc0100,Cell1,cyc0000,cyc0100,C1ch,640,735954.8663729329,3.6334229,0.13208619365871851,313.27631199999996,98.67620878772155
Cell1:cyc0000->cyc0100,Cell1,cyc0000,cyc0100,C1ch,641,735954.866384507,3.6338639,0.1322925779129605,313.376158,98.67620878772155
Cell1:cyc0000->cyc0100,Cell1,cyc0000,cyc0100,C1ch,642,735954.866396081,3.6344655,0.13249896181881038,313.31374999999997,98.67620878772155
Cell1:cyc0000->cyc0100,Cell1,cyc0000,cyc0100,C1ch,643,735954.8664076552,3.6347461,0.1327053464407111,313.42610399999995,98.67620878772155
Cell1:cyc0000->cyc0100,Cell1,cyc0000,cyc0100,C1ch,644,735954.8664192292,3.6348665,0.1329117308576321,313.31374999999997,98.67620878772155
Cell1:cyc0000->cyc0100,Cell1,cyc0000,cyc0100,C1ch,645,735954.8664308033,3.6352675,0.1331181150959846,313.30128299999996,98.67620878772155
Cell1:cyc0000->cyc0100,Cell1,cyc0000,cyc0100,C1ch,646,735954.8664423773,3.6359091,0.13332450060004,313.36369199999996,98.67620878772155
Cell1:cyc0000->cyc0100,Cell1,cyc0000,cyc0100,C1ch,647,735954.8664539515,3.6360695,0.13353088534589638,313.31374999999997,98.67620878772155
Cell1:cyc0000->cyc0100,Cell1,cyc0000,cyc0100,C1ch,648,735954.8664655255,3.636631,0.1337372659437731,313.288779,98.67620878772155
Cell1:cyc0000->cyc0100,Cell1,cyc0000,cyc0100,C1ch,649,735954.8664770996,3.6369116,0.1339436483751119,313.326216,98.67620878772155
Cell1:cyc0000->cyc0100,Cell1,cyc0000,cyc0100,C1ch,650,735954.8664886737,3.6371922,0.1341500291725023,313.33872099999996,98.67620878772155
Cell1:cyc0000->cyc0100,Cell1,cyc0000,cyc0100,C1ch,651,735954.8665002477,3.6375532,0.1343564118832804,313.30128299999996,98.67620878772155
Cell1:cyc0000->cyc0100,Cell1,cyc0000,cyc0100,C1ch,652,735954.8665118219,3.6379542,0.1345627933951145,313.326216,98.67620878772155
Cell1:cyc0000->cyc0100,Cell1,cyc0000,cyc0100,C1ch,653,735954.8665233959,3.6385157,0.1347691741447618,313.288779,98.67620878772155
Cell1:cyc0000->cyc0100,Cell1,cyc0000,cyc0100,C1ch,654,735954.86653497,3.6387963,0.1349755572600369,313.376158,98.67620878772155
Cell1:cyc0000->cyc0100,Cell1,cyc0000,cyc0100,C1ch,655,735954.866546544,3.6392376,0.1351819409129198,313.376158,98.67620878772155
Cell1:cyc0000->cyc0100,Cell1,cyc0000,cyc0100,C1ch,656,735954.8665581181,3.6397188,0.13538832368723208,313.388625,98.67620878772155
Cell1:cyc0000->cyc0100,Cell1,cyc0000,cyc0100,C1ch,657,735954.8665696922,3.6400797,0.13559470448650449,313.351187,98.67620878772155
Cell1:cyc0000->cyc0100,Cell1,cyc0000,cyc0100,C1ch,658,735954.8665812663,3.6400397,0.1358010850222609,313.31374999999997,98.67620878772155
Cell1:cyc0000->cyc0100,Cell1,cyc0000,cyc0100,C1ch,659,735954.8665928403,3.6406412,0.1360074650296427,313.351187,98.67620878772155
Cell1:cyc0000->cyc0100,Cell1,cyc0000,cyc0100,C1ch,660,735954.8666044144,3.6409218,0.1362138475264113,313.288779,98.67620878772155
Cell1:cyc0000->cyc0100,Cell1,cyc0000,cyc0100,C1ch,661,735954.8666159884,3.6415634,0.1364202323659498,313.36369199999996,98.67620878772155
Cell1:cyc0000->cyc0100,Cell1,cyc0000,cyc0100,C1ch,662,735954.8666275626,3.6419644,0.1366266169579129,313.351187,98.67620878772155
Cell1:cyc0000->cyc0100,Cell1,cyc0000,cyc0100,C1ch,663,735954.8666391367,3.6419644,0.1368330008425056,313.326216,98.67620878772155
Cell1:cyc0000->cyc0100,Cell1,cyc0000,cyc0100,C1ch,664,735954.8666507107,3.6427665,0.13703938512678018,313.351187,98.67620878772155
Cell1:cyc0000->cyc0100,Cell1,cyc0000,cyc0100,C1ch,665,735954.8666622848,3.6430874,0.1372457694057448,313.376158,98.67620878772155
Cell1:cyc0000->cyc0100,Cell1,cyc0000,cyc0100,C1ch,666,735954.8666738588,3.643368,0.13745215559058288,313.36369199999996,98.67620878772155
Cell1:cyc0000->cyc0100,Cell1,cyc0000,cyc0100,C1ch,667,735954.866685433,3.6436086,0.1376585416410455,313.31374999999997,98.67620878772155
Cell1:cyc0000->cyc0100,Cell1,cyc0000,cyc0100,C1ch,668,735954.866697007,3.6442101,0.13786492424200777,313.36369199999996,98.67620878772155
Cell1:cyc0000->cyc0100,Cell1,cyc0000,cyc0100,C1ch,669,735954.8667085811,3.644491,0.1380713072479926,313.376158,98.67620878772155
Cell1:cyc0000->cyc0100,Cell1,cyc0000,cyc0100,C1ch,670,735954.8667201551,3.6451325,0.13827769132007178,313.376158,98.67620878772155
Cell1:cyc0000->cyc0100,Cell1,cyc0000,cyc0100,C1ch,671,735954.8667317292,3.6452928,0.13848407469735718,313.27631199999996,98.67620878772155
Cell1:cyc0000->cyc0100,Cell1,cyc0000,cyc0100,C1ch,672,735954.8667433033,3.6457341,0.138690457558336,313.40113299999996,98.67620878772155
Cell1:cyc0000->cyc0100,Cell1,cyc0000,cyc0100,C1ch,673,735954.8667548774,3.6461751,0.13889684020544102,313.351187,98.67620878772155
Cell1:cyc0000->cyc0100,Cell1,cyc0000,cyc0100,C1ch,674,735954.8667664514,3.6466563,0.139103224631385,313.27631199999996,98.67620878772155
Cell1:cyc0000->cyc0100,Cell1,cyc0000,cyc0100,C1ch,675,735954.8667780255,3.6468568,0.1393096087424384,313.376158,98.67620878772155
Cell1:cyc0000->cyc0100,Cell1,cyc0000,cyc0100,C1ch,676,735954.8667895996,3.6473382,0.1395159934967719,313.288779,98.67620878772155
Cell1:cyc0000->cyc0100,Cell1,cyc0000,cyc0100,C1ch,677,735954.8668011737,3.6474984,0.1397223774734768,313.288779,98.67620878772155
Cell1:cyc0000->cyc0100,Cell1,cyc0000,cyc0100,C1ch,678,735954.8668127478,3.6480999,0.13992876068096918,313.413599,98.67620878772155
Cell1:cyc0000->cyc0100,Cell1,cyc0000,cyc0100,C1ch,679,735954.8668243218,3.6485412,0.1401351449174771,313.31374999999997,98.67620878772155
Cell1:cyc0000->cyc0100,Cell1,cyc0000,cyc0100,C1ch,680,735954.8668358959,3.6487415,0.14034152742293302,313.326216,98.67620878772155
Cell1:cyc0000->cyc0100,Cell1,cyc0000,cyc0100,C1ch,681,735954.8668474699,3.6494234,0.1405479095376553,313.288779,98.67620878772155
Cell1:cyc0000->cyc0100,Cell1,cyc0000,cyc0100,C1ch,682,735954.8668590441,3.649744,0.1407542915762397,313.33872099999996,98.67620878772155
Cell1:cyc0000->cyc0100,Cell1,cyc0000,cyc0100,C1ch,683,735954.8668706181,3.6498644,0.1409606741931424,313.33872099999996,98.67620878772155
Cell1:cyc0000->cyc0100,Cell1,cyc0000,cyc0100,C1ch,684,735954.8668821922,3.6504259,0.1411670569039239,313.326216,98.67620878772155
Cell1:cyc0000->cyc0100,Cell1,cyc0000,cyc0100,C1ch,685,735954.8668937662,3.6507065,0.1413734403148329,313.351187,98.67620878772155
Cell1:cyc0000->cyc0100,Cell1,cyc0000,cyc0100,C1ch,686,735954.8669053403,3.6514685,0.1415798237168071,313.351187,98.67620878772155
Cell1:cyc0000->cyc0100,Cell1,cyc0000,cyc0100,C1ch,687,735954.8669169144,3.6518695,0.141786205341919,313.36369199999996,98.67620878772155
Cell1:cyc0000->cyc0100,Cell1,cyc0000,cyc0100,C1ch,688,735954.8669284885,3.6519096,0.1419925867299974,313.30128299999996,98.67620878772155
Cell1:cyc0000->cyc0100,Cell1,cyc0000,cyc0100,C1ch,689,735954.8669400626,3.6523507,0.1421989676159498,313.388625,98.67620878772155
Cell1:cyc0000->cyc0100,Cell1,cyc0000,cyc0100,C1ch,690,735954.8669516366,3.6528721,0.1424053465290358,313.36369199999996,98.67620878772155
Cell1:cyc0000->cyc0100,Cell1,cyc0000,cyc0100,C1ch,691,735954.8669632107,3.6532731,0.1426117273194614,313.351187,98.67620878772155
Cell1:cyc0000->cyc0100,Cell1,cyc0000,cyc0100,C1ch,692,735954.8669747848,3.6535938,0.14281810863882108,313.40113299999996,98.67620878772155
Cell1:cyc0000->cyc0100,Cell1,cyc0000,cyc0100,C1ch,693,735954.8669863589,3.6539547,0.143024493559706,313.36369199999996,98.67620878772155
Cell1:cyc0000->cyc0100,Cell1,cyc0000,cyc0100,C1ch,694,735954.8669979329,3.6546767,0.1432308771491598,313.388625,98.67620878772155
Cell1:cyc0000->cyc0100,Cell1,cyc0000,cyc0100,C1ch,695,735954.867009507,3.6549573,0.1434372615856391,313.36369199999996,98.67620878772155
Cell1:cyc0000->cyc0100,Cell1,cyc0000,cyc0100,C1ch,696,735954.867021081,3.6552382,0.1436436459069756,313.263808,98.67620878772155
Cell1:cyc0000->cyc0100,Cell1,cyc0000,cyc0100,C1ch,697,735954.8670326552,3.6557593,0.14385003006593491,313.33872099999996,98.67620878772155
Cell1:cyc0000->cyc0100,Cell1,cyc0000,cyc0100,C1ch,698,735954.8670442292,3.6559598,0.1440564144207764,313.31374999999997,98.67620878772155
Cell1:cyc0000->cyc0100,Cell1,cyc0000,cyc0100,C1ch,699,735954.8670558033,3.6566014,0.14426279837254838,313.238875,98.67620878772155
Cell1:cyc0000->cyc0100,Cell1,cyc0000,cyc0100,C1ch,700,735954.8670673773,3.6570828,0.14446918100902642,313.30128299999996,98.67620878772155
Cell1:cyc0000->cyc0100,Cell1,cyc0000,cyc0100,C1ch,701,735954.8670789514,3.6573634,0.1446755636790704,313.388625,98.67620878772155
Cell1:cyc0000->cyc0100,Cell1,cyc0000,cyc0100,C1ch,702,735954.8670905256,3.6577244,0.1448819451007419,313.288779,98.67620878772155
Cell1:cyc0000->cyc0100,Cell1,cyc0000,cyc0100,C1ch,703,735954.8671020996,3.6581254,0.14508832920279952,313.33872099999996,98.67620878772155
Cell1:cyc0000->cyc0100,Cell1,cyc0000,cyc0100,C1ch,704,735954.8671136737,3.658406,0.1452947141694912,313.351187,98.67620878772155
Cell1:cyc0000->cyc0100,Cell1,cyc0000,cyc0100,C1ch,705,735954.8671252477,3.6590075,0.1455010985898878,313.33872099999996,98.67620878772155
Cell1:cyc0000->cyc0100,Cell1,cyc0000,cyc0100,C1ch,706,735954.8671368218,3.6592481,0.1457074828175184,313.33872099999996,98.67620878772155
Cell1:cyc0000->cyc0100,Cell1,cyc0000,cyc0100,C1ch,707,735954.8671483959,3.6598899,0.14591386620522728,313.25134099999997,98.67620878772155
Cell1:cyc0000->cyc0100,Cell1,cyc0000,cyc0100,C1ch,708,735954.86715997,3.6602106,0.1461202501357117,313.36369199999996,98.67620878772155
Cell1:cyc0000->cyc0100,Cell1,cyc0000,cyc0100,C1ch,709,735954.867171544,3.6606517,0.1463266334847514,313.288779,98.67620878772155
Cell1:cyc0000->cyc0100,Cell1,cyc0000,cyc0100,C1ch,710,735954.8671831181,3.6609325,0.1465330176645203,313.33872099999996,98.67620878772155
Cell1:cyc0000->cyc0100,Cell1,cyc0000,cyc0100,C1ch,711,735954.8671946921,3.6612532,0.14673940264687768,313.351187,98.67620878772155
Cell1:cyc0000->cyc0100,Cell1,cyc0000,cyc0100,C1ch,712,735954.8672062663,3.6620152,0.1469457866622925,313.263808,98.67620878772155
Cell1:cyc0000->cyc0100,Cell1,cyc0000,cyc0100,C1ch,713,735954.8672178403,3.6620553,0.1471521725854119,313.33872099999996,98.67620878772155
Cell1:cyc0000->cyc0100,Cell1,cyc0000,cyc0100,C1ch,714,735954.8672294144,3.6626568,0.1473585574406196,313.351187,98.67620878772155
Cell1:cyc0000->cyc0100,Cell1,cyc0000,cyc0100,C1ch,715,735954.8672409885,3.6630177,0.1475649417567308,313.376158,98.67620878772155
Cell1:cyc0000->cyc0100,Cell1,cyc0000,cyc0100,C1ch,716,735954.8672525625,3.6632583,0.1477713242394443,313.25134099999997,98.67620878772155
Cell1:cyc0000->cyc0100,Cell1,cyc0000,cyc0100,C1ch,717,735954.8672641367,3.6638598,0.1479777057724609,313.33872099999996,98.67620878772155
Cell1:cyc0000->cyc0100,Cell1,cyc0000,cyc0100,C1ch,718,735954.8672757107,3.6641808,0.1481840872028843,313.351187,98.67620878772155
Cell1:cyc0000->cyc0100,Cell1,cyc0000,cyc0100,C1ch,719,735954.8672872848,3.6646218,0.1483904691215447,313.33872099999996,98.67620878772155
Cell1:cyc0000->cyc0100,Cell1,cyc0000,cyc0100,C1ch,720,735954.8672988588,3.665103,0.1485968520337423,313.388625,98.67620878772155
Cell1:cyc0000->cyc0100,Cell1,cyc0000,cyc0100,C1ch,721,735954.867310433,3.6654239,0.1488032343236593,313.33872099999996,98.67620878772155
Cell1:cyc0000->cyc0100,Cell1,cyc0000,cyc0100,C1ch,722,735954.867322007,3.6661456,0.1490096181588711,313.351187,98.67620878772155
Cell1:cyc0000->cyc0100,Cell1,cyc0000,cyc0100,C1ch,723,735954.8673335811,3.6663461,0.149216001253123,313.36369199999996,98.67620878772155
Cell1:cyc0000->cyc0100,Cell1,cyc0000,cyc0100,C1ch,724,735954.8673451551,3.666707,0.1494223813012831,313.351187,98.67620878772155
Cell1:cyc0000->cyc0100,Cell1,cyc0000,cyc0100,C1ch,725,735954.8673567292,3.6672685,0.14962876233583922,313.42610399999995,98.67620878772155
Cell1:cyc0000->cyc0100,Cell1,cyc0000,cyc0100,C1ch,726,735954.8673683032,3.667469,0.1498351446610717,313.31374999999997,98.67620878772155
Cell1:cyc0000->cyc0100,Cell1,cyc0000,cyc0100,C1ch,727,735954.8673798774,3.6679502,0.1500415262772996,313.30128299999996,98.67620878772155
Cell1:cyc0000->cyc0100,Cell1,cyc0000,cyc0100,C1ch,728,735954.8673914515,3.6683111,0.1502479089880303,313.413599,98.67620878772155
Cell1:cyc0000->cyc0100,Cell1,cyc0000,cyc0100,C1ch,729,735954.8674030255,3.6687922,0.15045429096844481,313.351187,98.67620878772155
Cell1:cyc0000->cyc0100,Cell1,cyc0000,cyc0100,C1ch,730,735954.8674145996,3.6693537,0.15066067404700043,313.33872099999996,98.67620878772155
Cell1:cyc0000->cyc0100,Cell1,cyc0000,cyc0100,C1ch,731,735954.8674261736,3.6695142,0.1508670565155029,313.351187,98.67620878772155
Cell1:cyc0000->cyc0100,Cell1,cyc0000,cyc0100,C1ch,732,735954.8674377478,3.6700757,0.1510734415830146,313.376158,98.67620878772155
Cell1:cyc0000->cyc0100,Cell1,cyc0000,cyc0100,C1ch,733,735954.8674493218,3.6705568,0.1512798265957472,313.33872099999996,98.67620878772155
Cell1:cyc0000->cyc0100,Cell1,cyc0000,cyc0100,C1ch,734,735954.8674608959,3.6710382,0.1514862115642259,313.40113299999996,98.67620878772155
Cell1:cyc0000->cyc0100,Cell1,cyc0000,cyc0100,C1ch,735,735954.8674724699,3.6713588,0.15169259665483942,313.263808,98.67620878772155
Cell1:cyc0000->cyc0100,Cell1,cyc0000,cyc0100,C1ch,736,735954.867484044,3.6717598,0.1518989804563802,313.326216,98.67620878772155
Cell1:cyc0000->cyc0100,Cell1,cyc0000,cyc0100,C1ch,737,735954.8674956181,3.6724014,0.15210536449301482,313.388625,98.67620878772155
Cell1:cyc0000->cyc0100,Cell1,cyc0000,cyc0100,C1ch,738,735954.8675071922,3.6726823,0.152311748966512,313.376158,98.67620878772155
Cell1:cyc0000->cyc0100,Cell1,cyc0000,cyc0100,C1ch,739,735954.8675187662,3.673003,0.15251813404272802,313.40113299999996,98.67620878772155
Cell1:cyc0000->cyc0100,Cell1,cyc0000,cyc0100,C1ch,740,735954.8675303403,3.673444,0.15272451747841048,313.30128299999996,98.67620878772155
Cell1:cyc0000->cyc0100,Cell1,cyc0000,cyc0100,C1ch,741,735954.8675419145,3.6739254,0.15293090157154338,313.326216,98.67620878772155
Cell1:cyc0000->cyc0100,Cell1,cyc0000,cyc0100,C1ch,742,735954.8675534885,3.6743264,0.15313728645167712,313.33872099999996,98.67620878772155
Cell1:cyc0000->cyc0100,Cell1,cyc0000,cyc0100,C1ch,743,735954.8675650626,3.674567,0.1533436702142707,313.40113299999996,98.67620878772155
Cell1:cyc0000->cyc0100,Cell1,cyc0000,cyc0100,C1ch,744,735954.8675766366,3.6748879,0.1535500562506239,313.33872099999996,98.67620878772155
Cell1:cyc0000->cyc0100,Cell1,cyc0000,cyc0100,C1ch,745,735954.8675882107,3.6754491,0.1537564403792046,313.33872099999996,98.67620878772155
Cell1:cyc0000->cyc0100,Cell1,cyc0000,cyc0100,C1ch,746,735954.8675997847,3.6758502,0.15396282754359258,313.413599,98.67620878772155
Cell1:cyc0000->cyc0100,Cell1,cyc0000,cyc0100,C1ch,747,735954.8676113589,3.6762912,0.1541692133552382,313.40113299999996,98.67620878772155
Cell1:cyc0000->cyc0100,Cell1,cyc0000,cyc0100,C1ch,748,735954.8676229329,3.6766522,0.1543756008820801,313.30128299999996,98.67620878772155
Cell1:cyc0000->cyc0100,Cell1,cyc0000,cyc0100,C1ch,749,735954.867634507,3.6772938,0.15458198734839879,313.40113299999996,98.67620878772155
Cell1:cyc0000->cyc0100,Cell1,cyc0000,cyc0100,C1ch,750,735954.867646081,3.6774142,0.1547883723983324,313.351187,98.67620878772155
Cell1:cyc0000->cyc0100,Cell1,cyc0000,cyc0100,C1ch,751,735954.8676576552,3.6781361,0.1549947574092848,313.351187,98.67620878772155
Cell1:cyc0000->cyc0100,Cell1,cyc0000,cyc0100,C1ch,752,735954.8676692292,3.6783366,0.1552011420275573,313.43856999999997,98.67620878772155
Cell1:cyc0000->cyc0100,Cell1,cyc0000,cyc0100,C1ch,753,735954.8676808033,3.6785772,0.15540752415997322,313.326216,98.67620878772155
Cell1:cyc0000->cyc0100,Cell1,cyc0000,cyc0100,C1ch,754,735954.8676923774,3.6793392,0.1556139057283902,313.27631199999996,98.67620878772155
Cell1:cyc0000->cyc0100,Cell1,cyc0000,cyc0100,C1ch,755,735954.8677039514,3.6795797,0.1558202907781779,313.31374999999997,98.67620878772155
Cell1:cyc0000->cyc0100,Cell1,cyc0000,cyc0100,C1ch,756,735954.8677155256,3.6800208,0.1560266743356018,313.40113299999996,98.67620878772155
Cell1:cyc0000->cyc0100,Cell1,cyc0000,cyc0100,C1ch,757,735954.8677270996,3.6804619,0.15623305834590662,313.413599,98.67620878772155
Cell1:cyc0000->cyc0100,Cell1,cyc0000,cyc0100,C1ch,758,735954.8677386737,3.6808629,0.156439442745124,313.33872099999996,98.67620878772155
Cell1:cyc0000->cyc0100,Cell1,cyc0000,cyc0100,C1ch,759,735954.8677502477,3.6811838,0.15664582814879008,313.326216,98.67620878772155
Cell1:cyc0000->cyc0100,Cell1,cyc0000,cyc0100,C1ch,760,735954.8677618218,3.6817853,0.15685221373788452,313.36369199999996,98.67620878772155
Cell1:cyc0000->cyc0100,Cell1,cyc0000,cyc0100,C1ch,761,735954.8677733958,3.6819456,0.15705859882323198,313.30128299999996,98.67620878772155
Cell1:cyc0000->cyc0100,Cell1,cyc0000,cyc0100,C1ch,762,735954.86778497,3.6824269,0.1572649811995985,313.33872099999996,98.67620878772155
Cell1:cyc0000->cyc0100,Cell1,cyc0000,cyc0100,C1ch,763,735954.867796544,3.6828279,0.1574713647553203,313.351187,98.67620878772155
Cell1:cyc0000->cyc0100,Cell1,cyc0000,cyc0100,C1ch,764,735954.8678081181,3.68363,0.1576777496423102,313.40113299999996,98.67620878772155
Cell1:cyc0000->cyc0100,Cell1,cyc0000,cyc0100,C1ch,765,735954.8678196921,3.6837101,0.1578841330035875,313.288779,98.67620878772155
Cell1:cyc0000->cyc0100,Cell1,cyc0000,cyc0100,C1ch,766,735954.8678312663,3.6841512,0.1580905155215047,313.36369199999996,98.67620878772155
Cell1:cyc0000->cyc0100,Cell1,cyc0000,cyc0100,C1ch,767,735954.8678428403,3.6847126,0.15829689690796578,313.36369199999996,98.67620878772155
Cell1:cyc0000->cyc0100,Cell1,cyc0000,cyc0100,C1ch,768,735954.8678544144,3.6848731,0.15850328275525918,313.326216,98.67620878772155
Cell1:cyc0000->cyc0100,Cell1,cyc0000,cyc0100,C1ch,769,735954.8678659885,3.6855147,0.1587096676088121,313.326216,98.67620878772155
Cell1:cyc0000->cyc0100,Cell1,cyc0000,cyc0100,C1ch,770,735954.8678775625,3.6857953,0.1589160540536804,313.30128299999996,98.67620878772155
Cell1:cyc0000->cyc0100,Cell1,cyc0000,cyc0100,C1ch,771,735954.8678891367,3.6862767,0.15912244008823312,313.376158,98.67620878772155
Cell1:cyc0000->cyc0100,Cell1,cyc0000,cyc0100,C1ch,772,735954.8679007107,3.6866376,0.1593288226857571,313.33872099999996,98.67620878772155
Cell1:cyc0000->cyc0100,Cell1,cyc0000,cyc0100,C1ch,773,735954.8679122848,3.6869984,0.1595352048465983,313.326216,98.67620878772155
Cell1:cyc0000->cyc0100,Cell1,cyc0000,cyc0100,C1ch,774,735954.8679238588,3.6874797,0.15974158805268351,313.388625,98.67620878772155
Cell1:cyc0000->cyc0100,Cell1,cyc0000,cyc0100,C1ch,775,735954.8679354329,3.6878808,0.15994796971136468,313.40113299999996,98.67620878772155
Cell1:cyc0000->cyc0100,Cell1,cyc0000,cyc0100,C1ch,776,735954.867947007,3.6883218,0.1601543519197896,313.376158,98.67620878772155
Cell1:cyc0000->cyc0100,Cell1,cyc0000,cyc0100,C1ch,777,735954.8679585811,3.6888833,0.1603607342468126,313.388625,98.67620878772155
Cell1:cyc0000->cyc0100,Cell1,cyc0000,cyc0100,C1ch,778,735954.8679701551,3.6893244,0.1605671180075107,313.413599,98.67620878772155
Cell1:cyc0000->cyc0100,Cell1,cyc0000,cyc0100,C1ch,779,735954.8679817292,3.6895649,0.16077350160743878,313.351187,98.67620878772155
Cell1:cyc0000->cyc0100,Cell1,cyc0000,cyc0100,C1ch,780,735954.8679933032,3.6898456,0.1609798860031569,313.351187,98.67620878772155
Cell1:cyc0000->cyc0100,Cell1,cyc0000,cyc0100,C1ch,781,735954.8680048774,3.690407,0.1611862703051927,313.31374999999997,98.67620878772155
Cell1:cyc0000->cyc0100,Cell1,cyc0000,cyc0100,C1ch,782,735954.8680164515,3.6907279,0.1613926547891947,313.27631199999996,98.67620878772155
Cell1:cyc0000->cyc0100,Cell1,cyc0000,cyc0100,C1ch,783,735954.8680280255,3.6912491,0.1615990369093696,313.351187,98.67620878772155
Cell1:cyc0000->cyc0100,Cell1,cyc0000,cyc0100,C1ch,784,735954.8680395996,3.69153,0.16180542399072267,313.351187,98.67620878772155
Cell1:cyc0000->cyc0100,Cell1,cyc0000,cyc0100,C1ch,785,735954.8680511736,3.6920912,0.1620118096736044,313.288779,98.67620878772155
Cell1:cyc0000->cyc0100,Cell1,cyc0000,cyc0100,C1ch,786,735954.8680627478,3.6922917,0.1622181953336453,313.288779,98.67620878772155
Cell1:cyc0000->cyc0100,Cell1,cyc0000,cyc0100,C1ch,787,735954.8680743218,3.6930938,0.1624245798442858,313.33872099999996,98.67620878772155
Cell1:cyc0000->cyc0100,Cell1,cyc0000,cyc0100,C1ch,788,735954.8680858959,3.6931341,0.16263096766819932,313.376158,98.67620878772155
Cell1:cyc0000->cyc0100,Cell1,cyc0000,cyc0100,C1ch,789,735954.8680974699,3.6939361,0.16283735567256,313.388625,98.67620878772155
Cell1:cyc0000->cyc0100,Cell1,cyc0000,cyc0100,C1ch,790,735954.868109044,3.6940963,0.16304374181690132,313.413599,98.67620878772155
Cell1:cyc0000->cyc0100,Cell1,cyc0000,cyc0100,C1ch,791,735954.868120618,3.6947381,0.1632501273758511,313.30128299999996,98.67620878772155
Cell1:cyc0000->cyc0100,Cell1,cyc0000,cyc0100,C1ch,792,735954.8681321922,3.6951392,0.1634565124787089,313.30128299999996,98.67620878772155
Cell1:cyc0000->cyc0100,Cell1,cyc0000,cyc0100,C1ch,793,735954.8681437662,3.6953797,0.1636628979421523,313.30128299999996,98.67620878772155
Cell1:cyc0000->cyc0100,Cell1,cyc0000,cyc0100,C1ch,794,735954.8681553403,3.6959813,0.1638692825534329,313.33872099999996,98.67620878772155
Cell1:cyc0000->cyc0100,Cell1,cyc0000,cyc0100,C1ch,795,735954.8681669144,3.695941,0.16407566799220438,313.33872099999996,98.67620878772155
Cell1:cyc0000->cyc0100,Cell1,cyc0000,cyc0100,C1ch,796,735954.8681784885,3.6965828,0.1642820539279378,313.376158,98.67620878772155
Cell1:cyc0000->cyc0100,Cell1,cyc0000,cyc0100,C1ch,797,735954.8681900626,3.6970639,0.1644884395363905,313.413599,98.67620878772155
Cell1:cyc0000->cyc0100,Cell1,cyc0000,cyc0100,C1ch,798,735954.8682016366,3.6973848,0.16469482660367502,313.30128299999996,98.67620878772155
Cell1:cyc0000->cyc0100,Cell1,cyc0000,cyc0100,C1ch,799,735954.8682132107,3.6977055,0.1649012114097188,313.36369199999996,98.67620878772155
Cell1:cyc0000->cyc0100,Cell1,cyc0000,cyc0100,C1ch,800,735954.8682247847,3.6982269,0.16510759712784492,313.36369199999996,98.67620878772155
Cell1:cyc0000->cyc0100,Cell1,cyc0000,cyc0100,C1ch,801,735954.8682363589,3.6985476,0.1653139845221524,313.30128299999996,98.67620878772155
Cell1:cyc0000->cyc0100,Cell1,cyc0000,cyc0100,C1ch,802,735954.8682479329,3.6989486,0.1655203728661058,313.30128299999996,98.67620878772155
Cell1:cyc0000->cyc0100,Cell1,cyc0000,cyc0100,C1ch,803,735954.868259507,3.69947,0.1657267598184713,313.33872099999996,98.67620878772155
Cell1:cyc0000->cyc0100,Cell1,cyc0000,cyc0100,C1ch,804,735954.868271081,3.6999912,0.1659331452680664,313.376158,98.67620878772155
Cell1:cyc0000->cyc0100,Cell1,cyc0000,cyc0100,C1ch,805,735954.8682826551,3.7004726,0.16613953195319958,313.376158,98.67620878772155
Cell1:cyc0000->cyc0100,Cell1,cyc0000,cyc0100,C1ch,806,735954.8682942291,3.7007933,0.16634592080443658,313.42610399999995,98.67620878772155
Cell1:cyc0000->cyc0100,Cell1,cyc0000,cyc0100,C1ch,807,735954.8683058033,3.7010341,0.1665523096715699,313.376158,98.67620878772155
Cell1:cyc0000->cyc0100,Cell1,cyc0000,cyc0100,C1ch,808,735954.8683173774,3.7013547,0.1667586975133294,313.288779,98.67620878772155
Cell1:cyc0000->cyc0100,Cell1,cyc0000,cyc0100,C1ch,809,735954.8683289514,3.7019963,0.1669650824200914,313.30128299999996,98.67620878772155
Cell1:cyc0000->cyc0100,Cell1,cyc0000,cyc0100,C1ch,810,735954.8683405255,3.7023172,0.1671714681030477,313.31374999999997,98.67620878772155
Cell1:cyc0000->cyc0100,Cell1,cyc0000,cyc0100,C1ch,811,735954.8683520996,3.7027583,0.1673778554266832,313.31374999999997,98.67620878772155
Cell1:cyc0000->cyc0100,Cell1,cyc0000,cyc0100,C1ch,812,735954.8683636737,3.7030392,0.1675842403261922,313.288779,98.67620878772155
Cell1:cyc0000->cyc0100,Cell1,cyc0000,cyc0100,C1ch,813,735954.8683752477,3.7035203,0.1677906253017307,313.33872099999996,98.67620878772155
Cell1:cyc0000->cyc0100,Cell1,cyc0000,cyc0100,C1ch,814,735954.8683868218,3.7041218,0.1679970105036248,313.31374999999997,98.67620878772155
Cell1:cyc0000->cyc0100,Cell1,cyc0000,cyc0100,C1ch,815,735954.8683983958,3.7041218,0.1682033952883572,313.22637,98.67620878772155
Cell1:cyc0000->cyc0100,Cell1,cyc0000,cyc0100,C1ch,816,735954.86840997,3.7048435,0.1684097782233853,313.388625,98.67620878772155
Cell1:cyc0000->cyc0100,Cell1,cyc0000,cyc0100,C1ch,817,735954.868421544,3.705004,0.1686161640530531,313.31374999999997,98.67620878772155
Cell1:cyc0000->cyc0100,Cell1,cyc0000,cyc0100,C1ch,818,735954.8684331181,3.7054853,0.1688225502396952,313.263808,98.67620878772155
Cell1:cyc0000->cyc0100,Cell1,cyc0000,cyc0100,C1ch,819,735954.8684446921,3.7059665,0.169028934762424,313.326216,98.67620878772155
Cell1:cyc0000->cyc0100,Cell1,cyc0000,cyc0100,C1ch,820,735954.8684562662,3.7064879,0.1692353195080566,313.33872099999996,98.67620878772155
Cell1:cyc0000->cyc0100,Cell1,cyc0000,cyc0100,C1ch,821,735954.8684678404,3.7068486,0.16944170524543592,313.30128299999996,98.67620878772155
Cell1:cyc0000->cyc0100,Cell1,cyc0000,cyc0100,C1ch,822,735954.8684794144,3.7070894,0.1696480907993876,313.351187,98.67620878772155
Cell1:cyc0000->cyc0100,Cell1,cyc0000,cyc0100,C1ch,823,735954.8684909885,3.7078111,0.1698544739045037,313.288779,98.67620878772155
Cell1:cyc0000->cyc0100,Cell1,cyc0000,cyc0100,C1ch,824,735954.8685025625,3.7081721,0.1700608585247905,313.33872099999996,98.67620878772155
Cell1:cyc0000->cyc0100,Cell1,cyc0000,cyc0100,C1ch,825,735954.8685141366,3.7083325,0.17026724514657932,313.30128299999996,98.67620878772155
Cell1:cyc0000->cyc0100,Cell1,cyc0000,cyc0100,C1ch,826,735954.8685257107,3.7086532,0.1704736304757385,313.351187,98.67620878772155
Cell1:cyc0000->cyc0100,Cell1,cyc0000,cyc0100,C1ch,827,735954.8685372848,3.7092547,0.1706800149789937,313.288779,98.67620878772155
Cell1:cyc0000->cyc0100,Cell1,cyc0000,cyc0100,C1ch,828,735954.8685488588,3.7096958,0.1708864005982632,313.30128299999996,98.67620878772155
Cell1:cyc0000->cyc0100,Cell1,cyc0000,cyc0100,C1ch,829,735954.8685604329,3.7100968,0.17109278619446822,313.388625,98.67620878772155
Cell1:cyc0000->cyc0100,Cell1,cyc0000,cyc0100,C1ch,830,735954.8685720069,3.7102172,0.1712991690960795,313.288779,98.67620878772155
Cell1:cyc0000->cyc0100,Cell1,cyc0000,cyc0100,C1ch,831,735954.8685835811,3.7106183,0.1715055550742527,313.31374999999997,98.67620878772155
Cell1:cyc0000->cyc0100,Cell1,cyc0000,cyc0100,C1ch,832,735954.8685951551,3.7112598,0.1717119413388468,313.30128299999996,98.67620878772155
Cell1:cyc0000->cyc0100,Cell1,cyc0000,cyc0100,C1ch,833,735954.8686067292,3.7118213,0.1719183264682855,313.31374999999997,98.67620878772155
Cell1:cyc0000->cyc0100,Cell1,cyc0000,cyc0100,C1ch,834,735954.8686183033,3.7120218,0.1721247104696113,313.25134099999997,98.67620878772155
Cell1:cyc0000->cyc0100,Cell1,cyc0000,cyc0100,C1ch,835,735954.8686298773,3.7123828,0.17233109397080829,313.351187,98.67620878772155
Cell1:cyc0000->cyc0100,Cell1,cyc0000,cyc0100,C1ch,836,735954.8686414515,3.7126634,0.1725374775903456,313.36369199999996,98.67620878772155
Cell1:cyc0000->cyc0100,Cell1,cyc0000,cyc0100,C1ch,837,735954.8686530255,3.7131445,0.1727438609092102,313.33872099999996,98.67620878772155
Cell1:cyc0000->cyc0100,Cell1,cyc0000,cyc0100,C1ch,838,735954.8686645996,3.7133853,0.1729502433193902,313.31374999999997,98.67620878772155
Cell1:cyc0000->cyc0100,Cell1,cyc0000,cyc0100,C1ch,839,735954.8686761736,3.7139869,0.1731566249869893,313.238875,98.67620878772155
Cell1:cyc0000->cyc0100,Cell1,cyc0000,cyc0100,C1ch,840,735954.8686877477,3.7143476,0.173363006854282,313.288779,98.67620878772155
Cell1:cyc0000->cyc0100,Cell1,cyc0000,cyc0100,C1ch,841,735954.8686993218,3.7149091,0.1735693865788574,313.30128299999996,98.67620878772155
Cell1:cyc0000->cyc0100,Cell1,cyc0000,cyc0100,C1ch,842,735954.8687108959,3.7153101,0.1737757694008348,313.33872099999996,98.67620878772155
Cell1:cyc0000->cyc0100,Cell1,cyc0000,cyc0100,C1ch,843,735954.8687224699,3.7153904,0.17398215286838792,313.351187,98.67620878772155
Cell1:cyc0000->cyc0100,Cell1,cyc0000,cyc0100,C1ch,844,735954.868734044,3.7160721,0.17418853570096168,313.238875,98.67620878772155
Cell1:cyc0000->cyc0100,Cell1,cyc0000,cyc0100,C1ch,845,735954.868745618,3.716433,0.1743949194724799,313.31374999999997,98.67620878772155
Cell1:cyc0000->cyc0100,Cell1,cyc0000,cyc0100,C1ch,846,735954.8687571922,3.7169542,0.1746013031133016,313.288779,98.67620878772155
Cell1:cyc0000->cyc0100,Cell1,cyc0000,cyc0100,C1ch,847,735954.8687687663,3.7172751,0.1748076867381931,313.30128299999996,98.67620878772155
Cell1:cyc0000->cyc0100,Cell1,cyc0000,cyc0100,C1ch,848,735954.8687803403,3.7175958,0.175014068584276,313.326216,98.67620878772155
Cell1:cyc0000->cyc0100,Cell1,cyc0000,cyc0100,C1ch,849,735954.8687919144,3.7181172,0.1752204503597514,313.326216,98.67620878772155
Cell1:cyc0000->cyc0100,Cell1,cyc0000,cyc0100,C1ch,850,735954.8688034884,3.7184782,0.1754268319617411,313.351187,98.67620878772155
Cell1:cyc0000->cyc0100,Cell1,cyc0000,cyc0100,C1ch,851,735954.8688150626,3.7187188,0.1756332150118578,313.30128299999996,98.67620878772155
Cell1:cyc0000->cyc0100,Cell1,cyc0000,cyc0100,C1ch,852,735954.8688266366,3.7192402,0.1758395983996311,313.30128299999996,98.67620878772155
Cell1:cyc0000->cyc0100,Cell1,cyc0000,cyc0100,C1ch,853,735954.8688382107,3.7197213,0.1760459833097534,313.31374999999997,98.67620878772155
Cell1:cyc0000->cyc0100,Cell1,cyc0000,cyc0100,C1ch,854,735954.8688497847,3.720042,0.1762523679917128,313.351187,98.67620878772155
Cell1:cyc0000->cyc0100,Cell1,cyc0000,cyc0100,C1ch,855,735954.8688613588,3.7203228,0.17645875148565,313.33872099999996,98.67620878772155
Cell1:cyc0000->cyc0100,Cell1,cyc0000,cyc0100,C1ch,856,735954.8688729329,3.7207639,0.1766651353898349,313.351187,98.67620878772155
Cell1:cyc0000->cyc0100,Cell1,cyc0000,cyc0100,C1ch,857,735954.868884507,3.7216461,0.1768715209240824,313.238875,98.67620878772155
Cell1:cyc0000->cyc0100,Cell1,cyc0000,cyc0100,C1ch,858,735954.868896081,3.721606,0.1770779056537137,313.30128299999996,98.67620878772155
Cell1:cyc0000->cyc0100,Cell1,cyc0000,cyc0100,C1ch,859,735954.8689076551,3.721967,0.17728429009709668,313.326216,98.67620878772155
Cell1:cyc0000->cyc0100,Cell1,cyc0000,cyc0100,C1ch,860,735954.8689192293,3.7224884,0.1774906736068996,313.376158,98.67620878772155
Cell1:cyc0000->cyc0100,Cell1,cyc0000,cyc0100,C1ch,861,735954.8689308033,3.722729,0.1776970567437778,313.326216,98.67620878772155
Cell1:cyc0000->cyc0100,Cell1,cyc0000,cyc0100,C1ch,862,735954.8689423774,3.7232502,0.17790344015630088,313.376158,98.67620878772155
Cell1:cyc0000->cyc0100,Cell1,cyc0000,cyc0100,C1ch,863,735954.8689539514,3.7234106,0.1781098236412659,313.30128299999996,98.67620878772155
Cell1:cyc0000->cyc0100,Cell1,cyc0000,cyc0100,C1ch,864,735954.8689655255,3.7238517,0.1783162056091885,313.288779,98.67620878772155
Cell1:cyc0000->cyc0100,Cell1,cyc0000,cyc0100,C1ch,865,735954.8689770995,3.7242527,0.1785225887634854,313.201395,98.67620878772155
Cell1:cyc0000->cyc0100,Cell1,cyc0000,cyc0100,C1ch,866,735954.8689886737,3.7245336,0.1787289721317884,313.263808,98.67620878772155
Cell1:cyc0000->cyc0100,Cell1,cyc0000,cyc0100,C1ch,867,735954.8690002477,3.7248142,0.1789353570453593,313.263808,98.67620878772155
Cell1:cyc0000->cyc0100,Cell1,cyc0000,cyc0100,C1ch,868,735954.8690118218,3.7253356,0.1791417431349487,313.33872099999996,98.67620878772155
Cell1:cyc0000->cyc0100,Cell1,cyc0000,cyc0100,C1ch,869,735954.8690233958,3.7258968,0.1793481284677158,313.30128299999996,98.67620878772155
Cell1:cyc0000->cyc0100,Cell1,cyc0000,cyc0100,C1ch,870,735954.86903497,3.7262578,0.17955451184493337,313.27631199999996,98.67620878772155
Cell1:cyc0000->cyc0100,Cell1,cyc0000,cyc0100,C1ch,871,735954.869046544,3.7265787,0.17976089509679158,313.27631199999996,98.67620878772155
Cell1:cyc0000->cyc0100,Cell1,cyc0000,cyc0100,C1ch,872,735954.8690581181,3.7270999,0.17996727723812192,313.326216,98.67620878772155
Cell1:cyc0000->cyc0100,Cell1,cyc0000,cyc0100,C1ch,873,735954.8690696922,3.7272203,0.18017365923810832,313.27631199999996,98.67620878772155
Cell1:cyc0000->cyc0100,Cell1,cyc0000,cyc0100,C1ch,874,735954.8690812662,3.7277818,0.1803800432201165,313.25134099999997,98.67620878772155
Cell1:cyc0000->cyc0100,Cell1,cyc0000,cyc0100,C1ch,875,735954.8690928404,3.7282228,0.1805864267600539,313.288779,98.67620878772155
Cell1:cyc0000->cyc0100,Cell1,cyc0000,cyc0100,C1ch,876,735954.8691044144,3.7284634,0.18079280908882311,313.30128299999996,98.67620878772155
Cell1:cyc0000->cyc0100,Cell1,cyc0000,cyc0100,C1ch,877,735954.8691159885,3.7288644,0.1809991901713528,313.33872099999996,98.67620878772155
Cell1:cyc0000->cyc0100,Cell1,cyc0000,cyc0100,C1ch,878,735954.8691275625,3.7291853,0.1812055762784932,313.288779,98.67620878772155
Cell1:cyc0000->cyc0100,Cell1,cyc0000,cyc0100,C1ch,879,735954.8691391366,3.7297065,0.1814119627744852,313.351187,98.67620878772155
Cell1:cyc0000->cyc0100,Cell1,cyc0000,cyc0100,C1ch,880,735954.8691507106,3.729867,0.18161834864302231,313.25134099999997,98.67620878772155
Cell1:cyc0000->cyc0100,Cell1,cyc0000,cyc0100,C1ch,881,735954.8691622848,3.7303884,0.181824734407152,313.326216,98.67620878772155
Cell1:cyc0000->cyc0100,Cell1,cyc0000,cyc0100,C1ch,882,735954.8691738588,3.730629,0.18203111826170182,313.351187,98.67620878772155
Cell1:cyc0000->cyc0100,Cell1,cyc0000,cyc0100,C1ch,883,735954.8691854329,3.7311502,0.182237502768904,313.288779,98.67620878772155
Cell1:cyc0000->cyc0100,Cell1,cyc0000,cyc0100,C1ch,884,735954.8691970069,3.7315111,0.182443886672916,313.326216,98.67620878772155
Cell1:cyc0000->cyc0100,Cell1,cyc0000,cyc0100,C1ch,885,735954.869208581,3.7318721,0.182650270911238,313.288779,98.67620878772155
Cell1:cyc0000->cyc0100,Cell1,cyc0000,cyc0100,C1ch,886,735954.8692201552,3.7323132,0.1828566547605896,313.326216,98.67620878772155
Cell1:cyc0000->cyc0100,Cell1,cyc0000,cyc0100,C1ch,887,735954.8692317292,3.7326341,0.18306303814475502,313.31374999999997,98.67620878772155
Cell1:cyc0000->cyc0100,Cell1,cyc0000,cyc0100,C1ch,888,735954.8692433033,3.7331553,0.1832694232494134,313.263808,98.67620878772155
Cell1:cyc0000->cyc0100,Cell1,cyc0000,cyc0100,C1ch,889,735954.8692548773,3.7335162,0.1834758105234816,313.288779,98.67620878772155
Cell1:cyc0000->cyc0100,Cell1,cyc0000,cyc0100,C1ch,890,735954.8692664515,3.7338772,0.1836821959233737,313.30128299999996,98.67620878772155
Cell1:cyc0000->cyc0100,Cell1,cyc0000,cyc0100,C1ch,891,735954.8692780255,3.7343183,0.1838885805081041,313.238875,98.67620878772155
Cell1:cyc0000->cyc0100,Cell1,cyc0000,cyc0100,C1ch,892,735954.8692895996,3.7344787,0.18409496640141798,313.25134099999997,98.67620878772155
Cell1:cyc0000->cyc0100,Cell1,cyc0000,cyc0100,C1ch,893,735954.8693011736,3.7348797,0.18430134967792092,313.238875,98.67620878772155
Cell1:cyc0000->cyc0100,Cell1,cyc0000,cyc0100,C1ch,894,735954.8693127477,3.7351203,0.1845077347400309,313.25134099999997,98.67620878772155
Cell1:cyc0000->cyc0100,Cell1,cyc0000,cyc0100,C1ch,895,735954.8693243217,3.7356014,0.1847141217204996,313.36369199999996,98.67620878772155
Cell1:cyc0000->cyc0100,Cell1,cyc0000,cyc0100,C1ch,896,735954.8693358959,3.7359624,0.1849205085823059,313.31374999999997,98.67620878772155
Cell1:cyc0000->cyc0100,Cell1,cyc0000,cyc0100,C1ch,897,735954.8693474699,3.736243,0.185126893667294,313.263808,98.67620878772155
Cell1:cyc0000->cyc0100,Cell1,cyc0000,cyc0100,C1ch,898,735954.869359044,3.7364838,0.1853332779461907,313.238875,98.67620878772155
Cell1:cyc0000->cyc0100,Cell1,cyc0000,cyc0100,C1ch,899,735954.8693706181,3.7371254,0.18553966433448618,313.25134099999997,98.67620878772155
Cell1:cyc0000->cyc0100,Cell1,cyc0000,cyc0100,C1ch,900,735954.8693821921,3.737406,0.1857460501552938,313.31374999999997,98.67620878772155
Cell1:cyc0000->cyc0100,Cell1,cyc0000,cyc0100,C1ch,901,735954.8693937663,3.7379274,0.18595243565063818,313.288779,98.67620878772155
Cell1:cyc0000->cyc0100,Cell1,cyc0000,cyc0100,C1ch,902,735954.8694053403,3.7380075,0.1861588205732998,313.30128299999996,98.67620878772155
Cell1:cyc0000->cyc0100,Cell1,cyc0000,cyc0100,C1ch,903,735954.8694169144,3.7384889,0.1863652071171197,313.31374999999997,98.67620878772155
Cell1:cyc0000->cyc0100,Cell1,cyc0000,cyc0100,C1ch,904,735954.8694284884,3.7387295,0.1865715931640862,313.27631199999996,98.67620878772155
Cell1:cyc0000->cyc0100,Cell1,cyc0000,cyc0100,C1ch,905,735954.8694400626,3.739331,0.18677798215138422,313.263808,98.67620878772155
Cell1:cyc0000->cyc0100,Cell1,cyc0000,cyc0100,C1ch,906,735954.8694516366,3.7396917,0.18698437160722178,313.201395,98.67620878772155
Cell1:cyc0000->cyc0100,Cell1,cyc0000,cyc0100,C1ch,907,735954.8694632107,3.7399325,0.18719075951597758,313.326216,98.67620878772155
Cell1:cyc0000->cyc0100,Cell1,cyc0000,cyc0100,C1ch,908,735954.8694747847,3.7402132,0.187397144940528,313.263808,98.67620878772155
Cell1:cyc0000->cyc0100,Cell1,cyc0000,cyc0100,C1ch,909,735954.8694863588,3.7406542,0.18760352955885481,313.288779,98.67620878772155
Cell1:cyc0000->cyc0100,Cell1,cyc0000,cyc0100,C1ch,910,735954.8694979328,3.7409351,0.18780991343634032,313.27631199999996,98.67620878772155
Cell1:cyc0000->cyc0100,Cell1,cyc0000,cyc0100,C1ch,911,735954.869509507,3.7412958,0.18801629585518048,313.188929,98.67620878772155
Cell1:cyc0000->cyc0100,Cell1,cyc0000,cyc0100,C1ch,912,735954.8695210811,3.7414963,0.18822268010583829,313.188929,98.67620878772155
Cell1:cyc0000->cyc0100,Cell1,cyc0000,cyc0100,C1ch,913,735954.8695326551,3.7419777,0.1884290631082425,313.21390399999996,98.67620878772155
Cell1:cyc0000->cyc0100,Cell1,cyc0000,cyc0100,C1ch,914,735954.8695442292,3.7424188,0.1886354460717095,313.22637,98.67620878772155
Cell1:cyc0000->cyc0100,Cell1,cyc0000,cyc0100,C1ch,915,735954.8695558032,3.7428598,0.1888418312612203,313.263808,98.67620878772155
Cell1:cyc0000->cyc0100,Cell1,cyc0000,cyc0100,C1ch,916,735954.8695673774,3.7429802,0.1890482160954149,313.25134099999997,98.67620878772155
Cell1:cyc0000->cyc0100,Cell1,cyc0000,cyc0100,C1ch,917,735954.8695789514,3.7433813,0.1892546004945068,313.201395,98.67620878772155
Cell1:cyc0000->cyc0100,Cell1,cyc0000,cyc0100,C1ch,918,735954.8695905255,3.7440228,0.18946098539228648,313.263808,98.67620878772155
Cell1:cyc0000->cyc0100,Cell1,cyc0000,cyc0100,C1ch,919,735954.8696020995,3.744143,0.18966736994720798,313.25134099999997,98.67620878772155
Cell1:cyc0000->cyc0100,Cell1,cyc0000,cyc0100,C1ch,920,735954.8696136737,3.7443435,0.1898737527779202,313.33872099999996,98.67620878772155
Cell1:cyc0000->cyc0100,Cell1,cyc0000,cyc0100,C1ch,921,735954.8696252477,3.7448249,0.19008013682860309,313.238875,98.67620878772155
Cell1:cyc0000->cyc0100,Cell1,cyc0000,cyc0100,C1ch,922,735954.8696368218,3.7450254,0.1902865209502157,313.25134099999997,98.67620878772155
Cell1:cyc0000->cyc0100,Cell1,cyc0000,cyc0100,C1ch,923,735954.8696483958,3.7453864,0.19049290510697092,313.263808,98.67620878772155
Cell1:cyc0000->cyc0100,Cell1,cyc0000,cyc0100,C1ch,924,735954.8696599699,3.745667,0.1906992888271179,313.27631199999996,98.67620878772155
Cell1:cyc0000->cyc0100,Cell1,cyc0000,cyc0100,C1ch,925,735954.8696715441,3.7462285,0.1909056734084168,313.25134099999997,98.67620878772155
Cell1:cyc0000->cyc0100,Cell1,cyc0000,cyc0100,C1ch,926,735954.8696831181,3.746429,0.1911120588895196,313.25134099999997,98.67620878772155
Cell1:cyc0000->cyc0100,Cell1,cyc0000,cyc0100,C1ch,927,735954.8696946922,3.74683,0.1913184453166538,313.238875,98.67620878772155
Cell1:cyc0000->cyc0100,Cell1,cyc0000,cyc0100,C1ch,928,735954.8697062662,3.7472711,0.1915248308351101,313.22637,98.67620878772155
Cell1:cyc0000->cyc0100,Cell1,cyc0000,cyc0100,C1ch,929,735954.8697178403,3.7475917,0.1917312195964356,313.27631199999996,98.67620878772155
Cell1:cyc0000->cyc0100,Cell1,cyc0000,cyc0100,C1ch,930,735954.8697294143,3.7479126,0.1919376062004666,313.288779,98.67620878772155
Cell1:cyc0000->cyc0100,Cell1,cyc0000,cyc0100,C1ch,931,735954.8697409885,3.7481532,0.1921439937627259,313.25134099999997,98.67620878772155
Cell1:cyc0000->cyc0100,Cell1,cyc0000,cyc0100,C1ch,932,735954.8697525625,3.7487147,0.1923503813604092,313.30128299999996,98.67620878772155
Cell1:cyc0000->cyc0100,Cell1,cyc0000,cyc0100,C1ch,933,735954.8697641366,3.7490356,0.1925567670502794,313.30128299999996,98.67620878772155
Cell1:cyc0000->cyc0100,Cell1,cyc0000,cyc0100,C1ch,934,735954.8697757106,3.7492361,0.1927631534934421,313.188929,98.67620878772155
Cell1:cyc0000->cyc0100,Cell1,cyc0000,cyc0100,C1ch,935,735954.8697872848,3.7494366,0.19296954101310898,313.201395,98.67620878772155
Cell1:cyc0000->cyc0100,Cell1,cyc0000,cyc0100,C1ch,936,735954.8697988588,3.7497973,0.1931759285683729,313.238875,98.67620878772155
Cell1:cyc0000->cyc0100,Cell1,cyc0000,cyc0100,C1ch,937,735954.8698104329,3.7500782,0.1933823138093126,313.25134099999997,98.67620878772155
Cell1:cyc0000->cyc0100,Cell1,cyc0000,cyc0100,C1ch,938,735954.869822007,3.7502387,0.1935887002313436,313.263808,98.67620878772155
Cell1:cyc0000->cyc0100,Cell1,cyc0000,cyc0100,C1ch,939,735954.869833581,3.7506797,0.1937950860520325,313.263808,98.67620878772155
Cell1:cyc0000->cyc0100,Cell1,cyc0000,cyc0100,C1ch,940,735954.8698451552,3.7511208,0.1940014722689073,313.238875,98.67620878772155
Cell1:cyc0000->cyc0100,Cell1,cyc0000,cyc0100,C1ch,941,735954.8698567292,3.751241,0.1942078584061754,313.25134099999997,98.67620878772155
Cell1:cyc0000->cyc0100,Cell1,cyc0000,cyc0100,C1ch,942,735954.8698683033,3.7517624,0.19441424541521202,313.17646299999996,98.67620878772155
Cell1:cyc0000->cyc0100,Cell1,cyc0000,cyc0100,C1ch,943,735954.8698798773,3.7517223,0.1946206313737047,313.27631199999996,98.67620878772155
Cell1:cyc0000->cyc0100,Cell1,cyc0000,cyc0100,C1ch,944,735954.8698914514,3.7525644,0.1948270176947734,313.238875,98.67620878772155
Cell1:cyc0000->cyc0100,Cell1,cyc0000,cyc0100,C1ch,945,735954.8699030255,3.752845,0.195033404254581,313.21390399999996,98.67620878772155
Cell1:cyc0000->cyc0100,Cell1,cyc0000,cyc0100,C1ch,946,735954.8699145996,3.7529655,0.195239790676534,313.238875,98.67620878772155
Cell1:cyc0000->cyc0100,Cell1,cyc0000,cyc0100,C1ch,947,735954.8699261736,3.7533264,0.1954461754133165,313.16396199999997,98.67620878772155
Cell1:cyc0000->cyc0100,Cell1,cyc0000,cyc0100,C1ch,948,735954.8699377477,3.7536874,0.1956525596834072,313.263808,98.67620878772155
Cell1:cyc0000->cyc0100,Cell1,cyc0000,cyc0100,C1ch,949,735954.8699493217,3.7540884,0.1958589468336962,313.188929,98.67620878772155
Cell1:cyc0000->cyc0100,Cell1,cyc0000,cyc0100,C1ch,950,735954.8699608959,3.7542086,0.1960653299882609,313.22637,98.67620878772155
Cell1:cyc0000->cyc0100,Cell1,cyc0000,cyc0100,C1ch,951,735954.86997247,3.7544491,0.1962717140245972,313.201395,98.67620878772155
Cell1:cyc0000->cyc0100,Cell1,cyc0000,cyc0100,C1ch,952,735954.869984044,3.75473,0.1964780999231737,313.263808,98.67620878772155
Cell1:cyc0000->cyc0100,Cell1,cyc0000,cyc0100,C1ch,953,735954.8699956181,3.755131,0.19668448353550888,313.188929,98.67620878772155
Cell1:cyc0000->cyc0100,Cell1,cyc0000,cyc0100,C1ch,954,735954.8700071921,3.755532,0.1968908650739204,313.22637,98.67620878772155
Cell1:cyc0000->cyc0100,Cell1,cyc0000,cyc0100,C1ch,955,735954.8700187663,3.7558928,0.197097247423818,313.201395,98.67620878772155
Cell1:cyc0000->cyc0100,Cell1,cyc0000,cyc0100,C1ch,956,735954.8700303403,3.7562537,0.1973036286421102,313.188929,98.67620878772155
Cell1:cyc0000->cyc0100,Cell1,cyc0000,cyc0100,C1ch,957,735954.8700419144,3.7562938,0.1975100114236315,313.22637,98.67620878772155
Cell1:cyc0000->cyc0100,Cell1,cyc0000,cyc0100,C1ch,958,735954.8700534884,3.7567751,0.19771639314050632,313.15149499999995,98.67620878772155
Cell1:cyc0000->cyc0100,Cell1,cyc0000,cyc0100,C1ch,959,735954.8700650625,3.7570558,0.1979227781319139,313.16396199999997,98.67620878772155
Cell1:cyc0000->cyc0100,Cell1,cyc0000,cyc0100,C1ch,960,735954.8700766366,3.7571361,0.19812916269750638,313.263808,98.67620878772155
Cell1:cyc0000->cyc0100,Cell1,cyc0000,cyc0100,C1ch,961,735954.8700882107,3.7574167,0.1983355501996663,313.17646299999996,98.67620878772155
Cell1:cyc0000->cyc0100,Cell1,cyc0000,cyc0100,C1ch,962,735954.8700997847,3.7577777,0.1985419363775533,313.15149499999995,98.67620878772155
Cell1:cyc0000->cyc0100,Cell1,cyc0000,cyc0100,C1ch,963,735954.8701113588,3.7581787,0.1987483226880731,313.21390399999996,98.67620878772155
Cell1:cyc0000->cyc0100,Cell1,cyc0000,cyc0100,C1ch,964,735954.8701229328,3.7583392,0.19895470982958652,313.22637,98.67620878772155
Cell1:cyc0000->cyc0100,Cell1,cyc0000,cyc0100,C1ch,965,735954.870134507,3.7586598,0.199161095761617,313.238875,98.67620878772155
Cell1:cyc0000->cyc0100,Cell1,cyc0000,cyc0100,C1ch,966,735954.8701460811,3.7589407,0.1993674823215332,313.22637,98.67620878772155
Cell1:cyc0000->cyc0100,Cell1,cyc0000,cyc0100,C1ch,967,735954.8701576551,3.7593415,0.1995738677108358,313.25134099999997,98.67620878772155
Cell1:cyc0000->cyc0100,Cell1,cyc0000,cyc0100,C1ch,968,735954.8701692292,3.7596223,0.19978025308417421,313.17646299999996,98.67620878772155
Cell1:cyc0000->cyc0100,Cell1,cyc0000,cyc0100,C1ch,969,735954.8701808032,3.7601435,0.1999866387088182,313.25134099999997,98.67620878772155
Cell1:cyc0000->cyc0100,Cell1,cyc0000,cyc0100,C1ch,970,735954.8701923774,3.7602239,0.20019302535870698,313.17646299999996,98.67620878772155
Cell1:cyc0000->cyc0100,Cell1,cyc0000,cyc0100,C1ch,971,735954.8702039514,3.7605848,0.20039941191493052,313.22637,98.67620878772155
Cell1:cyc0000->cyc0100,Cell1,cyc0000,cyc0100,C1ch,972,735954.8702155255,3.7606649,0.2006057987505256,313.22637,98.67620878772155
Cell1:cyc0000->cyc0100,Cell1,cyc0000,cyc0100,C1ch,973,735954.8702270995,3.7609859,0.2008121863780992,313.27631199999996,98.67620878772155
Cell1:cyc0000->cyc0100,Cell1,cyc0000,cyc0100,C1ch,974,735954.8702386736,3.7613065,0.2010185736292114,313.21390399999996,98.67620878772155
Cell1:cyc0000->cyc0100,Cell1,cyc0000,cyc0100,C1ch,975,735954.8702502477,3.7617075,0.2012249596126878,313.201395,98.67620878772155
Cell1:cyc0000->cyc0100,Cell1,cyc0000,cyc0100,C1ch,976,735954.8702618218,3.7619481,0.201431344197442,313.263808,98.67620878772155
Cell1:cyc0000->cyc0100,Cell1,cyc0000,cyc0100,C1ch,977,735954.8702733958,3.762269,0.2016377283332248,313.263808,98.67620878772155
Cell1:cyc0000->cyc0100,Cell1,cyc0000,cyc0100,C1ch,978,735954.8702849699,3.7625496,0.2018441105680712,313.17646299999996,98.67620878772155
Cell1:cyc0000->cyc0100,Cell1,cyc0000,cyc0100,C1ch,979,735954.870296544,3.76267,0.2020504937332187,313.17646299999996,98.67620878772155
Cell1:cyc0000->cyc0100,Cell1,cyc0000,cyc0100,C1ch,980,735954.870308118,3.763031,0.2022568778263448,313.201395,98.67620878772155
Cell1:cyc0000->cyc0100,Cell1,cyc0000,cyc0100,C1ch,981,735954.8703196922,3.763432,0.2024632604114108,313.263808,98.67620878772155
Cell1:cyc0000->cyc0100,Cell1,cyc0000,cyc0100,C1ch,982,735954.8703312662,3.763833,0.202669641541392,313.16396199999997,98.67620878772155
Cell1:cyc0000->cyc0100,Cell1,cyc0000,cyc0100,C1ch,983,735954.8703428403,3.7639933,0.2028760229860738,313.21390399999996,98.67620878772155
Cell1:cyc0000->cyc0100,Cell1,cyc0000,cyc0100,C1ch,984,735954.8703544143,3.7641938,0.20308240595839439,313.17646299999996,98.67620878772155
Cell1:cyc0000->cyc0100,Cell1,cyc0000,cyc0100,C1ch,985,735954.8703659885,3.7646751,0.20328879024809102,313.22637,98.67620878772155
Cell1:cyc0000->cyc0100,Cell1,cyc0000,cyc0100,C1ch,986,735954.8703775625,3.7647552,0.20349517516010202,313.22637,98.67620878772155
Cell1:cyc0000->cyc0100,Cell1,cyc0000,cyc0100,C1ch,987,735954.8703891366,3.7649157,0.2037015594302809,313.25134099999997,98.67620878772155
Cell1:cyc0000->cyc0100,Cell1,cyc0000,cyc0100,C1ch,988,735954.8704007106,3.7652767,0.2039079430267164,313.21390399999996,98.67620878772155
Cell1:cyc0000->cyc0100,Cell1,cyc0000,cyc0100,C1ch,989,735954.8704122847,3.7659183,0.2041143257056613,313.17646299999996,98.67620878772155
Cell1:cyc0000->cyc0100,Cell1,cyc0000,cyc0100,C1ch,990,735954.8704238588,3.7658782,0.20432071006435482,313.201395,98.67620878772155
Cell1:cyc0000->cyc0100,Cell1,cyc0000,cyc0100,C1ch,991,735954.8704354329,3.7661989,0.2045270943980916,313.201395,98.67620878772155
Cell1:cyc0000->cyc0100,Cell1,cyc0000,cyc0100,C1ch,992,735954.870447007,3.7663593,0.2047334775950724,313.201395,98.67620878772155
Cell1:cyc0000->cyc0100,Cell1,cyc0000,cyc0100,C1ch,993,735954.870458581,3.7667603,0.2049398616158718,313.188929,98.67620878772155
Cell1:cyc0000->cyc0100,Cell1,cyc0000,cyc0100,C1ch,994,735954.8704701551,3.767041,0.2051462463016086,313.17646299999996,98.67620878772155
Cell1:cyc0000->cyc0100,Cell1,cyc0000,cyc0100,C1ch,995,735954.8704817292,3.7671213,0.2053526278258972,313.188929,98.67620878772155
Cell1:cyc0000->cyc0100,Cell1,cyc0000,cyc0100,C1ch,996,735954.8704933033,3.7673619,0.2055590103563945,313.21390399999996,98.67620878772155
Cell1:cyc0000->cyc0100,Cell1,cyc0000,cyc0100,C1ch,997,735954.8705048773,3.7678833,0.20576539381152678,313.15149499999995,98.67620878772155
Cell1:cyc0000->cyc0100,Cell1,cyc0000,cyc0100,C1ch,998,735954.8705164514,3.7680435,0.2059717770650567,313.188929,98.67620878772155
Cell1:cyc0000->cyc0100,Cell1,cyc0000,cyc0100,C1ch,999,735954.8705280254,3.7680838,0.2061781604104648,313.188929,98.67620878772155
Cell1:cyc0000->cyc0100,Cell1,cyc0000,cyc0100,C1ch,1000,735954.8705395996,3.7685249,0.2063845433970337,313.15149499999995,98.67620878772155
Cell1:cyc0000->cyc0100,Cell1,cyc0000,cyc0100,C1ch,1001,735954.8705511736,3.7687654,0.2065909286061367,313.12652099999997,98.67620878772155
Cell1:cyc0000->cyc0100,Cell1,cyc0000,cyc0100,C1ch,1002,735954.8705627477,3.7691264,0.2067973115343628,313.138987,98.67620878772155
Cell1:cyc0000->cyc0100,Cell1,cyc0000,cyc0100,C1ch,1003,735954.8705743217,3.7692869,0.20700369210532632,313.17646299999996,98.67620878772155
Cell1:cyc0000->cyc0100,Cell1,cyc0000,cyc0100,C1ch,1004,735954.8705858958,3.7694471,0.20721007306734548,313.12652099999997,98.67620878772155
Cell1:cyc0000->cyc0100,Cell1,cyc0000,cyc0100,C1ch,1005,735954.87059747,3.7700086,0.2074164524840156,313.188929,98.67620878772155
Cell1:cyc0000->cyc0100,Cell1,cyc0000,cyc0100,C1ch,1006,735954.870609044,3.7702491,0.20762283087886899,313.201395,98.67620878772155
Cell1:cyc0000->cyc0100,Cell1,cyc0000,cyc0100,C1ch,1007,735954.8706206181,3.7706101,0.2078292111194526,313.15149499999995,98.67620878772155
Cell1:cyc0000->cyc0100,Cell1,cyc0000,cyc0100,C1ch,1008,735954.8706321921,3.770891,0.20803558988040502,313.188929,98.67620878772155
Cell1:cyc0000->cyc0100,Cell1,cyc0000,cyc0100,C1ch,1009,735954.8706437662,3.7708507,0.20824196875419448,313.16396199999997,98.67620878772155
Cell1:cyc0000->cyc0100,Cell1,cyc0000,cyc0100,C1ch,1010,735954.8706553403,3.7712517,0.2084483488127645,313.138987,98.67620878772155
Cell1:cyc0000->cyc0100,Cell1,cyc0000,cyc0100,C1ch,1011,735954.8706669144,3.7714121,0.2086547306517469,313.138987,98.67620878772155
Cell1:cyc0000->cyc0100,Cell1,cyc0000,cyc0100,C1ch,1012,735954.8706784884,3.7715726,0.2088611141880663,313.138987,98.67620878772155
Cell1:cyc0000->cyc0100,Cell1,cyc0000,cyc0100,C1ch,1013,735954.8706900625,3.7719336,0.2090674959140218,313.201395,98.67620878772155
Cell1:cyc0000->cyc0100,Cell1,cyc0000,cyc0100,C1ch,1014,735954.8707016365,3.7722542,0.20927387820578341,313.188929,98.67620878772155
Cell1:cyc0000->cyc0100,Cell1,cyc0000,cyc0100,C1ch,1015,735954.8707132107,3.7721741,0.20948026000228878,313.15149499999995,98.67620878772155
Cell1:cyc0000->cyc0100,Cell1,cyc0000,cyc0100,C1ch,1016,735954.8707247847,3.7725351,0.20968664546950622,313.21390399999996,98.67620878772155
Cell1:cyc0000->cyc0100,Cell1,cyc0000,cyc0100,C1ch,1017,735954.8707363588,3.7729361,0.2098930289829068,313.188929,98.67620878772155
Cell1:cyc0000->cyc0100,Cell1,cyc0000,cyc0100,C1ch,1018,735954.8707479329,3.7729361,0.210099412125017,313.16396199999997,98.67620878772155
Cell1:cyc0000->cyc0100,Cell1,cyc0000,cyc0100,C1ch,1019,735954.870759507,3.7733772,0.2103057969272902,313.138987,98.67620878772155
Cell1:cyc0000->cyc0100,Cell1,cyc0000,cyc0100,C1ch,1020,735954.8707710811,3.7735376,0.2105121813159349,313.12652099999997,98.67620878772155
Cell1:cyc0000->cyc0100,Cell1,cyc0000,cyc0100,C1ch,1021,735954.8707826551,3.7738583,0.210718564463111,313.138987,98.67620878772155
Cell1:cyc0000->cyc0100,Cell1,cyc0000,cyc0100,C1ch,1022,735954.8707942292,3.7741792,0.2109249460476515,313.138987,98.67620878772155
Cell1:cyc0000->cyc0100,Cell1,cyc0000,cyc0100,C1ch,1023,735954.8708058032,3.7743397,0.21113132768353948,313.12652099999997,98.67620878772155
Cell1:cyc0000->cyc0100,Cell1,cyc0000,cyc0100,C1ch,1024,735954.8708173773,3.7747004,0.2113377107159085,313.138987,98.67620878772155
Cell1:cyc0000->cyc0100,Cell1,cyc0000,cyc0100,C1ch,1025,735954.8708289514,3.7747808,0.2115440924771287,313.10155,98.67620878772155
Cell1:cyc0000->cyc0100,Cell1,cyc0000,cyc0100,C1ch,1026,735954.8708405255,3.7751014,0.21175047516128878,313.16396199999997,98.67620878772155
Cell1:cyc0000->cyc0100,Cell1,cyc0000,cyc0100,C1ch,1027,735954.8708520995,3.7755024,0.2119568573308648,313.11405399999995,98.67620878772155
Cell1:cyc0000->cyc0100,Cell1,cyc0000,cyc0100,C1ch,1028,735954.8708636736,3.7756629,0.21216323905679998,313.10155,98.67620878772155
Cell1:cyc0000->cyc0100,Cell1,cyc0000,cyc0100,C1ch,1029,735954.8708752476,3.7759035,0.2123696217957323,313.10155,98.67620878772155
Cell1:cyc0000->cyc0100,Cell1,cyc0000,cyc0100,C1ch,1030,735954.8708868218,3.7760239,0.2125760067058309,313.17646299999996,98.67620878772155
Cell1:cyc0000->cyc0100,Cell1,cyc0000,cyc0100,C1ch,1031,735954.8708983959,3.7762644,0.2127823896553514,313.138987,98.67620878772155
Cell1:cyc0000->cyc0100,Cell1,cyc0000,cyc0100,C1ch,1032,735954.8709099699,3.7763848,0.2129887716200087,313.10155,98.67620878772155
Cell1:cyc0000->cyc0100,Cell1,cyc0000,cyc0100,C1ch,1033,735954.870921544,3.776866,0.2131951545305244,313.15149499999995,98.67620878772155
Cell1:cyc0000->cyc0100,Cell1,cyc0000,cyc0100,C1ch,1034,735954.870933118,3.7769461,0.2134015374902445,313.11405399999995,98.67620878772155
Cell1:cyc0000->cyc0100,Cell1,cyc0000,cyc0100,C1ch,1035,735954.8709446922,3.7771869,0.2136079195113763,313.12652099999997,98.67620878772155
Cell1:cyc0000->cyc0100,Cell1,cyc0000,cyc0100,C1ch,1036,735954.8709562662,3.7774675,0.2138143001267937,313.08908299999996,98.67620878772155
Cell1:cyc0000->cyc0100,Cell1,cyc0000,cyc0100,C1ch,1037,735954.8709678403,3.7775075,0.21402068174663968,313.16396199999997,98.67620878772155
Cell1:cyc0000->cyc0100,Cell1,cyc0000,cyc0100,C1ch,1038,735954.8709794143,3.7777081,0.21422706365622618,313.10155,98.67620878772155
Cell1:cyc0000->cyc0100,Cell1,cyc0000,cyc0100,C1ch,1039,735954.8709909884,3.7778685,0.2144334469238925,313.08908299999996,98.67620878772155
Cell1:cyc0000->cyc0100,Cell1,cyc0000,cyc0100,C1ch,1040,735954.8710025625,3.7782695,0.2146398303805542,313.076579,98.67620878772155
Cell1:cyc0000->cyc0100,Cell1,cyc0000,cyc0100,C1ch,1041,735954.8710141366,3.7785904,0.2148462116890666,313.12652099999997,98.67620878772155
Cell1:cyc0000->cyc0100,Cell1,cyc0000,cyc0100,C1ch,1042,735954.8710257106,3.778791,0.21505259373848468,313.16396199999997,98.67620878772155
Cell1:cyc0000->cyc0100,Cell1,cyc0000,cyc0100,C1ch,1043,735954.8710372847,3.7787507,0.21525897535810679,313.11405399999995,98.67620878772155
Cell1:cyc0000->cyc0100,Cell1,cyc0000,cyc0100,C1ch,1044,735954.8710488589,3.7791116,0.21546535587472532,313.15149499999995,98.67620878772155
Cell1:cyc0000->cyc0100,Cell1,cyc0000,cyc0100,C1ch,1045,735954.8710604329,3.7793522,0.21567173758307562,313.138987,98.67620878772155
Cell1:cyc0000->cyc0100,Cell1,cyc0000,cyc0100,C1ch,1046,735954.871072007,3.7795527,0.21587812015757582,313.12652099999997,98.67620878772155
Cell1:cyc0000->cyc0100,Cell1,cyc0000,cyc0100,C1ch,1047,735954.871083581,3.7798736,0.2160845032519938,313.11405399999995,98.67620878772155
Cell1:cyc0000->cyc0100,Cell1,cyc0000,cyc0100,C1ch,1048,735954.8710951551,3.7801943,0.2162908855596619,313.08908299999996,98.67620878772155
Cell1:cyc0000->cyc0100,Cell1,cyc0000,cyc0100,C1ch,1049,735954.8711067291,3.7801542,0.21649726946733258,313.12652099999997,98.67620878772155
Cell1:cyc0000->cyc0100,Cell1,cyc0000,cyc0100,C1ch,1050,735954.8711183033,3.7803948,0.2167036515857273,313.11405399999995,98.67620878772155
Cell1:cyc0000->cyc0100,Cell1,cyc0000,cyc0100,C1ch,1051,735954.8711298773,3.7806756,0.2169100338013441,313.10155,98.67620878772155
Cell1:cyc0000->cyc0100,Cell1,cyc0000,cyc0100,C1ch,1052,735954.8711414514,3.7808762,0.2171164184729242,313.10155,98.67620878772155
Cell1:cyc0000->cyc0100,Cell1,cyc0000,cyc0100,C1ch,1053,735954.8711530254,3.7811968,0.2173228005541856,313.138987,98.67620878772155
Cell1:cyc0000->cyc0100,Cell1,cyc0000,cyc0100,C1ch,1054,735954.8711645995,3.7813172,0.2175291851125522,313.08908299999996,98.67620878772155
Cell1:cyc0000->cyc0100,Cell1,cyc0000,cyc0100,C1ch,1055,735954.8711761736,3.7814777,0.2177355685481635,313.12652099999997,98.67620878772155
Cell1:cyc0000->cyc0100,Cell1,cyc0000,cyc0100,C1ch,1056,735954.8711877477,3.7818387,0.2179419536421746,313.10155,98.67620878772155
Cell1:cyc0000->cyc0100,Cell1,cyc0000,cyc0100,C1ch,1057,735954.8711993218,3.7818787,0.2181483356175028,313.12652099999997,98.67620878772155
Cell1:cyc0000->cyc0100,Cell1,cyc0000,cyc0100,C1ch,1058,735954.8712108958,3.7820392,0.2183547183071289,313.15149499999995,98.67620878772155
Cell1:cyc0000->cyc0100,Cell1,cyc0000,cyc0100,C1ch,1059,735954.87122247,3.7820792,0.2185611007896932,313.076579,98.67620878772155
Cell1:cyc0000->cyc0100,Cell1,cyc0000,cyc0100,C1ch,1060,735954.871234044,3.7823598,0.2187674826055603,313.10155,98.67620878772155
Cell1:cyc0000->cyc0100,Cell1,cyc0000,cyc0100,C1ch,1061,735954.8712456181,3.782841,0.2189738689725477,313.10155,98.67620878772155
Cell1:cyc0000->cyc0100,Cell1,cyc0000,cyc0100,C1ch,1062,735954.8712571921,3.7828813,0.2191802532515496,313.039141,98.67620878772155
Cell1:cyc0000->cyc0100,Cell1,cyc0000,cyc0100,C1ch,1063,735954.8712687662,3.7830818,0.2193866393833449,313.10155,98.67620878772155
Cell1:cyc0000->cyc0100,Cell1,cyc0000,cyc0100,C1ch,1064,735954.8712803402,3.7834425,0.2195930217828268,313.06411199999997,98.67620878772155
Cell1:cyc0000->cyc0100,Cell1,cyc0000,cyc0100,C1ch,1065,735954.8712919144,3.7834425,0.2197994058602227,313.08908299999996,98.67620878772155
Cell1:cyc0000->cyc0100,Cell1,cyc0000,cyc0100,C1ch,1066,735954.8713034884,3.783643,0.2200057912637397,313.014166,98.67620878772155
Cell1:cyc0000->cyc0100,Cell1,cyc0000,cyc0100,C1ch,1067,735954.8713150625,3.784004,0.2202121765203485,313.06411199999997,98.67620878772155
Cell1:cyc0000->cyc0100,Cell1,cyc0000,cyc0100,C1ch,1068,735954.8713266365,3.7842848,0.2204185613051317,313.11405399999995,98.67620878772155
Cell1:cyc0000->cyc0100,Cell1,cyc0000,cyc0100,C1ch,1069,735954.8713382107,3.7841644,0.2206249457768148,313.08908299999996,98.67620878772155
Cell1:cyc0000->cyc0100,Cell1,cyc0000,cyc0100,C1ch,1070,735954.8713497848,3.7846456,0.2208313291363254,313.12652099999997,98.67620878772155
Cell1:cyc0000->cyc0100,Cell1,cyc0000,cyc0100,C1ch,1071,735954.8713613588,3.7847259,0.22103771295558,312.97673299999997,98.67620878772155
Cell1:cyc0000->cyc0100,Cell1,cyc0000,cyc0100,C1ch,1072,735954.8713729329,3.7850869,0.2212440963982239,313.10155,98.67620878772155
Cell1:cyc0000->cyc0100,Cell1,cyc0000,cyc0100,C1ch,1073,735954.8713845069,3.785167,0.22145047998920359,313.16396199999997,98.67620878772155
Cell1:cyc0000->cyc0100,Cell1,cyc0000,cyc0100,C1ch,1074,735954.871396081,3.7853274,0.2216568614393345,313.06411199999997,98.67620878772155
Cell1:cyc0000->cyc0100,Cell1,cyc0000,cyc0100,C1ch,1075,735954.8714076551,3.7854476,0.2218632453931512,313.08908299999996,98.67620878772155
Cell1:cyc0000->cyc0100,Cell1,cyc0000,cyc0100,C1ch,1076,735954.8714192292,3.7856481,0.222069627583964,313.138987,98.67620878772155
Cell1:cyc0000->cyc0100,Cell1,cyc0000,cyc0100,C1ch,1077,735954.8714308032,3.7858486,0.22227601083742268,313.076579,98.67620878772155
Cell1:cyc0000->cyc0100,Cell1,cyc0000,cyc0100,C1ch,1078,735954.8714423773,3.7860491,0.2224823948970303,313.039141,98.67620878772155
Cell1:cyc0000->cyc0100,Cell1,cyc0000,cyc0100,C1ch,1079,735954.8714539513,3.7860491,0.2226887742200826,313.06411199999997,98.67620878772155
Cell1:cyc0000->cyc0100,Cell1,cyc0000,cyc0100,C1ch,1080,735954.8714655255,3.78637,0.22289515698188608,313.02667499999995,98.67620878772155
Cell1:cyc0000->cyc0100,Cell1,cyc0000,cyc0100,C1ch,1081,735954.8714770995,3.786691,0.2231015401859368,313.08908299999996,98.67620878772155
Cell1:cyc0000->cyc0100,Cell1,cyc0000,cyc0100,C1ch,1082,735954.8714886736,3.7866507,0.2233079228755052,313.10155,98.67620878772155
Cell1:cyc0000->cyc0100,Cell1,cyc0000,cyc0100,C1ch,1083,735954.8715002477,3.7868512,0.2235143076989441,313.06411199999997,98.67620878772155
Cell1:cyc0000->cyc0100,Cell1,cyc0000,cyc0100,C1ch,1084,735954.8715118218,3.7872922,0.2237206913022427,313.039141,98.67620878772155
Cell1:cyc0000->cyc0100,Cell1,cyc0000,cyc0100,C1ch,1085,735954.8715233959,3.7872922,0.22392707594538372,313.06411199999997,98.67620878772155
Cell1:cyc0000->cyc0100,Cell1,cyc0000,cyc0100,C1ch,1086,735954.8715349699,3.7873325,0.2241334601324768,313.039141,98.67620878772155
Cell1:cyc0000->cyc0100,Cell1,cyc0000,cyc0100,C1ch,1087,735954.871546544,3.7876532,0.2243398426573622,313.051646,98.67620878772155
Cell1:cyc0000->cyc0100,Cell1,cyc0000,cyc0100,C1ch,1088,735954.871558118,3.7877336,0.2245462248357849,313.051646,98.67620878772155
Cell1:cyc0000->cyc0100,Cell1,cyc0000,cyc0100,C1ch,1089,735954.8715696922,3.7878938,0.22475260573067898,313.051646,98.67620878772155
Cell1:cyc0000->cyc0100,Cell1,cyc0000,cyc0100,C1ch,1090,735954.8715812662,3.7880542,0.2249589867227715,313.00169999999997,98.67620878772155
Cell1:cyc0000->cyc0100,Cell1,cyc0000,cyc0100,C1ch,1091,735954.8715928403,3.7882547,0.2251653697055969,313.00169999999997,98.67620878772155
Cell1:cyc0000->cyc0100,Cell1,cyc0000,cyc0100,C1ch,1092,735954.8716044143,3.7883351,0.2253717545132853,313.014166,98.67620878772155
Cell1:cyc0000->cyc0100,Cell1,cyc0000,cyc0100,C1ch,1093,735954.8716159884,3.7884953,0.2255781393137885,313.051646,98.67620878772155
Cell1:cyc0000->cyc0100,Cell1,cyc0000,cyc0100,C1ch,1094,735954.8716275624,3.7887762,0.2257845243513285,313.039141,98.67620878772155
Cell1:cyc0000->cyc0100,Cell1,cyc0000,cyc0100,C1ch,1095,735954.8716391366,3.7887361,0.22599090998462928,313.00169999999997,98.67620878772155
Cell1:cyc0000->cyc0100,Cell1,cyc0000,cyc0100,C1ch,1096,735954.8716507107,3.7892573,0.2261972958709107,313.02667499999995,98.67620878772155
Cell1:cyc0000->cyc0100,Cell1,cyc0000,cyc0100,C1ch,1097,735954.8716622847,3.7892172,0.2264036822094659,313.039141,98.67620878772155
Cell1:cyc0000->cyc0100,Cell1,cyc0000,cyc0100,C1ch,1098,735954.8716738588,3.7891772,0.2266100678517015,313.00169999999997,98.67620878772155
Cell1:cyc0000->cyc0100,Cell1,cyc0000,cyc0100,C1ch,1099,735954.8716854329,3.7896984,0.2268164527493896,313.02667499999995,98.67620878772155
Cell1:cyc0000->cyc0100,Cell1,cyc0000,cyc0100,C1ch,1100,735954.871697007,3.7896583,0.2270228377336833,312.97673299999997,98.67620878772155
Cell1:cyc0000->cyc0100,Cell1,cyc0000,cyc0100,C1ch,1101,735954.871708581,3.7900193,0.2272292232149387,313.10155,98.67620878772155
Cell1:cyc0000->cyc0100,Cell1,cyc0000,cyc0100,C1ch,1102,735954.8717201551,3.7899792,0.2274356086768392,313.014166,98.67620878772155
Cell1:cyc0000->cyc0100,Cell1,cyc0000,cyc0100,C1ch,1103,735954.8717317291,3.7901397,0.2276419950157471,313.02667499999995,98.67620878772155
Cell1:cyc0000->cyc0100,Cell1,cyc0000,cyc0100,C1ch,1104,735954.8717433033,3.7903802,0.227848381211436,313.00169999999997,98.67620878772155
Cell1:cyc0000->cyc0100,Cell1,cyc0000,cyc0100,C1ch,1105,735954.8717548773,3.7907009,0.22805476694220309,313.051646,98.67620878772155
Cell1:cyc0000->cyc0100,Cell1,cyc0000,cyc0100,C1ch,1106,735954.8717664514,3.7905807,0.22826115580558268,312.98923299999996,98.67620878772155
Cell1:cyc0000->cyc0100,Cell1,cyc0000,cyc0100,C1ch,1107,735954.8717780254,3.7909014,0.2284675430867411,313.00169999999997,98.67620878772155
Cell1:cyc0000->cyc0100,Cell1,cyc0000,cyc0100,C1ch,1108,735954.8717895995,3.7910619,0.2286739301008131,313.039141,98.67620878772155
Cell1:cyc0000->cyc0100,Cell1,cyc0000,cyc0100,C1ch,1109,735954.8718011737,3.7910218,0.22888031720692278,312.951758,98.67620878772155
Cell1:cyc0000->cyc0100,Cell1,cyc0000,cyc0100,C1ch,1110,735954.8718127477,3.791543,0.22908670680437562,313.00169999999997,98.67620878772155
Cell1:cyc0000->cyc0100,Cell1,cyc0000,cyc0100,C1ch,1111,735954.8718243218,3.7916234,0.2292930927808126,312.98923299999996,98.67620878772155
Cell1:cyc0000->cyc0100,Cell1,cyc0000,cyc0100,C1ch,1112,735954.8718358958,3.7915833,0.2294994766867099,312.97673299999997,98.67620878772155
Cell1:cyc0000->cyc0100,Cell1,cyc0000,cyc0100,C1ch,1113,735954.8718474699,3.7917035,0.2297058622490879,312.91432,98.67620878772155
Cell1:cyc0000->cyc0100,Cell1,cyc0000,cyc0100,C1ch,1114,735954.871859044,3.7918639,0.22991224741721938,312.98923299999996,98.67620878772155
Cell1:cyc0000->cyc0100,Cell1,cyc0000,cyc0100,C1ch,1115,735954.8718706181,3.7921045,0.2301186329533657,313.00169999999997,98.67620878772155
Cell1:cyc0000->cyc0100,Cell1,cyc0000,cyc0100,C1ch,1116,735954.8718821921,3.792305,0.2303250171138882,312.926787,98.67620878772155
Cell1:cyc0000->cyc0100,Cell1,cyc0000,cyc0100,C1ch,1117,735954.8718937662,3.792305,0.2305314021884528,312.951758,98.67620878772155
Cell1:cyc0000->cyc0100,Cell1,cyc0000,cyc0100,C1ch,1118,735954.8719053402,3.7927461,0.23073778604147,313.00169999999997,98.67620878772155
Cell1:cyc0000->cyc0100,Cell1,cyc0000,cyc0100,C1ch,1119,735954.8719169144,3.7923853,0.2309441709569804,312.98923299999996,98.67620878772155
Cell1:cyc0000->cyc0100,Cell1,cyc0000,cyc0100,C1ch,1120,735954.8719284884,3.7928264,0.2311505537279256,312.97673299999997,98.67620878772155
Cell1:cyc0000->cyc0100,Cell1,cyc0000,cyc0100,C1ch,1121,735954.8719400625,3.793107,0.2313569371369731,313.00169999999997,98.67620878772155
Cell1:cyc0000->cyc0100,Cell1,cyc0000,cyc0100,C1ch,1122,735954.8719516366,3.7930269,0.2315633195523275,312.951758,98.67620878772155
Cell1:cyc0000->cyc0100,Cell1,cyc0000,cyc0100,C1ch,1123,735954.8719632106,3.7932274,0.23176970095819768,312.926787,98.67620878772155
Cell1:cyc0000->cyc0100,Cell1,cyc0000,cyc0100,C1ch,1124,735954.8719747848,3.7932675,0.231976081930637,312.90185399999996,98.67620878772155
Cell1:cyc0000->cyc0100,Cell1,cyc0000,cyc0100,C1ch,1125,735954.8719863588,3.7933879,0.23218246327113848,312.96426599999995,98.67620878772155
Cell1:cyc0000->cyc0100,Cell1,cyc0000,cyc0100,C1ch,1126,735954.8719979329,3.7935481,0.2323888452479248,312.926787,98.67620878772155
Cell1:cyc0000->cyc0100,Cell1,cyc0000,cyc0100,C1ch,1127,735954.8720095069,3.7937889,0.2325952270605164,312.97673299999997,98.67620878772155
Cell1:cyc0000->cyc0100,Cell1,cyc0000,cyc0100,C1ch,1128,735954.872021081,3.7939091,0.2328016090534837,312.90185399999996,98.67620878772155
Cell1:cyc0000->cyc0100,Cell1,cyc0000,cyc0100,C1ch,1129,735954.872032655,3.7940295,0.23300799018175591,312.926787,98.67620878772155
Cell1:cyc0000->cyc0100,Cell1,cyc0000,cyc0100,C1ch,1130,735954.8720442292,3.7940695,0.23321437140010579,313.02667499999995,98.67620878772155
Cell1:cyc0000->cyc0100,Cell1,cyc0000,cyc0100,C1ch,1131,735954.8720558032,3.7943101,0.2334207526784837,312.889349,98.67620878772155
Cell1:cyc0000->cyc0100,Cell1,cyc0000,cyc0100,C1ch,1132,735954.8720673773,3.7945106,0.2336271340524089,312.96426599999995,98.67620878772155
Cell1:cyc0000->cyc0100,Cell1,cyc0000,cyc0100,C1ch,1133,735954.8720789513,3.794631,0.2338335154226956,312.96426599999995,98.67620878772155
Cell1:cyc0000->cyc0100,Cell1,cyc0000,cyc0100,C1ch,1134,735954.8720905255,3.7947512,0.2340398958737589,312.91432,98.67620878772155
Cell1:cyc0000->cyc0100,Cell1,cyc0000,cyc0100,C1ch,1135,735954.8721020996,3.7950721,0.2342462745939704,312.951758,98.67620878772155
Cell1:cyc0000->cyc0100,Cell1,cyc0000,cyc0100,C1ch,1136,735954.8721136736,3.795032,0.2344526536255154,312.889349,98.67620878772155
Cell1:cyc0000->cyc0100,Cell1,cyc0000,cyc0100,C1ch,1137,735954.8721252477,3.7950721,0.2346590333269518,312.91432,98.67620878772155
Cell1:cyc0000->cyc0100,Cell1,cyc0000,cyc0100,C1ch,1138,735954.8721368217,3.7951522,0.2348654138646884,312.889349,98.67620878772155
Cell1:cyc0000->cyc0100,Cell1,cyc0000,cyc0100,C1ch,1139,735954.8721483959,3.7955132,0.235071795876987,312.951758,98.67620878772155
Cell1:cyc0000->cyc0100,Cell1,cyc0000,cyc0100,C1ch,1140,735954.8721599699,3.7953126,0.2352781779670003,312.93929099999997,98.67620878772155
Cell1:cyc0000->cyc0100,Cell1,cyc0000,cyc0100,C1ch,1141,735954.872171544,3.7953928,0.23548456146656288,312.98923299999996,98.67620878772155
Cell1:cyc0000->cyc0100,Cell1,cyc0000,cyc0100,C1ch,1142,735954.872183118,3.7956336,0.235690944649214,313.014166,98.67620878772155
Cell1:cyc0000->cyc0100,Cell1,cyc0000,cyc0100,C1ch,1143,735954.8721946921,3.7955933,0.2358973274235942,312.90185399999996,98.67620878772155
Cell1:cyc0000->cyc0100,Cell1,cyc0000,cyc0100,C1ch,1144,735954.8722062662,3.7960346,0.23610371024375748,312.951758,98.67620878772155
Cell1:cyc0000->cyc0100,Cell1,cyc0000,cyc0100,C1ch,1145,735954.8722178403,3.7960346,0.2363100939710219,312.951758,98.67620878772155
Cell1:cyc0000->cyc0100,Cell1,cyc0000,cyc0100,C1ch,1146,735954.8722294143,3.7961547,0.2365164800907287,312.926787,98.67620878772155
Cell1:cyc0000->cyc0100,Cell1,cyc0000,cyc0100,C1ch,1147,735954.8722409884,3.7961147,0.2367228630277439,312.864378,98.67620878772155
Cell1:cyc0000->cyc0100,Cell1,cyc0000,cyc0100,C1ch,1148,735954.8722525624,3.7962351,0.23692924564995999,312.91432,98.67620878772155
Cell1:cyc0000->cyc0100,Cell1,cyc0000,cyc0100,C1ch,1149,735954.8722641366,3.7964756,0.2371356287532823,312.87688299999996,98.67620878772155
Cell1:cyc0000->cyc0100,Cell1,cyc0000,cyc0100,C1ch,1150,735954.8722757107,3.7966361,0.23734201225965712,312.889349,98.67620878772155
Cell1:cyc0000->cyc0100,Cell1,cyc0000,cyc0100,C1ch,1151,735954.8722872847,3.7965558,0.2375483941958076,312.926787,98.67620878772155
Cell1:cyc0000->cyc0100,Cell1,cyc0000,cyc0100,C1ch,1152,735954.8722988588,3.7968366,0.2377547777727661,312.93929099999997,98.67620878772155
Cell1:cyc0000->cyc0100,Cell1,cyc0000,cyc0100,C1ch,1153,735954.8723104328,3.7968767,0.23796116082117041,312.91432,98.67620878772155
Cell1:cyc0000->cyc0100,Cell1,cyc0000,cyc0100,C1ch,1154,735954.872322007,3.7969568,0.23816754418411928,312.926787,98.67620878772155
Cell1:cyc0000->cyc0100,Cell1,cyc0000,cyc0100,C1ch,1155,735954.872333581,3.7972777,0.2383739267869534,312.96426599999995,98.67620878772155
Cell1:cyc0000->cyc0100,Cell1,cyc0000,cyc0100,C1ch,1156,735954.8723451551,3.7971973,0.2385803101800639,312.889349,98.67620878772155
Cell1:cyc0000->cyc0100,Cell1,cyc0000,cyc0100,C1ch,1157,735954.8723567291,3.7972376,0.2387866933416205,312.83944499999996,98.67620878772155
Cell1:cyc0000->cyc0100,Cell1,cyc0000,cyc0100,C1ch,1158,735954.8723683032,3.7973979,0.2389930758666755,312.87688299999996,98.67620878772155
Cell1:cyc0000->cyc0100,Cell1,cyc0000,cyc0100,C1ch,1159,735954.8723798773,3.7975984,0.239199458052219,312.889349,98.67620878772155
Cell1:cyc0000->cyc0100,Cell1,cyc0000,cyc0100,C1ch,1160,735954.8723914514,3.7978792,0.2394058439931912,312.90185399999996,98.67620878772155
Cell1:cyc0000->cyc0100,Cell1,cyc0000,cyc0100,C1ch,1161,735954.8724030254,3.7975984,0.2396122298971219,312.864378,98.67620878772155
Cell1:cyc0000->cyc0100,Cell1,cyc0000,cyc0100,C1ch,1162,735954.8724145995,3.7979994,0.2398186160626492,312.85191199999997,98.67620878772155
Cell1:cyc0000->cyc0100,Cell1,cyc0000,cyc0100,C1ch,1163,735954.8724261736,3.7980797,0.2400250009251913,312.85191199999997,98.67620878772155
Cell1:cyc0000->cyc0100,Cell1,cyc0000,cyc0100,C1ch,1164,735954.8724377477,3.7980397,0.2402313863001031,312.85191199999997,98.67620878772155
Cell1:cyc0000->cyc0100,Cell1,cyc0000,cyc0100,C1ch,1165,735954.8724493218,3.7982402,0.2404377694419725,312.826941,98.67620878772155
Cell1:cyc0000->cyc0100,Cell1,cyc0000,cyc0100,C1ch,1166,735954.8724608958,3.7981999,0.2406441538482971,312.87688299999996,98.67620878772155
Cell1:cyc0000->cyc0100,Cell1,cyc0000,cyc0100,C1ch,1167,735954.8724724699,3.7984004,0.24085053754028998,312.87688299999996,98.67620878772155
Cell1:cyc0000->cyc0100,Cell1,cyc0000,cyc0100,C1ch,1168,735954.8724840439,3.7987614,0.2410569249381273,312.90185399999996,98.67620878772155
Cell1:cyc0000->cyc0100,Cell1,cyc0000,cyc0100,C1ch,1169,735954.8724956181,3.7985609,0.2412633107253927,312.87688299999996,98.67620878772155
Cell1:cyc0000->cyc0100,Cell1,cyc0000,cyc0100,C1ch,1170,735954.8725071921,3.7988415,0.24146969709448582,312.864378,98.67620878772155
Cell1:cyc0000->cyc0100,Cell1,cyc0000,cyc0100,C1ch,1171,735954.8725187662,3.7989218,0.2416760837197367,312.87688299999996,98.67620878772155
Cell1:cyc0000->cyc0100,Cell1,cyc0000,cyc0100,C1ch,1172,735954.8725303402,3.799042,0.24188247058718532,312.864378,98.67620878772155
Cell1:cyc0000->cyc0100,Cell1,cyc0000,cyc0100,C1ch,1173,735954.8725419143,3.7989619,0.2420888562381829,312.75206199999997,98.67620878772155
Cell1:cyc0000->cyc0100,Cell1,cyc0000,cyc0100,C1ch,1174,735954.8725534884,3.7991624,0.2422952412738342,312.78950299999997,98.67620878772155
Cell1:cyc0000->cyc0100,Cell1,cyc0000,cyc0100,C1ch,1175,735954.8725650625,3.799403,0.2425016247217814,312.826941,98.67620878772155
Cell1:cyc0000->cyc0100,Cell1,cyc0000,cyc0100,C1ch,1176,735954.8725766366,3.7994833,0.2427080105053745,312.926787,98.67620878772155
Cell1:cyc0000->cyc0100,Cell1,cyc0000,cyc0100,C1ch,1177,735954.8725882106,3.7993228,0.2429143965664741,312.85191199999997,98.67620878772155
Cell1:cyc0000->cyc0100,Cell1,cyc0000,cyc0100,C1ch,1178,735954.8725997848,3.7996035,0.2431207817773437,312.90185399999996,98.67620878772155
Cell1:cyc0000->cyc0100,Cell1,cyc0000,cyc0100,C1ch,1179,735954.8726113588,3.7995634,0.243327169403205,312.87688299999996,98.67620878772155
Cell1:cyc0000->cyc0100,Cell1,cyc0000,cyc0100,C1ch,1180,735954.8726229329,3.7997639,0.24353355507556831,312.78950299999997,98.67620878772155
Cell1:cyc0000->cyc0100,Cell1,cyc0000,cyc0100,C1ch,1181,735954.8726345069,3.7998843,0.2437399394695028,312.87688299999996,98.67620878772155
Cell1:cyc0000->cyc0100,Cell1,cyc0000,cyc0100,C1ch,1182,735954.872646081,3.8000045,0.2439463253804389,312.826941,98.67620878772155
Cell1:cyc0000->cyc0100,Cell1,cyc0000,cyc0100,C1ch,1183,735954.872657655,3.8001649,0.2441527102817213,312.889349,98.67620878772155
Cell1:cyc0000->cyc0100,Cell1,cyc0000,cyc0100,C1ch,1184,735954.8726692292,3.8001249,0.24435909647729828,312.81447399999996,98.67620878772155
Cell1:cyc0000->cyc0100,Cell1,cyc0000,cyc0100,C1ch,1185,735954.8726808032,3.800205,0.2445654820150519,312.83944499999996,98.67620878772155
Cell1:cyc0000->cyc0100,Cell1,cyc0000,cyc0100,C1ch,1186,735954.8726923773,3.8004456,0.2447718660907627,312.81447399999996,98.67620878772155
Cell1:cyc0000->cyc0100,Cell1,cyc0000,cyc0100,C1ch,1187,735954.8727039513,3.8005259,0.2449782508946635,312.83944499999996,98.67620878772155
Cell1:cyc0000->cyc0100,Cell1,cyc0000,cyc0100,C1ch,1188,735954.8727155254,3.8003254,0.24518463619015501,312.77703699999995,98.67620878772155
Cell1:cyc0000->cyc0100,Cell1,cyc0000,cyc0100,C1ch,1189,735954.8727270996,3.8006461,0.24539102399651758,312.87688299999996,98.67620878772155
Cell1:cyc0000->cyc0100,Cell1,cyc0000,cyc0100,C1ch,1190,735954.8727386736,3.8006461,0.2455974123139615,312.78950299999997,98.67620878772155
Cell1:cyc0000->cyc0100,Cell1,cyc0000,cyc0100,C1ch,1191,735954.8727502477,3.8006461,0.24580379923611448,312.826941,98.67620878772155
Cell1:cyc0000->cyc0100,Cell1,cyc0000,cyc0100,C1ch,1192,735954.8727618217,3.8008869,0.2460101878079224,312.78950299999997,98.67620878772155
Cell1:cyc0000->cyc0100,Cell1,cyc0000,cyc0100,C1ch,1193,735954.8727733959,3.8010874,0.2462165765493978,312.83944499999996,98.67620878772155
Cell1:cyc0000->cyc0100,Cell1,cyc0000,cyc0100,C1ch,1194,735954.8727849699,3.8009269,0.2464229653900791,312.83944499999996,98.67620878772155
Cell1:cyc0000->cyc0100,Cell1,cyc0000,cyc0100,C1ch,1195,735954.872796544,3.8011675,0.2466293534863111,312.83944499999996,98.67620878772155
Cell1:cyc0000->cyc0100,Cell1,cyc0000,cyc0100,C1ch,1196,735954.872808118,3.800967,0.2468357411686232,312.75206199999997,98.67620878772155
Cell1:cyc0000->cyc0100,Cell1,cyc0000,cyc0100,C1ch,1197,735954.8728196921,3.8012476,0.24704212766480851,312.80197,98.67620878772155
Cell1:cyc0000->cyc0100,Cell1,cyc0000,cyc0100,C1ch,1198,735954.8728312661,3.8012879,0.2472485139116008,312.77703699999995,98.67620878772155
Cell1:cyc0000->cyc0100,Cell1,cyc0000,cyc0100,C1ch,1199,735954.8728428403,3.8012879,0.24745490191254338,312.75206199999997,98.67620878772155
Cell1:cyc0000->cyc0100,Cell1,cyc0000,cyc0100,C1ch,1200,735954.8728544143,3.8016086,0.24766128863133072,312.77703699999995,98.67620878772155
Cell1:cyc0000->cyc0100,Cell1,cyc0000,cyc0100,C1ch,1201,735954.8728659884,3.8014081,0.24786767523893571,312.764529,98.67620878772155
Cell1:cyc0000->cyc0100,Cell1,cyc0000,cyc0100,C1ch,1202,735954.8728775625,3.801729,0.2480740637454393,312.75206199999997,98.67620878772155
Cell1:cyc0000->cyc0100,Cell1,cyc0000,cyc0100,C1ch,1203,735954.8728891365,3.801769,0.2482804513678487,312.739558,98.67620878772155
Cell1:cyc0000->cyc0100,Cell1,cyc0000,cyc0100,C1ch,1204,735954.8729007107,3.8016486,0.248486838072581,312.80197,98.67620878772155
Cell1:cyc0000->cyc0100,Cell1,cyc0000,cyc0100,C1ch,1205,735954.8729122847,3.8018491,0.24869322436184352,312.78950299999997,98.67620878772155
Cell1:cyc0000->cyc0100,Cell1,cyc0000,cyc0100,C1ch,1206,735954.8729238588,3.8019695,0.2488996120657722,312.85191199999997,98.67620878772155
Cell1:cyc0000->cyc0100,Cell1,cyc0000,cyc0100,C1ch,1207,735954.8729354328,3.80217,0.24910599854073082,312.764529,98.67620878772155
Cell1:cyc0000->cyc0100,Cell1,cyc0000,cyc0100,C1ch,1208,735954.872947007,3.8022904,0.2493123847504476,312.83944499999996,98.67620878772155
Cell1:cyc0000->cyc0100,Cell1,cyc0000,cyc0100,C1ch,1209,735954.872958581,3.8022904,0.24951877234102368,312.739558,98.67620878772155
Cell1:cyc0000->cyc0100,Cell1,cyc0000,cyc0100,C1ch,1210,735954.8729701551,3.8024507,0.2497251593745117,312.83944499999996,98.67620878772155
Cell1:cyc0000->cyc0100,Cell1,cyc0000,cyc0100,C1ch,1211,735954.8729817291,3.8020496,0.2499315448239271,312.764529,98.67620878772155
Cell1:cyc0000->cyc0100,Cell1,cyc0000,cyc0100,C1ch,1212,735954.8729933032,3.8025711,0.25013793038653903,312.72709499999996,98.67620878772155
Cell1:cyc0000->cyc0100,Cell1,cyc0000,cyc0100,C1ch,1213,735954.8730048772,3.8026912,0.250344319881524,312.764529,98.67620878772155
Cell1:cyc0000->cyc0100,Cell1,cyc0000,cyc0100,C1ch,1214,735954.8730164514,3.8024106,0.2505507097971361,312.75206199999997,98.67620878772155
Cell1:cyc0000->cyc0100,Cell1,cyc0000,cyc0100,C1ch,1215,735954.8730280255,3.8027716,0.2507570985137906,312.75206199999997,98.67620878772155
Cell1:cyc0000->cyc0100,Cell1,cyc0000,cyc0100,C1ch,1216,735954.8730395995,3.802932,0.250963488714135,312.80197,98.67620878772155
Cell1:cyc0000->cyc0100,Cell1,cyc0000,cyc0100,C1ch,1217,735954.8730511736,3.8028116,0.2511698781805556,312.80197,98.67620878772155
Cell1:cyc0000->cyc0100,Cell1,cyc0000,cyc0100,C1ch,1218,735954.8730627476,3.8028917,0.2513762672263421,312.77703699999995,98.67620878772155
Cell1:cyc0000->cyc0100,Cell1,cyc0000,cyc0100,C1ch,1219,735954.8730743218,3.8030121,0.2515826554515076,312.68965399999996,98.67620878772155
Cell1:cyc0000->cyc0100,Cell1,cyc0000,cyc0100,C1ch,1220,735954.8730858958,3.8030121,0.25178904242329236,312.71462899999995,98.67620878772155
Cell1:cyc0000->cyc0100,Cell1,cyc0000,cyc0100,C1ch,1221,735954.8730974699,3.8030922,0.2519954323212484,312.677149,98.67620878772155
Cell1:cyc0000->cyc0100,Cell1,cyc0000,cyc0100,C1ch,1222,735954.8731090439,3.803333,0.2522018223342421,312.72709499999996,98.67620878772155
Cell1:cyc0000->cyc0100,Cell1,cyc0000,cyc0100,C1ch,1223,735954.873120618,3.8032928,0.2524082118573914,312.71462899999995,98.67620878772155
Cell1:cyc0000->cyc0100,Cell1,cyc0000,cyc0100,C1ch,1224,735954.8731321921,3.8033731,0.2526146011612006,312.81447399999996,98.67620878772155
Cell1:cyc0000->cyc0100,Cell1,cyc0000,cyc0100,C1ch,1225,735954.8731437662,3.8032126,0.2528209895332167,312.75206199999997,98.67620878772155
Cell1:cyc0000->cyc0100,Cell1,cyc0000,cyc0100,C1ch,1226,735954.8731553402,3.8031726,0.2530273779191691,312.75206199999997,98.67620878772155
Cell1:cyc0000->cyc0100,Cell1,cyc0000,cyc0100,C1ch,1227,735954.8731669143,3.8034132,0.2532337644685466,312.75206199999997,98.67620878772155
Cell1:cyc0000->cyc0100,Cell1,cyc0000,cyc0100,C1ch,1228,735954.8731784885,3.8034532,0.2534401498455709,312.71462899999995,98.67620878772155
Cell1:cyc0000->cyc0100,Cell1,cyc0000,cyc0100,C1ch,1229,735954.8731900625,3.8035336,0.2536465370650499,312.75206199999997,98.67620878772155
Cell1:cyc0000->cyc0100,Cell1,cyc0000,cyc0100,C1ch,1230,735954.8732016366,3.8038142,0.2538529237184177,312.72709499999996,98.67620878772155
Cell1:cyc0000->cyc0100,Cell1,cyc0000,cyc0100,C1ch,1231,735954.8732132106,3.8038542,0.2540593125166151,312.739558,98.67620878772155
Cell1:cyc0000->cyc0100,Cell1,cyc0000,cyc0100,C1ch,1232,735954.8732247847,3.8038142,0.2542657017090183,312.739558,98.67620878772155
Cell1:cyc0000->cyc0100,Cell1,cyc0000,cyc0100,C1ch,1233,735954.8732363587,3.8039746,0.2544720900950385,312.75206199999997,98.67620878772155
Cell1:cyc0000->cyc0100,Cell1,cyc0000,cyc0100,C1ch,1234,735954.8732479329,3.8040547,0.2546784774894308,312.70212,98.67620878772155
Cell1:cyc0000->cyc0100,Cell1,cyc0000,cyc0100,C1ch,1235,735954.8732595069,3.8040547,0.2548848655255161,312.739558,98.67620878772155
Cell1:cyc0000->cyc0100,Cell1,cyc0000,cyc0100,C1ch,1236,735954.873271081,3.8042152,0.2550912537704196,312.70212,98.67620878772155
Cell1:cyc0000->cyc0100,Cell1,cyc0000,cyc0100,C1ch,1237,735954.873282655,3.8042552,0.2552976420381538,312.71462899999995,98.67620878772155
Cell1:cyc0000->cyc0100,Cell1,cyc0000,cyc0100,C1ch,1238,735954.8732942292,3.8042953,0.2555040307939284,312.70212,98.67620878772155
Cell1:cyc0000->cyc0100,Cell1,cyc0000,cyc0100,C1ch,1239,735954.8733058032,3.8042552,0.25571041947015377,312.71462899999995,98.67620878772155
Cell1:cyc0000->cyc0100,Cell1,cyc0000,cyc0100,C1ch,1240,735954.8733173773,3.8044958,0.2559168083690796,312.739558,98.67620878772155
Cell1:cyc0000->cyc0100,Cell1,cyc0000,cyc0100,C1ch,1241,735954.8733289514,3.8045762,0.25612319714772214,312.66468299999997,98.67620878772155
Cell1:cyc0000->cyc0100,Cell1,cyc0000,cyc0100,C1ch,1242,735954.8733405254,3.8044558,0.2563295875849982,312.70212,98.67620878772155
Cell1:cyc0000->cyc0100,Cell1,cyc0000,cyc0100,C1ch,1243,735954.8733520996,3.8048167,0.256535977971032,312.78950299999997,98.67620878772155
Cell1:cyc0000->cyc0100,Cell1,cyc0000,cyc0100,C1ch,1244,735954.8733636736,3.8046563,0.2567423659790412,312.72709499999996,98.67620878772155
Cell1:cyc0000->cyc0100,Cell1,cyc0000,cyc0100,C1ch,1245,735954.8733752477,3.8046563,0.25694875515741306,312.68965399999996,98.67620878772155
Cell1:cyc0000->cyc0100,Cell1,cyc0000,cyc0100,C1ch,1246,735954.8733868217,3.8047366,0.25715514551874125,312.72709499999996,98.67620878772155
Cell1:cyc0000->cyc0100,Cell1,cyc0000,cyc0100,C1ch,1247,735954.8733983958,3.8048968,0.25736153468820866,312.68965399999996,98.67620878772155
Cell1:cyc0000->cyc0100,Cell1,cyc0000,cyc0100,C1ch,1248,735954.8734099698,3.8047767,0.2575679223177422,312.71462899999995,98.67620878772155
Cell1:cyc0000->cyc0100,Cell1,cyc0000,cyc0100,C1ch,1249,735954.873421544,3.8048968,0.2577743116905857,312.739558,98.67620878772155
Cell1:cyc0000->cyc0100,Cell1,cyc0000,cyc0100,C1ch,1250,735954.873433118,3.8050573,0.2579806985314263,312.65221599999995,98.67620878772155
Cell1:cyc0000->cyc0100,Cell1,cyc0000,cyc0100,C1ch,1251,735954.8734446921,3.8051777,0.25818708181692157,312.639712,98.67620878772155
Cell1:cyc0000->cyc0100,Cell1,cyc0000,cyc0100,C1ch,1252,735954.8734562661,3.8051376,0.25839346788168,312.70212,98.67620878772155
Cell1:cyc0000->cyc0100,Cell1,cyc0000,cyc0100,C1ch,1253,735954.8734678403,3.8052979,0.2585998555232917,312.66468299999997,98.67620878772155
Cell1:cyc0000->cyc0100,Cell1,cyc0000,cyc0100,C1ch,1254,735954.8734794144,3.8050973,0.2588062438476393,312.70212,98.67620878772155
Cell1:cyc0000->cyc0100,Cell1,cyc0000,cyc0100,C1ch,1255,735954.8734909884,3.8053782,0.2590126314045749,312.71462899999995,98.67620878772155
Cell1:cyc0000->cyc0100,Cell1,cyc0000,cyc0100,C1ch,1256,735954.8735025625,3.8053782,0.2592190179270426,312.60227399999997,98.67620878772155
Cell1:cyc0000->cyc0100,Cell1,cyc0000,cyc0100,C1ch,1257,735954.8735141365,3.8053782,0.25942540832719246,312.68965399999996,98.67620878772155
Cell1:cyc0000->cyc0100,Cell1,cyc0000,cyc0100,C1ch,1258,735954.8735257107,3.8056588,0.2596317970212844,312.677149,98.67620878772155
Cell1:cyc0000->cyc0100,Cell1,cyc0000,cyc0100,C1ch,1259,735954.8735372847,3.8057392,0.2598381818765361,312.677149,98.67620878772155
Cell1:cyc0000->cyc0100,Cell1,cyc0000,cyc0100,C1ch,1260,735954.8735488588,3.8057792,0.2600445695023939,312.66468299999997,98.67620878772155
Cell1:cyc0000->cyc0100,Cell1,cyc0000,cyc0100,C1ch,1261,735954.8735604328,3.8057792,0.2602509569834188,312.65221599999995,98.67620878772155
Cell1:cyc0000->cyc0100,Cell1,cyc0000,cyc0100,C1ch,1262,735954.8735720069,3.8058193,0.2604573446130202,312.70212,98.67620878772155
Cell1:cyc0000->cyc0100,Cell1,cyc0000,cyc0100,C1ch,1263,735954.873583581,3.8056989,0.2606637324387614,312.70212,98.67620878772155
Cell1:cyc0000->cyc0100,Cell1,cyc0000,cyc0100,C1ch,1264,735954.8735951551,3.8059397,0.2608701194989726,312.66468299999997,98.67620878772155
Cell1:cyc0000->cyc0100,Cell1,cyc0000,cyc0100,C1ch,1265,735954.8736067291,3.8057392,0.26107650675367566,312.70212,98.67620878772155
Cell1:cyc0000->cyc0100,Cell1,cyc0000,cyc0100,C1ch,1266,735954.8736183032,3.8059397,0.26128289506724717,312.677149,98.67620878772155
Cell1:cyc0000->cyc0100,Cell1,cyc0000,cyc0100,C1ch,1267,735954.8736298773,3.8059397,0.2614892831280687,312.62724499999996,98.67620878772155
Cell1:cyc0000->cyc0100,Cell1,cyc0000,cyc0100,C1ch,1268,735954.8736414514,3.8061802,0.2616956703650072,312.66468299999997,98.67620878772155
Cell1:cyc0000->cyc0100,Cell1,cyc0000,cyc0100,C1ch,1269,735954.8736530255,3.8060598,0.2619020572783305,312.66468299999997,98.67620878772155
Cell1:cyc0000->cyc0100,Cell1,cyc0000,cyc0100,C1ch,1270,735954.8736645995,3.8063004,0.26210844473097056,312.66468299999997,98.67620878772155
Cell1:cyc0000->cyc0100,Cell1,cyc0000,cyc0100,C1ch,1271,735954.8736761736,3.8062603,0.2623148325460816,312.68965399999996,98.67620878772155
Cell1:cyc0000->cyc0100,Cell1,cyc0000,cyc0100,C1ch,1272,735954.8736877476,3.8063807,0.2625212208367615,312.62724499999996,98.67620878772155
Cell1:cyc0000->cyc0100,Cell1,cyc0000,cyc0100,C1ch,1273,735954.8736993218,3.8061402,0.2627276084325155,312.677149,98.67620878772155
Cell1:cyc0000->cyc0100,Cell1,cyc0000,cyc0100,C1ch,1274,735954.8737108958,3.8063004,0.26293399503472564,312.65221599999995,98.67620878772155
Cell1:cyc0000->cyc0100,Cell1,cyc0000,cyc0100,C1ch,1275,735954.8737224699,3.8065813,0.2631403804239909,312.639712,98.67620878772155
Cell1:cyc0000->cyc0100,Cell1,cyc0000,cyc0100,C1ch,1276,735954.8737340439,3.8064609,0.2633467678093092,312.65221599999995,98.67620878772155
Cell1:cyc0000->cyc0100,Cell1,cyc0000,cyc0100,C1ch,1277,735954.873745618,3.8065813,0.2635531531828376,312.639712,98.67620878772155
Cell1:cyc0000->cyc0100,Cell1,cyc0000,cyc0100,C1ch,1278,735954.873757192,3.806541,0.26375953958528653,312.65221599999995,98.67620878772155
Cell1:cyc0000->cyc0100,Cell1,cyc0000,cyc0100,C1ch,1279,735954.8737687662,3.8067818,0.2639659258445502,312.60227399999997,98.67620878772155
Cell1:cyc0000->cyc0100,Cell1,cyc0000,cyc0100,C1ch,1280,735954.8737803403,3.8068218,0.26417231301770355,312.66468299999997,98.67620878772155
Cell1:cyc0000->cyc0100,Cell1,cyc0000,cyc0100,C1ch,1281,735954.8737919143,3.8066614,0.26437870065246594,312.614741,98.67620878772155
Cell1:cyc0000->cyc0100,Cell1,cyc0000,cyc0100,C1ch,1282,735954.8738034884,3.8069019,0.26458508904764144,312.62724499999996,98.67620878772155
Cell1:cyc0000->cyc0100,Cell1,cyc0000,cyc0100,C1ch,1283,735954.8738150625,3.8068619,0.2647914773081971,312.639712,98.67620878772155
Cell1:cyc0000->cyc0100,Cell1,cyc0000,cyc0100,C1ch,1284,735954.8738266366,3.8068218,0.2649978661148783,312.639712,98.67620878772155
Cell1:cyc0000->cyc0100,Cell1,cyc0000,cyc0100,C1ch,1285,735954.8738382106,3.8067818,0.2652042544817776,312.66468299999997,98.67620878772155
Cell1:cyc0000->cyc0100,Cell1,cyc0000,cyc0100,C1ch,1286,735954.8738497847,3.8069019,0.26541064327649255,312.764529,98.67620878772155
Cell1:cyc0000->cyc0100,Cell1,cyc0000,cyc0100,C1ch,1287,735954.8738613587,3.8070223,0.26561703235575024,312.66468299999997,98.67620878772155
Cell1:cyc0000->cyc0100,Cell1,cyc0000,cyc0100,C1ch,1288,735954.8738729329,3.8070223,0.26582341733839926,312.66468299999997,98.67620878772155
Cell1:cyc0000->cyc0100,Cell1,cyc0000,cyc0100,C1ch,1289,735954.8738845069,3.8071425,0.26602980370037843,312.614741,98.67620878772155
Cell1:cyc0000->cyc0100,Cell1,cyc0000,cyc0100,C1ch,1290,735954.873896081,3.807343,0.2662361896096428,312.68965399999996,98.67620878772155
Cell1:cyc0000->cyc0100,Cell1,cyc0000,cyc0100,C1ch,1291,735954.873907655,3.8072629,0.2664425759484796,312.58980799999995,98.67620878772155
Cell1:cyc0000->cyc0100,Cell1,cyc0000,cyc0100,C1ch,1292,735954.8739192291,3.8071828,0.2666489619549933,312.68965399999996,98.67620878772155
Cell1:cyc0000->cyc0100,Cell1,cyc0000,cyc0100,C1ch,1293,735954.8739308033,3.8074634,0.2668553493615825,312.62724499999996,98.67620878772155
Cell1:cyc0000->cyc0100,Cell1,cyc0000,cyc0100,C1ch,1294,735954.8739423773,3.8075035,0.2670617365737474,312.65221599999995,98.67620878772155
Cell1:cyc0000->cyc0100,Cell1,cyc0000,cyc0100,C1ch,1295,735954.8739539514,3.8074234,0.26726812146079854,312.70212,98.67620878772155
Cell1:cyc0000->cyc0100,Cell1,cyc0000,cyc0100,C1ch,1296,735954.8739655254,3.8074234,0.2674745085457085,312.62724499999996,98.67620878772155
Cell1:cyc0000->cyc0100,Cell1,cyc0000,cyc0100,C1ch,1297,735954.8739770995,3.8074634,0.26768089543973794,312.639712,98.67620878772155
Cell1:cyc0000->cyc0100,Cell1,cyc0000,cyc0100,C1ch,1298,735954.8739886736,3.8076639,0.26788728130131023,312.66468299999997,98.67620878772155
Cell1:cyc0000->cyc0100,Cell1,cyc0000,cyc0100,C1ch,1299,735954.8740002477,3.807704,0.26809366936411877,312.639712,98.67620878772155
Cell1:cyc0000->cyc0100,Cell1,cyc0000,cyc0100,C1ch,1300,735954.8740118217,3.8077843,0.26830005743556723,312.62724499999996,98.67620878772155
Cell1:cyc0000->cyc0100,Cell1,cyc0000,cyc0100,C1ch,1301,735954.8740233958,3.8076239,0.2685064449714356,312.66468299999997,98.67620878772155
Cell1:cyc0000->cyc0100,Cell1,cyc0000,cyc0100,C1ch,1302,735954.8740349698,3.807744,0.2687128325073615,312.60227399999997,98.67620878772155
Cell1:cyc0000->cyc0100,Cell1,cyc0000,cyc0100,C1ch,1303,735954.874046544,3.8077843,0.2689192177463277,312.62724499999996,98.67620878772155
Cell1:cyc0000->cyc0100,Cell1,cyc0000,cyc0100,C1ch,1304,735954.874058118,3.8079445,0.2691256037756585,312.614741,98.67620878772155
Cell1:cyc0000->cyc0100,Cell1,cyc0000,cyc0100,C1ch,1305,735954.8740696921,3.8077843,0.2693319887831454,312.577299,98.67620878772155
Cell1:cyc0000->cyc0100,Cell1,cyc0000,cyc0100,C1ch,1306,735954.8740812662,3.8079445,0.2695383740417006,312.62724499999996,98.67620878772155
Cell1:cyc0000->cyc0100,Cell1,cyc0000,cyc0100,C1ch,1307,735954.8740928402,3.8079848,0.2697447603611044,312.62724499999996,98.67620878772155
Cell1:cyc0000->cyc0100,Cell1,cyc0000,cyc0100,C1ch,1308,735954.8741044144,3.8078644,0.2699511470269843,312.639712,98.67620878772155
Cell1:cyc0000->cyc0100,Cell1,cyc0000,cyc0100,C1ch,1309,735954.8741159884,3.8079445,0.2701575328052334,312.677149,98.67620878772155
Cell1:cyc0000->cyc0100,Cell1,cyc0000,cyc0100,C1ch,1310,735954.8741275625,3.8080649,0.2703639186597256,312.65221599999995,98.67620878772155
Cell1:cyc0000->cyc0100,Cell1,cyc0000,cyc0100,C1ch,1311,735954.8741391365,3.808145,0.2705703057887777,312.639712,98.67620878772155
Cell1:cyc0000->cyc0100,Cell1,cyc0000,cyc0100,C1ch,1312,735954.8741507106,3.8080649,0.27077669226387874,312.68965399999996,98.67620878772155
Cell1:cyc0000->cyc0100,Cell1,cyc0000,cyc0100,C1ch,1313,735954.8741622847,3.8083858,0.270983078505561,312.639712,98.67620878772155
Cell1:cyc0000->cyc0100,Cell1,cyc0000,cyc0100,C1ch,1314,735954.8741738588,3.8083858,0.2711894654173482,312.66468299999997,98.67620878772155
Cell1:cyc0000->cyc0100,Cell1,cyc0000,cyc0100,C1ch,1315,735954.8741854328,3.8083456,0.2713958544985385,312.62724499999996,98.67620878772155
Cell1:cyc0000->cyc0100,Cell1,cyc0000,cyc0100,C1ch,1316,735954.8741970069,3.808506,0.2716022409824151,312.60227399999997,98.67620878772155
Cell1:cyc0000->cyc0100,Cell1,cyc0000,cyc0100,C1ch,1317,735954.8742085809,3.8083055,0.2718086265378384,312.66468299999997,98.67620878772155
Cell1:cyc0000->cyc0100,Cell1,cyc0000,cyc0100,C1ch,1318,735954.8742201551,3.808506,0.27201501420115487,312.60227399999997,98.67620878772155
Cell1:cyc0000->cyc0100,Cell1,cyc0000,cyc0100,C1ch,1319,735954.8742317292,3.8086264,0.2722214002376472,312.614741,98.67620878772155
Cell1:cyc0000->cyc0100,Cell1,cyc0000,cyc0100,C1ch,1320,735954.8742433032,3.8086264,0.2724277856482307,312.577299,98.67620878772155
Cell1:cyc0000->cyc0100,Cell1,cyc0000,cyc0100,C1ch,1321,735954.8742548773,3.8085864,0.2726341723194784,312.62724499999996,98.67620878772155
Cell1:cyc0000->cyc0100,Cell1,cyc0000,cyc0100,C1ch,1322,735954.8742664513,3.808466,0.27284055794921197,312.614741,98.67620878772155
Cell1:cyc0000->cyc0100,Cell1,cyc0000,cyc0100,C1ch,1323,735954.8742780255,3.8085864,0.2730469425251193,312.58980799999995,98.67620878772155
Cell1:cyc0000->cyc0100,Cell1,cyc0000,cyc0100,C1ch,1324,735954.8742895995,3.8087065,0.27325332859678136,312.639712,98.67620878772155
Cell1:cyc0000->cyc0100,Cell1,cyc0000,cyc0100,C1ch,1325,735954.8743011736,3.808907,0.2734597135688816,312.62724499999996,98.67620878772155
Cell1:cyc0000->cyc0100,Cell1,cyc0000,cyc0100,C1ch,1326,735954.8743127476,3.8087869,0.2736660981680501,312.577299,98.67620878772155
Cell1:cyc0000->cyc0100,Cell1,cyc0000,cyc0100,C1ch,1327,735954.8743243217,3.8087466,0.2738724829736599,312.514891,98.67620878772155
Cell1:cyc0000->cyc0100,Cell1,cyc0000,cyc0100,C1ch,1328,735954.8743358958,3.808867,0.274078866617808,312.50242499999996,98.67620878772155
Cell1:cyc0000->cyc0100,Cell1,cyc0000,cyc0100,C1ch,1329,735954.8743474699,3.8091476,0.2742852496253459,312.66468299999997,98.67620878772155
Cell1:cyc0000->cyc0100,Cell1,cyc0000,cyc0100,C1ch,1330,735954.8743590439,3.8088269,0.2744916327940199,312.62724499999996,98.67620878772155
Cell1:cyc0000->cyc0100,Cell1,cyc0000,cyc0100,C1ch,1331,735954.874370618,3.8090274,0.2746980137295973,312.62724499999996,98.67620878772155
Cell1:cyc0000->cyc0100,Cell1,cyc0000,cyc0100,C1ch,1332,735954.8743821922,3.8089471,0.274904397440962,312.577299,98.67620878772155
Cell1:cyc0000->cyc0100,Cell1,cyc0000,cyc0100,C1ch,1333,735954.8743937662,3.8090274,0.2751107799288703,312.577299,98.67620878772155
Cell1:cyc0000->cyc0100,Cell1,cyc0000,cyc0100,C1ch,1334,735954.8744053403,3.8091075,0.275317161458591,312.614741,98.67620878772155
Cell1:cyc0000->cyc0100,Cell1,cyc0000,cyc0100,C1ch,1335,735954.8744169143,3.8091879,0.2755235449225667,312.58980799999995,98.67620878772155
Cell1:cyc0000->cyc0100,Cell1,cyc0000,cyc0100,C1ch,1336,735954.8744284884,3.8095086,0.2757299294473334,312.614741,98.67620878772155
Cell1:cyc0000->cyc0100,Cell1,cyc0000,cyc0100,C1ch,1337,735954.8744400624,3.8093081,0.2759363164809265,312.552332,98.67620878772155
Cell1:cyc0000->cyc0100,Cell1,cyc0000,cyc0100,C1ch,1338,735954.8744516366,3.8095086,0.2761427009438036,312.62724499999996,98.67620878772155
Cell1:cyc0000->cyc0100,Cell1,cyc0000,cyc0100,C1ch,1339,735954.8744632106,3.8093884,0.27634908516453377,312.65221599999995,98.67620878772155
Cell1:cyc0000->cyc0100,Cell1,cyc0000,cyc0100,C1ch,1340,735954.8744747847,3.8095486,0.27655547053454926,312.614741,98.67620878772155
Cell1:cyc0000->cyc0100,Cell1,cyc0000,cyc0100,C1ch,1341,735954.8744863587,3.8095086,0.2767618569209968,312.52739899999995,98.67620878772155
Cell1:cyc0000->cyc0100,Cell1,cyc0000,cyc0100,C1ch,1342,735954.8744979328,3.8094685,0.276968243190884,312.639712,98.67620878772155
Cell1:cyc0000->cyc0100,Cell1,cyc0000,cyc0100,C1ch,1343,735954.8745095069,3.8095889,0.27717462887198546,312.66468299999997,98.67620878772155
Cell1:cyc0000->cyc0100,Cell1,cyc0000,cyc0100,C1ch,1344,735954.874521081,3.809629,0.27738101429835343,312.577299,98.67620878772155
Cell1:cyc0000->cyc0100,Cell1,cyc0000,cyc0100,C1ch,1345,735954.874532655,3.809669,0.27758739868522136,312.65221599999995,98.67620878772155
Cell1:cyc0000->cyc0100,Cell1,cyc0000,cyc0100,C1ch,1346,735954.8745442291,3.809669,0.2777937830596788,312.56483299999996,98.67620878772155
Cell1:cyc0000->cyc0100,Cell1,cyc0000,cyc0100,C1ch,1347,735954.8745558033,3.8098695,0.2780001694920959,312.58980799999995,98.67620878772155
Cell1:cyc0000->cyc0100,Cell1,cyc0000,cyc0100,C1ch,1348,735954.8745673773,3.8098295,0.2782065536419915,312.60227399999997,98.67620878772155
Cell1:cyc0000->cyc0100,Cell1,cyc0000,cyc0100,C1ch,1349,735954.8745789514,3.8097894,0.2784129375017768,312.56483299999996,98.67620878772155
Cell1:cyc0000->cyc0100,Cell1,cyc0000,cyc0100,C1ch,1350,735954.8745905254,3.8097091,0.2786193202776489,312.577299,98.67620878772155
Cell1:cyc0000->cyc0100,Cell1,cyc0000,cyc0100,C1ch,1351,735954.8746020995,3.81003,0.2788257045956048,312.60227399999997,98.67620878772155
Cell1:cyc0000->cyc0100,Cell1,cyc0000,cyc0100,C1ch,1352,735954.8746136735,3.8099496,0.2790320873257786,312.677149,98.67620878772155
Cell1:cyc0000->cyc0100,Cell1,cyc0000,cyc0100,C1ch,1353,735954.8746252477,3.8099899,0.2792384703477817,312.58980799999995,98.67620878772155
Cell1:cyc0000->cyc0100,Cell1,cyc0000,cyc0100,C1ch,1354,735954.8746368217,3.81003,0.27944485399379143,312.60227399999997,98.67620878772155
Cell1:cyc0000->cyc0100,Cell1,cyc0000,cyc0100,C1ch,1355,735954.8746483958,3.8098695,0.27965123845673295,312.60227399999997,98.67620878772155
Cell1:cyc0000->cyc0100,Cell1,cyc0000,cyc0100,C1ch,1356,735954.8746599698,3.81007,0.27985762084207155,312.62724499999996,98.67620878772155
Cell1:cyc0000->cyc0100,Cell1,cyc0000,cyc0100,C1ch,1357,735954.874671544,3.8099096,0.28006400508207874,312.58980799999995,98.67620878772155
Cell1:cyc0000->cyc0100,Cell1,cyc0000,cyc0100,C1ch,1358,735954.874683118,3.8104711,0.2802703891700541,312.577299,98.67620878772155
Cell1:cyc0000->cyc0100,Cell1,cyc0000,cyc0100,C1ch,1359,735954.8746946921,3.8101904,0.28047677434367196,312.577299,98.67620878772155
Cell1:cyc0000->cyc0100,Cell1,cyc0000,cyc0100,C1ch,1360,735954.8747062662,3.8103907,0.280683158182451,312.65221599999995,98.67620878772155
Cell1:cyc0000->cyc0100,Cell1,cyc0000,cyc0100,C1ch,1361,735954.8747178402,3.8103106,0.2808895423343709,312.552332,98.67620878772155
Cell1:cyc0000->cyc0100,Cell1,cyc0000,cyc0100,C1ch,1362,735954.8747294144,3.8103507,0.28109592941047495,312.639712,98.67620878772155
Cell1:cyc0000->cyc0100,Cell1,cyc0000,cyc0100,C1ch,1363,735954.8747409884,3.8103907,0.2813023155899828,312.60227399999997,98.67620878772155
Cell1:cyc0000->cyc0100,Cell1,cyc0000,cyc0100,C1ch,1364,735954.8747525625,3.8105111,0.28150870223644,312.60227399999997,98.67620878772155
Cell1:cyc0000->cyc0100,Cell1,cyc0000,cyc0100,C1ch,1365,735954.8747641365,3.810431,0.28171509093031144,312.56483299999996,98.67620878772155
Cell1:cyc0000->cyc0100,Cell1,cyc0000,cyc0100,C1ch,1366,735954.8747757106,3.8105111,0.28192147756093,312.62724499999996,98.67620878772155
Cell1:cyc0000->cyc0100,Cell1,cyc0000,cyc0100,C1ch,1367,735954.8747872846,3.8107917,0.2821278633092617,312.639712,98.67620878772155
Cell1:cyc0000->cyc0100,Cell1,cyc0000,cyc0100,C1ch,1368,735954.8747988588,3.8106315,0.28233425100424187,312.52739899999995,98.67620878772155
Cell1:cyc0000->cyc0100,Cell1,cyc0000,cyc0100,C1ch,1369,735954.8748104328,3.8107116,0.2825406375058458,312.53986599999996,98.67620878772155
Cell1:cyc0000->cyc0100,Cell1,cyc0000,cyc0100,C1ch,1370,735954.8748220069,3.8105111,0.2827470237864414,312.577299,98.67620878772155
Cell1:cyc0000->cyc0100,Cell1,cyc0000,cyc0100,C1ch,1371,735954.8748335809,3.8107116,0.2829534103641323,312.614741,98.67620878772155
Cell1:cyc0000->cyc0100,Cell1,cyc0000,cyc0100,C1ch,1372,735954.874845155,3.8107917,0.283159798464091,312.614741,98.67620878772155
Cell1:cyc0000->cyc0100,Cell1,cyc0000,cyc0100,C1ch,1373,735954.8748567292,3.8107517,0.283366185411143,312.577299,98.67620878772155
Cell1:cyc0000->cyc0100,Cell1,cyc0000,cyc0100,C1ch,1374,735954.8748683032,3.8107917,0.2835725719409112,312.58980799999995,98.67620878772155
Cell1:cyc0000->cyc0100,Cell1,cyc0000,cyc0100,C1ch,1375,735954.8748798773,3.8107517,0.283778958601654,312.58980799999995,98.67620878772155
Cell1:cyc0000->cyc0100,Cell1,cyc0000,cyc0100,C1ch,1376,735954.8748914513,3.8110325,0.2839853440724046,312.56483299999996,98.67620878772155
Cell1:cyc0000->cyc0100,Cell1,cyc0000,cyc0100,C1ch,1377,735954.8749030255,3.8109922,0.2841917308726942,312.60227399999997,98.67620878772155
Cell1:cyc0000->cyc0100,Cell1,cyc0000,cyc0100,C1ch,1378,735954.8749145995,3.8108721,0.2843981167022298,312.52739899999995,98.67620878772155
Cell1:cyc0000->cyc0100,Cell1,cyc0000,cyc0100,C1ch,1379,735954.8749261736,3.8112731,0.2846045038209297,312.58980799999995,98.67620878772155
Cell1:cyc0000->cyc0100,Cell1,cyc0000,cyc0100,C1ch,1380,735954.8749377476,3.8110325,0.2848108885120171,312.577299,98.67620878772155
Cell1:cyc0000->cyc0100,Cell1,cyc0000,cyc0100,C1ch,1381,735954.8749493217,3.8111527,0.28501727513543024,312.56483299999996,98.67620878772155
Cell1:cyc0000->cyc0100,Cell1,cyc0000,cyc0100,C1ch,1382,735954.8749608957,3.811233,0.2852236609032321,312.552332,98.67620878772155
Cell1:cyc0000->cyc0100,Cell1,cyc0000,cyc0100,C1ch,1383,735954.8749724699,3.8114336,0.285430045684099,312.552332,98.67620878772155
Cell1:cyc0000->cyc0100,Cell1,cyc0000,cyc0100,C1ch,1384,735954.8749840439,3.811233,0.2856364299047241,312.58980799999995,98.67620878772155
Cell1:cyc0000->cyc0100,Cell1,cyc0000,cyc0100,C1ch,1385,735954.874995618,3.8113532,0.2858428135153368,312.52739899999995,98.67620878772155
Cell1:cyc0000->cyc0100,Cell1,cyc0000,cyc0100,C1ch,1386,735954.8750071921,3.8111527,0.2860491973186578,312.56483299999996,98.67620878772155
Cell1:cyc0000->cyc0100,Cell1,cyc0000,cyc0100,C1ch,1387,735954.8750187661,3.8115137,0.28625558177099614,312.577299,98.67620878772155
Cell1:cyc0000->cyc0100,Cell1,cyc0000,cyc0100,C1ch,1388,735954.8750303403,3.8111928,0.2864619663470425,312.50242499999996,98.67620878772155
Cell1:cyc0000->cyc0100,Cell1,cyc0000,cyc0100,C1ch,1389,735954.8750419143,3.8114336,0.28666835236771987,312.62724499999996,98.67620878772155
Cell1:cyc0000->cyc0100,Cell1,cyc0000,cyc0100,C1ch,1390,735954.8750534884,3.8113132,0.286874737435106,312.52739899999995,98.67620878772155
Cell1:cyc0000->cyc0100,Cell1,cyc0000,cyc0100,C1ch,1391,735954.8750650624,3.8114736,0.2870811236323615,312.65221599999995,98.67620878772155
Cell1:cyc0000->cyc0100,Cell1,cyc0000,cyc0100,C1ch,1392,735954.8750766366,3.8115537,0.28728750876179326,312.53986599999996,98.67620878772155
Cell1:cyc0000->cyc0100,Cell1,cyc0000,cyc0100,C1ch,1393,735954.8750882106,3.8115537,0.2874938954028185,312.58980799999995,98.67620878772155
Cell1:cyc0000->cyc0100,Cell1,cyc0000,cyc0100,C1ch,1394,735954.8750997847,3.8115537,0.2877002820704244,312.46498699999995,98.67620878772155
Cell1:cyc0000->cyc0100,Cell1,cyc0000,cyc0100,C1ch,1395,735954.8751113587,3.8116741,0.2879066674366896,312.614741,98.67620878772155
Cell1:cyc0000->cyc0100,Cell1,cyc0000,cyc0100,C1ch,1396,735954.8751229328,3.8117542,0.2881130525201382,312.577299,98.67620878772155
Cell1:cyc0000->cyc0100,Cell1,cyc0000,cyc0100,C1ch,1397,735954.8751345068,3.8115537,0.28831943835138957,312.56483299999996,98.67620878772155
Cell1:cyc0000->cyc0100,Cell1,cyc0000,cyc0100,C1ch,1398,735954.875146081,3.8119147,0.28852582545046657,312.60227399999997,98.67620878772155
Cell1:cyc0000->cyc0100,Cell1,cyc0000,cyc0100,C1ch,1399,735954.8751576551,3.8116341,0.2887322109070367,312.58980799999995,98.67620878772155
Cell1:cyc0000->cyc0100,Cell1,cyc0000,cyc0100,C1ch,1400,735954.8751692291,3.8119147,0.2889385976560533,312.552332,98.67620878772155
Cell1:cyc0000->cyc0100,Cell1,cyc0000,cyc0100,C1ch,1401,735954.8751808032,3.8118746,0.28914498355274454,312.577299,98.67620878772155
Cell1:cyc0000->cyc0100,Cell1,cyc0000,cyc0100,C1ch,1402,735954.8751923773,3.8119547,0.289351371074629,312.50242499999996,98.67620878772155
Cell1:cyc0000->cyc0100,Cell1,cyc0000,cyc0100,C1ch,1403,735954.8752039514,3.8119948,0.28955775726849703,312.58980799999995,98.67620878772155
Cell1:cyc0000->cyc0100,Cell1,cyc0000,cyc0100,C1ch,1404,735954.8752155254,3.8118746,0.2897641419328715,312.53986599999996,98.67620878772155
Cell1:cyc0000->cyc0100,Cell1,cyc0000,cyc0100,C1ch,1405,735954.8752270995,3.8121552,0.28997052497428716,312.552332,98.67620878772155
Cell1:cyc0000->cyc0100,Cell1,cyc0000,cyc0100,C1ch,1406,735954.8752386735,3.8120351,0.29017691068888346,312.56483299999996,98.67620878772155
Cell1:cyc0000->cyc0100,Cell1,cyc0000,cyc0100,C1ch,1407,735954.8752502477,3.8122756,0.2903832966262546,312.52739899999995,98.67620878772155
Cell1:cyc0000->cyc0100,Cell1,cyc0000,cyc0100,C1ch,1408,735954.8752618217,3.8120351,0.2905896828801167,312.58980799999995,98.67620878772155
Cell1:cyc0000->cyc0100,Cell1,cyc0000,cyc0100,C1ch,1409,735954.8752733958,3.8121552,0.29079606769139954,312.58980799999995,98.67620878772155
Cell1:cyc0000->cyc0100,Cell1,cyc0000,cyc0100,C1ch,1410,735954.8752849698,3.8123157,0.29100245317783613,312.514891,98.67620878772155
Cell1:cyc0000->cyc0100,Cell1,cyc0000,cyc0100,C1ch,1411,735954.8752965439,3.8123958,0.2912088390693359,312.56483299999996,98.67620878772155
Cell1:cyc0000->cyc0100,Cell1,cyc0000,cyc0100,C1ch,1412,735954.8753081181,3.8123157,0.2914152236843059,312.56483299999996,98.67620878772155
Cell1:cyc0000->cyc0100,Cell1,cyc0000,cyc0100,C1ch,1413,735954.8753196921,3.8123157,0.2916216075760397,312.552332,98.67620878772155
Cell1:cyc0000->cyc0100,Cell1,cyc0000,cyc0100,C1ch,1414,735954.8753312662,3.8121552,0.29182799274427956,312.58980799999995,98.67620878772155
Cell1:cyc0000->cyc0100,Cell1,cyc0000,cyc0100,C1ch,1415,735954.8753428402,3.8125563,0.29203437916256714,312.53986599999996,98.67620878772155
Cell1:cyc0000->cyc0100,Cell1,cyc0000,cyc0100,C1ch,1416,735954.8753544143,3.8125563,0.29224076593274273,312.58980799999995,98.67620878772155
Cell1:cyc0000->cyc0100,Cell1,cyc0000,cyc0100,C1ch,1417,735954.8753659884,3.8124762,0.29244715093667256,312.614741,98.67620878772155
Cell1:cyc0000->cyc0100,Cell1,cyc0000,cyc0100,C1ch,1418,735954.8753775625,3.8126366,0.29265353743099304,312.58980799999995,98.67620878772155
Cell1:cyc0000->cyc0100,Cell1,cyc0000,cyc0100,C1ch,1419,735954.8753891365,3.8126366,0.292859922151852,312.53986599999996,98.67620878772155
Cell1:cyc0000->cyc0100,Cell1,cyc0000,cyc0100,C1ch,1420,735954.8754007106,3.8126366,0.29306630703725856,312.56483299999996,98.67620878772155
Cell1:cyc0000->cyc0100,Cell1,cyc0000,cyc0100,C1ch,1421,735954.8754122846,3.8126767,0.29327269191376754,312.56483299999996,98.67620878772155
Cell1:cyc0000->cyc0100,Cell1,cyc0000,cyc0100,C1ch,1422,735954.8754238588,3.8127968,0.2934790787830302,312.58980799999995,98.67620878772155
Cell1:cyc0000->cyc0100,Cell1,cyc0000,cyc0100,C1ch,1423,735954.8754354328,3.8130376,0.29368546524387273,312.60227399999997,98.67620878772155
Cell1:cyc0000->cyc0100,Cell1,cyc0000,cyc0100,C1ch,1424,735954.8754470069,3.8127968,0.2938918500108914,312.56483299999996,98.67620878772155
Cell1:cyc0000->cyc0100,Cell1,cyc0000,cyc0100,C1ch,1425,735954.875458581,3.8128371,0.2940982341110908,312.614741,98.67620878772155
Cell1:cyc0000->cyc0100,Cell1,cyc0000,cyc0100,C1ch,1426,735954.875470155,3.8129172,0.2943046189858025,312.62724499999996,98.67620878772155
Cell1:cyc0000->cyc0100,Cell1,cyc0000,cyc0100,C1ch,1427,735954.8754817292,3.8130777,0.2945110045305481,312.58980799999995,98.67620878772155
Cell1:cyc0000->cyc0100,Cell1,cyc0000,cyc0100,C1ch,1428,735954.8754933032,3.8129573,0.2947173881411302,312.60227399999997,98.67620878772155
Cell1:cyc0000->cyc0100,Cell1,cyc0000,cyc0100,C1ch,1429,735954.8755048773,3.8131177,0.29492377154312127,312.52739899999995,98.67620878772155
Cell1:cyc0000->cyc0100,Cell1,cyc0000,cyc0100,C1ch,1430,735954.8755164513,3.8130376,0.2951301543174744,312.614741,98.67620878772155
Cell1:cyc0000->cyc0100,Cell1,cyc0000,cyc0100,C1ch,1431,735954.8755280254,3.8129172,0.2953365376202799,312.60227399999997,98.67620878772155
Cell1:cyc0000->cyc0100,Cell1,cyc0000,cyc0100,C1ch,1432,735954.8755395995,3.8129573,0.29554292309416713,312.58980799999995,98.67620878772155
Cell1:cyc0000->cyc0100,Cell1,cyc0000,cyc0100,C1ch,1433,735954.8755511736,3.8132782,0.29574930740658234,312.60227399999997,98.67620878772155
Cell1:cyc0000->cyc0100,Cell1,cyc0000,cyc0100,C1ch,1434,735954.8755627476,3.8130777,0.2959556915828349,312.614741,98.67620878772155
Cell1:cyc0000->cyc0100,Cell1,cyc0000,cyc0100,C1ch,1435,735954.8755743217,3.8131979,0.2961620763179762,312.56483299999996,98.67620878772155
Cell1:cyc0000->cyc0100,Cell1,cyc0000,cyc0100,C1ch,1436,735954.8755858957,3.8132381,0.29636846021694613,312.62724499999996,98.67620878772155
Cell1:cyc0000->cyc0100,Cell1,cyc0000,cyc0100,C1ch,1437,735954.8755974699,3.8131979,0.2965748445242343,312.56483299999996,98.67620878772155
Cell1:cyc0000->cyc0100,Cell1,cyc0000,cyc0100,C1ch,1438,735954.875609044,3.8135989,0.2967812300655247,312.639712,98.67620878772155
Cell1:cyc0000->cyc0100,Cell1,cyc0000,cyc0100,C1ch,1439,735954.875620618,3.8134387,0.2969876144170125,312.639712,98.67620878772155
Cell1:cyc0000->cyc0100,Cell1,cyc0000,cyc0100,C1ch,1440,735954.8756321921,3.8134387,0.2971939988410441,312.48992,98.67620878772155
Cell1:cyc0000->cyc0100,Cell1,cyc0000,cyc0100,C1ch,1441,735954.8756437661,3.8133984,0.2974003844124654,312.577299,98.67620878772155
Cell1:cyc0000->cyc0100,Cell1,cyc0000,cyc0100,C1ch,1442,735954.8756553403,3.8134387,0.2976067700192837,312.58980799999995,98.67620878772155
Cell1:cyc0000->cyc0100,Cell1,cyc0000,cyc0100,C1ch,1443,735954.8756669143,3.8135188,0.29781315656671475,312.53986599999996,98.67620878772155
Cell1:cyc0000->cyc0100,Cell1,cyc0000,cyc0100,C1ch,1444,735954.8756784884,3.8137193,0.2980195399915873,312.56483299999996,98.67620878772155
Cell1:cyc0000->cyc0100,Cell1,cyc0000,cyc0100,C1ch,1445,735954.8756900624,3.8136392,0.2982259236940782,312.58980799999995,98.67620878772155
Cell1:cyc0000->cyc0100,Cell1,cyc0000,cyc0100,C1ch,1446,735954.8757016365,3.8137994,0.2984323073436822,312.53986599999996,98.67620878772155
Cell1:cyc0000->cyc0100,Cell1,cyc0000,cyc0100,C1ch,1447,735954.8757132106,3.8137593,0.2986386907597215,312.614741,98.67620878772155
Cell1:cyc0000->cyc0100,Cell1,cyc0000,cyc0100,C1ch,1448,735954.8757247847,3.8137593,0.2988450755494249,312.56483299999996,98.67620878772155
Cell1:cyc0000->cyc0100,Cell1,cyc0000,cyc0100,C1ch,1449,735954.8757363587,3.8135588,0.29905145919899834,312.52739899999995,98.67620878772155
Cell1:cyc0000->cyc0100,Cell1,cyc0000,cyc0100,C1ch,1450,735954.8757479328,3.8136392,0.2992578436848721,312.62724499999996,98.67620878772155
Cell1:cyc0000->cyc0100,Cell1,cyc0000,cyc0100,C1ch,1451,735954.875759507,3.8139198,0.29946422880188667,312.58980799999995,98.67620878772155
Cell1:cyc0000->cyc0100,Cell1,cyc0000,cyc0100,C1ch,1452,735954.875771081,3.8140402,0.299670612200236,312.58980799999995,98.67620878772155
Cell1:cyc0000->cyc0100,Cell1,cyc0000,cyc0100,C1ch,1453,735954.8757826551,3.8138797,0.2998769955774638,312.639712,98.67620878772155
Cell1:cyc0000->cyc0100,Cell1,cyc0000,cyc0100,C1ch,1454,735954.8757942291,3.8142807,0.3000833776993036,312.577299,98.67620878772155
Cell1:cyc0000->cyc0100,Cell1,cyc0000,cyc0100,C1ch,1455,735954.8758058032,3.8141203,0.3002897602209303,312.577299,98.67620878772155
Cell1:cyc0000->cyc0100,Cell1,cyc0000,cyc0100,C1ch,1456,735954.8758173772,3.8142407,0.3004961442701145,312.552332,98.67620878772155
Cell1:cyc0000->cyc0100,Cell1,cyc0000,cyc0100,C1ch,1457,735954.8758289514,3.8141603,0.3007025280559828,312.58980799999995,98.67620878772155
Cell1:cyc0000->cyc0100,Cell1,cyc0000,cyc0100,C1ch,1458,735954.8758405254,3.8143208,0.3009089116914876,312.614741,98.67620878772155
Cell1:cyc0000->cyc0100,Cell1,cyc0000,cyc0100,C1ch,1459,735954.8758520995,3.8143609,0.3011152964052328,312.614741,98.67620878772155
Cell1:cyc0000->cyc0100,Cell1,cyc0000,cyc0100,C1ch,1460,735954.8758636735,3.8140802,0.30132168073725724,312.52739899999995,98.67620878772155
Cell1:cyc0000->cyc0100,Cell1,cyc0000,cyc0100,C1ch,1461,735954.8758752476,3.814441,0.3015280659673869,312.56483299999996,98.67620878772155
Cell1:cyc0000->cyc0100,Cell1,cyc0000,cyc0100,C1ch,1462,735954.8758868217,3.8142407,0.30173445100838886,312.614741,98.67620878772155
Cell1:cyc0000->cyc0100,Cell1,cyc0000,cyc0100,C1ch,1463,735954.8758983958,3.8142807,0.3019408336731025,312.66468299999997,98.67620878772155
Cell1:cyc0000->cyc0100,Cell1,cyc0000,cyc0100,C1ch,1464,735954.8759099699,3.814441,0.3021472180563864,312.677149,98.67620878772155
Cell1:cyc0000->cyc0100,Cell1,cyc0000,cyc0100,C1ch,1465,735954.8759215439,3.8144813,0.3023536011737094,312.577299,98.67620878772155
Cell1:cyc0000->cyc0100,Cell1,cyc0000,cyc0100,C1ch,1466,735954.875933118,3.8143208,0.3025599840398593,312.56483299999996,98.67620878772155
Cell1:cyc0000->cyc0100,Cell1,cyc0000,cyc0100,C1ch,1467,735954.8759446921,3.8144813,0.3027663676275261,312.614741,98.67620878772155
Cell1:cyc0000->cyc0100,Cell1,cyc0000,cyc0100,C1ch,1468,735954.8759562662,3.8145614,0.3029727523041789,312.56483299999996,98.67620878772155
Cell1:cyc0000->cyc0100,Cell1,cyc0000,cyc0100,C1ch,1469,735954.8759678402,3.8144009,0.3031791357221917,312.50242499999996,98.67620878772155
Cell1:cyc0000->cyc0100,Cell1,cyc0000,cyc0100,C1ch,1470,735954.8759794143,3.8146415,0.3033855198348321,312.677149,98.67620878772155
Cell1:cyc0000->cyc0100,Cell1,cyc0000,cyc0100,C1ch,1471,735954.8759909883,3.814842,0.3035919038043823,312.639712,98.67620878772155
Cell1:cyc0000->cyc0100,Cell1,cyc0000,cyc0100,C1ch,1472,735954.8760025625,3.8148823,0.3037982864158902,312.514891,98.67620878772155
Cell1:cyc0000->cyc0100,Cell1,cyc0000,cyc0100,C1ch,1473,735954.8760141365,3.8149223,0.3040046688332791,312.62724499999996,98.67620878772155
Cell1:cyc0000->cyc0100,Cell1,cyc0000,cyc0100,C1ch,1474,735954.8760257106,3.8147218,0.3042110499155511,312.58980799999995,98.67620878772155
Cell1:cyc0000->cyc0100,Cell1,cyc0000,cyc0100,C1ch,1475,735954.8760372846,3.8148019,0.30441743226039303,312.514891,98.67620878772155
Cell1:cyc0000->cyc0100,Cell1,cyc0000,cyc0100,C1ch,1476,735954.8760488587,3.8150024,0.3046238135070123,312.62724499999996,98.67620878772155
Cell1:cyc0000->cyc0100,Cell1,cyc0000,cyc0100,C1ch,1477,735954.8760604329,3.8148019,0.3048301953106588,312.60227399999997,98.67620878772155
Cell1:cyc0000->cyc0100,Cell1,cyc0000,cyc0100,C1ch,1478,735954.8760720069,3.8150425,0.3050365758288371,312.60227399999997,98.67620878772155
Cell1:cyc0000->cyc0100,Cell1,cyc0000,cyc0100,C1ch,1479,735954.876083581,3.814842,0.3052429557265625,312.552332,98.67620878772155
Cell1:cyc0000->cyc0100,Cell1,cyc0000,cyc0100,C1ch,1480,735954.876095155,3.815203,0.3054493383293525,312.552332,98.67620878772155
Cell1:cyc0000->cyc0100,Cell1,cyc0000,cyc0100,C1ch,1481,735954.8761067291,3.8150828,0.30565571899773153,312.58980799999995,98.67620878772155
Cell1:cyc0000->cyc0100,Cell1,cyc0000,cyc0100,C1ch,1482,735954.8761183032,3.815243,0.30586209991010876,312.614741,98.67620878772155
Cell1:cyc0000->cyc0100,Cell1,cyc0000,cyc0100,C1ch,1483,735954.8761298773,3.8151629,0.3060684813246561,312.58980799999995,98.67620878772155
Cell1:cyc0000->cyc0100,Cell1,cyc0000,cyc0100,C1ch,1484,735954.8761414513,3.815203,0.3062748644226617,312.552332,98.67620878772155
Cell1:cyc0000->cyc0100,Cell1,cyc0000,cyc0100,C1ch,1485,735954.8761530254,3.8154035,0.3064812460248312,312.52739899999995,98.67620878772155
Cell1:cyc0000->cyc0100,Cell1,cyc0000,cyc0100,C1ch,1486,735954.8761645994,3.8154838,0.3066876296214973,312.62724499999996,98.67620878772155
Cell1:cyc0000->cyc0100,Cell1,cyc0000,cyc0100,C1ch,1487,735954.8761761736,3.815203,0.3068940115736253,312.53986599999996,98.67620878772155
Cell1:cyc0000->cyc0100,Cell1,cyc0000,cyc0100,C1ch,1488,735954.8761877476,3.8154838,0.30710039198585337,312.614741,98.67620878772155
Cell1:cyc0000->cyc0100,Cell1,cyc0000,cyc0100,C1ch,1489,735954.8761993217,3.815604,0.3073067731016269,312.552332,98.67620878772155
Cell1:cyc0000->cyc0100,Cell1,cyc0000,cyc0100,C1ch,1490,735954.8762108958,3.815644,0.3075131554019199,312.577299,98.67620878772155
Cell1:cyc0000->cyc0100,Cell1,cyc0000,cyc0100,C1ch,1491,735954.8762224698,3.815644,0.3077195372002428,312.552332,98.67620878772155
Cell1:cyc0000->cyc0100,Cell1,cyc0000,cyc0100,C1ch,1492,735954.876234044,3.8154435,0.307925918064972,312.58980799999995,98.67620878772155
Cell1:cyc0000->cyc0100,Cell1,cyc0000,cyc0100,C1ch,1493,735954.876245618,3.8157244,0.3081322983586968,312.56483299999996,98.67620878772155
Cell1:cyc0000->cyc0100,Cell1,cyc0000,cyc0100,C1ch,1494,735954.8762571921,3.8155239,0.30833867924662267,312.577299,98.67620878772155
Cell1:cyc0000->cyc0100,Cell1,cyc0000,cyc0100,C1ch,1495,735954.8762687661,3.8158045,0.3085450585467224,312.58980799999995,98.67620878772155
Cell1:cyc0000->cyc0100,Cell1,cyc0000,cyc0100,C1ch,1496,735954.8762803402,3.8157244,0.30875143888823103,312.62724499999996,98.67620878772155
Cell1:cyc0000->cyc0100,Cell1,cyc0000,cyc0100,C1ch,1497,735954.8762919143,3.8158045,0.3089578214148458,312.577299,98.67620878772155
Cell1:cyc0000->cyc0100,Cell1,cyc0000,cyc0100,C1ch,1498,735954.8763034884,3.8156843,0.3091642043006388,312.614741,98.67620878772155
Cell1:cyc0000->cyc0100,Cell1,cyc0000,cyc0100,C1ch,1499,735954.8763150624,3.8158445,0.3093705889985215,312.614741,98.67620878772155
Cell1:cyc0000->cyc0100,Cell1,cyc0000,cyc0100,C1ch,1500,735954.8763266365,3.8158848,0.3095769748282675,312.60227399999997,98.67620878772155
Cell1:cyc0000->cyc0100,Cell1,cyc0000,cyc0100,C1ch,1501,735954.8763382105,3.816045,0.30978335909668653,312.62724499999996,98.67620878772155
Cell1:cyc0000->cyc0100,Cell1,cyc0000,cyc0100,C1ch,1502,735954.8763497847,3.8161254,0.3099897405803494,312.56483299999996,98.67620878772155
Cell1:cyc0000->cyc0100,Cell1,cyc0000,cyc0100,C1ch,1503,735954.8763613588,3.8158445,0.31019612201424834,312.52739899999995,98.67620878772155
Cell1:cyc0000->cyc0100,Cell1,cyc0000,cyc0100,C1ch,1504,735954.8763729328,3.8162456,0.3104025029478929,312.62724499999996,98.67620878772155
Cell1:cyc0000->cyc0100,Cell1,cyc0000,cyc0100,C1ch,1505,735954.8763845069,3.8161254,0.3106088844369473,312.56483299999996,98.67620878772155
Cell1:cyc0000->cyc0100,Cell1,cyc0000,cyc0100,C1ch,1506,735954.876396081,3.8161254,0.3108152654978367,312.614741,98.67620878772155
Cell1:cyc0000->cyc0100,Cell1,cyc0000,cyc0100,C1ch,1507,735954.8764076551,3.8162456,0.3110216454396498,312.552332,98.67620878772155
Cell1:cyc0000->cyc0100,Cell1,cyc0000,cyc0100,C1ch,1508,735954.8764192291,3.816366,0.31122802469557703,312.66468299999997,98.67620878772155
Cell1:cyc0000->cyc0100,Cell1,cyc0000,cyc0100,C1ch,1509,735954.8764308032,3.8162858,0.3114344040061374,312.577299,98.67620878772155
Cell1:cyc0000->cyc0100,Cell1,cyc0000,cyc0100,C1ch,1510,735954.8764423772,3.8162858,0.3116407850725233,312.66468299999997,98.67620878772155
Cell1:cyc0000->cyc0100,Cell1,cyc0000,cyc0100,C1ch,1511,735954.8764539514,3.8165665,0.31184716675426555,312.62724499999996,98.67620878772155
Cell1:cyc0000->cyc0100,Cell1,cyc0000,cyc0100,C1ch,1512,735954.8764655254,3.8166065,0.3120535480910509,312.614741,98.67620878772155
Cell1:cyc0000->cyc0100,Cell1,cyc0000,cyc0100,C1ch,1513,735954.8764770995,3.8165264,0.31225993125095275,312.58980799999995,98.67620878772155
Cell1:cyc0000->cyc0100,Cell1,cyc0000,cyc0100,C1ch,1514,735954.8764886735,3.816767,0.3124663141703085,312.65221599999995,98.67620878772155
Cell1:cyc0000->cyc0100,Cell1,cyc0000,cyc0100,C1ch,1515,735954.8765002476,3.8165264,0.3126726978232524,312.577299,98.67620878772155
Cell1:cyc0000->cyc0100,Cell1,cyc0000,cyc0100,C1ch,1516,735954.8765118218,3.8165264,0.312879081725647,312.62724499999996,98.67620878772155
Cell1:cyc0000->cyc0100,Cell1,cyc0000,cyc0100,C1ch,1517,735954.8765233958,3.8166869,0.3130854661478881,312.56483299999996,98.67620878772155
Cell1:cyc0000->cyc0100,Cell1,cyc0000,cyc0100,C1ch,1518,735954.8765349699,3.8166065,0.3132918511270006,312.60227399999997,98.67620878772155
Cell1:cyc0000->cyc0100,Cell1,cyc0000,cyc0100,C1ch,1519,735954.8765465439,3.816807,0.31349823415771483,312.58980799999995,98.67620878772155
Cell1:cyc0000->cyc0100,Cell1,cyc0000,cyc0100,C1ch,1520,735954.876558118,3.816807,0.3137046187938232,312.514891,98.67620878772155
Cell1:cyc0000->cyc0100,Cell1,cyc0000,cyc0100,C1ch,1521,735954.876569692,3.816767,0.3139110012677036,312.56483299999996,98.67620878772155
Cell1:cyc0000->cyc0100,Cell1,cyc0000,cyc0100,C1ch,1522,735954.8765812662,3.8169274,0.31411738427376296,312.50242499999996,98.67620878772155
Cell1:cyc0000->cyc0100,Cell1,cyc0000,cyc0100,C1ch,1523,735954.8765928402,3.8169274,0.3143237669791599,312.53986599999996,98.67620878772155
Cell1:cyc0000->cyc0100,Cell1,cyc0000,cyc0100,C1ch,1524,735954.8766044143,3.8172081,0.3145301486464911,312.58980799999995,98.67620878772155
Cell1:cyc0000->cyc0100,Cell1,cyc0000,cyc0100,C1ch,1525,735954.8766159883,3.8170879,0.3147365287191569,312.614741,98.67620878772155
Cell1:cyc0000->cyc0100,Cell1,cyc0000,cyc0100,C1ch,1526,735954.8766275625,3.8169274,0.3149429114650337,312.58980799999995,98.67620878772155
Cell1:cyc0000->cyc0100,Cell1,cyc0000,cyc0100,C1ch,1527,735954.8766391365,3.8170879,0.3151492936188422,312.614741,98.67620878772155
Cell1:cyc0000->cyc0100,Cell1,cyc0000,cyc0100,C1ch,1528,735954.8766507106,3.8171279,0.3153556755055338,312.639712,98.67620878772155
Cell1:cyc0000->cyc0100,Cell1,cyc0000,cyc0100,C1ch,1529,735954.8766622846,3.8172081,0.3155620566657002,312.639712,98.67620878772155
Cell1:cyc0000->cyc0100,Cell1,cyc0000,cyc0100,C1ch,1530,735954.8766738587,3.8173285,0.31576843971935686,312.56483299999996,98.67620878772155
Cell1:cyc0000->cyc0100,Cell1,cyc0000,cyc0100,C1ch,1531,735954.8766854329,3.8172884,0.3159748228756477,312.62724499999996,98.67620878772155
Cell1:cyc0000->cyc0100,Cell1,cyc0000,cyc0100,C1ch,1532,735954.8766970069,3.8173685,0.316181205910024,312.62724499999996,98.67620878772155
Cell1:cyc0000->cyc0100,Cell1,cyc0000,cyc0100,C1ch,1533,735954.876708581,3.8174086,0.3163875877844171,312.65221599999995,98.67620878772155
Cell1:cyc0000->cyc0100,Cell1,cyc0000,cyc0100,C1ch,1534,735954.876720155,3.8172884,0.3165939726803962,312.52739899999995,98.67620878772155
Cell1:cyc0000->cyc0100,Cell1,cyc0000,cyc0100,C1ch,1535,735954.8767317291,3.8174086,0.316800356429284,312.66468299999997,98.67620878772155
Cell1:cyc0000->cyc0100,Cell1,cyc0000,cyc0100,C1ch,1536,735954.8767433031,3.817529,0.3170067384078708,312.577299,98.67620878772155
Cell1:cyc0000->cyc0100,Cell1,cyc0000,cyc0100,C1ch,1537,735954.8767548773,3.817569,0.3172131224217936,312.52739899999995,98.67620878772155
Cell1:cyc0000->cyc0100,Cell1,cyc0000,cyc0100,C1ch,1538,735954.8767664513,3.8176091,0.31741950569313215,312.639712,98.67620878772155
Cell1:cyc0000->cyc0100,Cell1,cyc0000,cyc0100,C1ch,1539,735954.8767780254,3.8177695,0.3176258884390938,312.639712,98.67620878772155
Cell1:cyc0000->cyc0100,Cell1,cyc0000,cyc0100,C1ch,1540,735954.8767895994,3.8177695,0.3178322691077067,312.60227399999997,98.67620878772155
Cell1:cyc0000->cyc0100,Cell1,cyc0000,cyc0100,C1ch,1541,735954.8768011736,3.8176894,0.3180386500130276,312.639712,98.67620878772155
Cell1:cyc0000->cyc0100,Cell1,cyc0000,cyc0100,C1ch,1542,735954.8768127476,3.8176091,0.31824503113238517,312.614741,98.67620878772155
Cell1:cyc0000->cyc0100,Cell1,cyc0000,cyc0100,C1ch,1543,735954.8768243217,3.8178096,0.3184514115005188,312.58980799999995,98.67620878772155
Cell1:cyc0000->cyc0100,Cell1,cyc0000,cyc0100,C1ch,1544,735954.8768358958,3.8178899,0.3186577935744392,312.614741,98.67620878772155
Cell1:cyc0000->cyc0100,Cell1,cyc0000,cyc0100,C1ch,1545,735954.8768474698,3.81793,0.3188641746355285,312.60227399999997,98.67620878772155
Cell1:cyc0000->cyc0100,Cell1,cyc0000,cyc0100,C1ch,1546,735954.876859044,3.81793,0.3190705542980754,312.62724499999996,98.67620878772155
Cell1:cyc0000->cyc0100,Cell1,cyc0000,cyc0100,C1ch,1547,735954.876870618,3.81797,0.31927693438684757,312.60227399999997,98.67620878772155
Cell1:cyc0000->cyc0100,Cell1,cyc0000,cyc0100,C1ch,1548,735954.8768821921,3.8180501,0.319483315695343,312.577299,98.67620878772155
Cell1:cyc0000->cyc0100,Cell1,cyc0000,cyc0100,C1ch,1549,735954.8768937661,3.8178899,0.3196896967954576,312.614741,98.67620878772155
Cell1:cyc0000->cyc0100,Cell1,cyc0000,cyc0100,C1ch,1550,735954.8769053402,3.8181305,0.3198960761520758,312.577299,98.67620878772155
Cell1:cyc0000->cyc0100,Cell1,cyc0000,cyc0100,C1ch,1551,735954.8769169142,3.8180501,0.32010245819096544,312.60227399999997,98.67620878772155
Cell1:cyc0000->cyc0100,Cell1,cyc0000,cyc0100,C1ch,1552,735954.8769284884,3.8182907,0.32030884129933,312.60227399999997,98.67620878772155
Cell1:cyc0000->cyc0100,Cell1,cyc0000,cyc0100,C1ch,1553,735954.8769400624,3.8182907,0.3205152232833862,312.614741,98.67620878772155
Cell1:cyc0000->cyc0100,Cell1,cyc0000,cyc0100,C1ch,1554,735954.8769516365,3.8182907,0.3207216066041802,312.62724499999996,98.67620878772155
Cell1:cyc0000->cyc0100,Cell1,cyc0000,cyc0100,C1ch,1555,735954.8769632105,3.8182106,0.32092798745823503,312.639712,98.67620878772155
Cell1:cyc0000->cyc0100,Cell1,cyc0000,cyc0100,C1ch,1556,735954.8769747847,3.8184912,0.3211343699444004,312.614741,98.67620878772155
Cell1:cyc0000->cyc0100,Cell1,cyc0000,cyc0100,C1ch,1557,735954.8769863588,3.8184512,0.3213407524375848,312.66468299999997,98.67620878772155
Cell1:cyc0000->cyc0100,Cell1,cyc0000,cyc0100,C1ch,1558,735954.8769979328,3.8186116,0.3215471345117425,312.60227399999997,98.67620878772155
Cell1:cyc0000->cyc0100,Cell1,cyc0000,cyc0100,C1ch,1559,735954.8770095069,3.8185716,0.3217535186015218,312.53986599999996,98.67620878772155
Cell1:cyc0000->cyc0100,Cell1,cyc0000,cyc0100,C1ch,1560,735954.8770210809,3.8187721,0.32195990307840994,312.60227399999997,98.67620878772155
Cell1:cyc0000->cyc0100,Cell1,cyc0000,cyc0100,C1ch,1561,735954.8770326551,3.8186917,0.32216628571833633,312.68965399999996,98.67620878772155
Cell1:cyc0000->cyc0100,Cell1,cyc0000,cyc0100,C1ch,1562,735954.8770442291,3.8184912,0.3223726678791233,312.65221599999995,98.67620878772155
Cell1:cyc0000->cyc0100,Cell1,cyc0000,cyc0100,C1ch,1563,735954.8770558032,3.8186917,0.3225790509770271,312.614741,98.67620878772155
Cell1:cyc0000->cyc0100,Cell1,cyc0000,cyc0100,C1ch,1564,735954.8770673772,3.8186917,0.3227854346299879,312.614741,98.67620878772155
Cell1:cyc0000->cyc0100,Cell1,cyc0000,cyc0100,C1ch,1565,735954.8770789513,3.8187721,0.32299181871639,312.66468299999997,98.67620878772155
Cell1:cyc0000->cyc0100,Cell1,cyc0000,cyc0100,C1ch,1566,735954.8770905253,3.8186917,0.3231982013441434,312.62724499999996,98.67620878772155
Cell1:cyc0000->cyc0100,Cell1,cyc0000,cyc0100,C1ch,1567,735954.8771020995,3.8188922,0.3234045835667148,312.62724499999996,98.67620878772155
Cell1:cyc0000->cyc0100,Cell1,cyc0000,cyc0100,C1ch,1568,735954.8771136735,3.8189325,0.3236109683089905,312.577299,98.67620878772155
Cell1:cyc0000->cyc0100,Cell1,cyc0000,cyc0100,C1ch,1569,735954.8771252476,3.8189325,0.3238173522718065,312.56483299999996,98.67620878772155
Cell1:cyc0000->cyc0100,Cell1,cyc0000,cyc0100,C1ch,1570,735954.8771368217,3.8188922,0.3240237361316291,312.614741,98.67620878772155
Cell1:cyc0000->cyc0100,Cell1,cyc0000,cyc0100,C1ch,1571,735954.8771483958,3.8192132,0.3242301188759528,312.56483299999996,98.67620878772155
Cell1:cyc0000->cyc0100,Cell1,cyc0000,cyc0100,C1ch,1572,735954.8771599699,3.8194137,0.3244365037665982,312.639712,98.67620878772155
Cell1:cyc0000->cyc0100,Cell1,cyc0000,cyc0100,C1ch,1573,735954.8771715439,3.8192532,0.3246428859292331,312.614741,98.67620878772155
Cell1:cyc0000->cyc0100,Cell1,cyc0000,cyc0100,C1ch,1574,735954.877183118,3.8192532,0.32484927014461273,312.577299,98.67620878772155
Cell1:cyc0000->cyc0100,Cell1,cyc0000,cyc0100,C1ch,1575,735954.877194692,3.8194137,0.3250556552883029,312.68965399999996,98.67620878772155
Cell1:cyc0000->cyc0100,Cell1,cyc0000,cyc0100,C1ch,1576,735954.8772062662,3.8194537,0.32526203806271703,312.66468299999997,98.67620878772155
Cell1:cyc0000->cyc0100,Cell1,cyc0000,cyc0100,C1ch,1577,735954.8772178402,3.8195741,0.3254684218572794,312.639712,98.67620878772155
Cell1:cyc0000->cyc0100,Cell1,cyc0000,cyc0100,C1ch,1578,735954.8772294143,3.8196943,0.3256748071512689,312.639712,98.67620878772155
Cell1:cyc0000->cyc0100,Cell1,cyc0000,cyc0100,C1ch,1579,735954.8772409883,3.8195741,0.3258811912764012,312.639712,98.67620878772155
Cell1:cyc0000->cyc0100,Cell1,cyc0000,cyc0100,C1ch,1580,735954.8772525624,3.8197746,0.3260875757283224,312.514891,98.67620878772155
Cell1:cyc0000->cyc0100,Cell1,cyc0000,cyc0100,C1ch,1581,735954.8772641364,3.8195741,0.3262939604826966,312.639712,98.67620878772155
Cell1:cyc0000->cyc0100,Cell1,cyc0000,cyc0100,C1ch,1582,735954.8772757106,3.8198147,0.3265003455093215,312.62724499999996,98.67620878772155
Cell1:cyc0000->cyc0100,Cell1,cyc0000,cyc0100,C1ch,1583,735954.8772872847,3.8197346,0.32670673039458553,312.639712,98.67620878772155
Cell1:cyc0000->cyc0100,Cell1,cyc0000,cyc0100,C1ch,1584,735954.8772988587,3.8196943,0.3269131138601108,312.614741,98.67620878772155
Cell1:cyc0000->cyc0100,Cell1,cyc0000,cyc0100,C1ch,1585,735954.8773104328,3.8200552,0.32711949816538827,312.58980799999995,98.67620878772155
Cell1:cyc0000->cyc0100,Cell1,cyc0000,cyc0100,C1ch,1586,735954.8773220069,3.8198948,0.3273258818980035,312.65221599999995,98.67620878772155
Cell1:cyc0000->cyc0100,Cell1,cyc0000,cyc0100,C1ch,1587,735954.877333581,3.8199351,0.3275322630333862,312.66468299999997,98.67620878772155
Cell1:cyc0000->cyc0100,Cell1,cyc0000,cyc0100,C1ch,1588,735954.877345155,3.8198547,0.32773864267833447,312.65221599999995,98.67620878772155
Cell1:cyc0000->cyc0100,Cell1,cyc0000,cyc0100,C1ch,1589,735954.8773567291,3.8197746,0.3279450217185974,312.639712,98.67620878772155
Cell1:cyc0000->cyc0100,Cell1,cyc0000,cyc0100,C1ch,1590,735954.8773683031,3.8201756,0.3281514002158067,312.62724499999996,98.67620878772155
Cell1:cyc0000->cyc0100,Cell1,cyc0000,cyc0100,C1ch,1591,735954.8773798773,3.8202157,0.32835777957237083,312.66468299999997,98.67620878772155
Cell1:cyc0000->cyc0100,Cell1,cyc0000,cyc0100,C1ch,1592,735954.8773914513,3.8201756,0.3285641595654093,312.62724499999996,98.67620878772155
Cell1:cyc0000->cyc0100,Cell1,cyc0000,cyc0100,C1ch,1593,735954.8774030254,3.8199751,0.3287705405980971,312.65221599999995,98.67620878772155
Cell1:cyc0000->cyc0100,Cell1,cyc0000,cyc0100,C1ch,1594,735954.8774145994,3.8202157,0.3289769201279399,312.66468299999997,98.67620878772155
Cell1:cyc0000->cyc0100,Cell1,cyc0000,cyc0100,C1ch,1595,735954.8774261735,3.8204563,0.3291832998733486,312.56483299999996,98.67620878772155
Cell1:cyc0000->cyc0100,Cell1,cyc0000,cyc0100,C1ch,1596,735954.8774377477,3.8204162,0.3293896812085436,312.66468299999997,98.67620878772155
Cell1:cyc0000->cyc0100,Cell1,cyc0000,cyc0100,C1ch,1597,735954.8774493217,3.8205366,0.329596061749844,312.72709499999996,98.67620878772155
Cell1:cyc0000->cyc0100,Cell1,cyc0000,cyc0100,C1ch,1598,735954.8774608958,3.8204963,0.3298024404628906,312.65221599999995,98.67620878772155
Cell1:cyc0000->cyc0100,Cell1,cyc0000,cyc0100,C1ch,1599,735954.8774724698,3.8206968,0.3300088219556003,312.677149,98.67620878772155
Cell1:cyc0000->cyc0100,Cell1,cyc0000,cyc0100,C1ch,1600,735954.877484044,3.8206968,0.3302152039837341,312.66468299999997,98.67620878772155
Cell1:cyc0000->cyc0100,Cell1,cyc0000,cyc0100,C1ch,1601,735954.877495618,3.8204563,0.33042158411478684,312.639712,98.67620878772155
Cell1:cyc0000->cyc0100,Cell1,cyc0000,cyc0100,C1ch,1602,735954.8775071921,3.8205767,0.3306279656249898,312.677149,98.67620878772155
Cell1:cyc0000->cyc0100,Cell1,cyc0000,cyc0100,C1ch,1603,735954.8775187661,3.8207371,0.3308343463501281,312.58980799999995,98.67620878772155
Cell1:cyc0000->cyc0100,Cell1,cyc0000,cyc0100,C1ch,1604,735954.8775303402,3.8207371,0.3310407283430685,312.614741,98.67620878772155
Cell1:cyc0000->cyc0100,Cell1,cyc0000,cyc0100,C1ch,1605,735954.8775419142,3.8207772,0.3312471101625637,312.639712,98.67620878772155
Cell1:cyc0000->cyc0100,Cell1,cyc0000,cyc0100,C1ch,1606,735954.8775534884,3.8208573,0.3314534905693596,312.70212,98.67620878772155
Cell1:cyc0000->cyc0100,Cell1,cyc0000,cyc0100,C1ch,1607,735954.8775650624,3.8208573,0.3316598738900214,312.65221599999995,98.67620878772155
Cell1:cyc0000->cyc0100,Cell1,cyc0000,cyc0100,C1ch,1608,735954.8775766365,3.8208573,0.3318662560331828,312.639712,98.67620878772155
Cell1:cyc0000->cyc0100,Cell1,cyc0000,cyc0100,C1ch,1609,735954.8775882106,3.8210979,0.33207263862353853,312.677149,98.67620878772155
Cell1:cyc0000->cyc0100,Cell1,cyc0000,cyc0100,C1ch,1610,735954.8775997846,3.8212183,0.33227902161353223,312.70212,98.67620878772155
Cell1:cyc0000->cyc0100,Cell1,cyc0000,cyc0100,C1ch,1611,735954.8776113588,3.8209777,0.33248540389616565,312.60227399999997,98.67620878772155
Cell1:cyc0000->cyc0100,Cell1,cyc0000,cyc0100,C1ch,1612,735954.8776229328,3.8214188,0.3326917860728183,312.677149,98.67620878772155
Cell1:cyc0000->cyc0100,Cell1,cyc0000,cyc0100,C1ch,1613,735954.8776345069,3.8213387,0.3328981669818828,312.62724499999996,98.67620878772155
Cell1:cyc0000->cyc0100,Cell1,cyc0000,cyc0100,C1ch,1614,735954.8776460809,3.8212984,0.3331045475867716,312.614741,98.67620878772155
Cell1:cyc0000->cyc0100,Cell1,cyc0000,cyc0100,C1ch,1615,735954.877657655,3.8210578,0.3333109290279643,312.65221599999995,98.67620878772155
Cell1:cyc0000->cyc0100,Cell1,cyc0000,cyc0100,C1ch,1616,735954.877669229,3.8212583,0.3335173090157843,312.66468299999997,98.67620878772155
Cell1:cyc0000->cyc0100,Cell1,cyc0000,cyc0100,C1ch,1617,735954.8776808032,3.8214588,0.3337236897300516,312.62724499999996,98.67620878772155
Cell1:cyc0000->cyc0100,Cell1,cyc0000,cyc0100,C1ch,1618,735954.8776923772,3.8216593,0.3339300722620579,312.677149,98.67620878772155
Cell1:cyc0000->cyc0100,Cell1,cyc0000,cyc0100,C1ch,1619,735954.8777039513,3.8214989,0.33413645704677664,312.639712,98.67620878772155
Cell1:cyc0000->cyc0100,Cell1,cyc0000,cyc0100,C1ch,1620,735954.8777155253,3.8220203,0.3343428412780388,312.68965399999996,98.67620878772155
Cell1:cyc0000->cyc0100,Cell1,cyc0000,cyc0100,C1ch,1621,735954.8777270995,3.8216994,0.3345492264145169,312.68965399999996,98.67620878772155
Cell1:cyc0000->cyc0100,Cell1,cyc0000,cyc0100,C1ch,1622,735954.8777386736,3.8216994,0.3347556104724087,312.639712,98.67620878772155
Cell1:cyc0000->cyc0100,Cell1,cyc0000,cyc0100,C1ch,1623,735954.8777502476,3.8219402,0.334961993135376,312.66468299999997,98.67620878772155
Cell1:cyc0000->cyc0100,Cell1,cyc0000,cyc0100,C1ch,1624,735954.8777618217,3.8217797,0.3351683761023424,312.614741,98.67620878772155
Cell1:cyc0000->cyc0100,Cell1,cyc0000,cyc0100,C1ch,1625,735954.8777733957,3.8218999,0.33537475886962553,312.60227399999997,98.67620878772155
Cell1:cyc0000->cyc0100,Cell1,cyc0000,cyc0100,C1ch,1626,735954.8777849699,3.8221807,0.3355811380775316,312.62724499999996,98.67620878772155
Cell1:cyc0000->cyc0100,Cell1,cyc0000,cyc0100,C1ch,1627,735954.8777965439,3.8220603,0.3357875173369276,312.66468299999997,98.67620878772155
Cell1:cyc0000->cyc0100,Cell1,cyc0000,cyc0100,C1ch,1628,735954.877808118,3.8218598,0.3359938971694777,312.677149,98.67620878772155
Cell1:cyc0000->cyc0100,Cell1,cyc0000,cyc0100,C1ch,1629,735954.877819692,3.8220603,0.33620027633334015,312.65221599999995,98.67620878772155
Cell1:cyc0000->cyc0100,Cell1,cyc0000,cyc0100,C1ch,1630,735954.8778312661,3.8221407,0.3364066555412835,312.66468299999997,98.67620878772155
Cell1:cyc0000->cyc0100,Cell1,cyc0000,cyc0100,C1ch,1631,735954.8778428402,3.8221407,0.3366130356863878,312.60227399999997,98.67620878772155
Cell1:cyc0000->cyc0100,Cell1,cyc0000,cyc0100,C1ch,1632,735954.8778544143,3.8221407,0.3368194179338142,312.70212,98.67620878772155
Cell1:cyc0000->cyc0100,Cell1,cyc0000,cyc0100,C1ch,1633,735954.8778659883,3.8223009,0.33702580142946037,312.70212,98.67620878772155
Cell1:cyc0000->cyc0100,Cell1,cyc0000,cyc0100,C1ch,1634,735954.8778775624,3.8222208,0.3372321843487244,312.68965399999996,98.67620878772155
Cell1:cyc0000->cyc0100,Cell1,cyc0000,cyc0100,C1ch,1635,735954.8778891366,3.8224614,0.3374385659294739,312.65221599999995,98.67620878772155
Cell1:cyc0000->cyc0100,Cell1,cyc0000,cyc0100,C1ch,1636,735954.8779007106,3.8226218,0.3376449474943135,312.62724499999996,98.67620878772155
Cell1:cyc0000->cyc0100,Cell1,cyc0000,cyc0100,C1ch,1637,735954.8779122847,3.8224213,0.3378513301835632,312.68965399999996,98.67620878772155
Cell1:cyc0000->cyc0100,Cell1,cyc0000,cyc0100,C1ch,1638,735954.8779238587,3.8225014,0.3380577129507311,312.677149,98.67620878772155
Cell1:cyc0000->cyc0100,Cell1,cyc0000,cyc0100,C1ch,1639,735954.8779354328,3.822742,0.3382640953095974,312.58980799999995,98.67620878772155
Cell1:cyc0000->cyc0100,Cell1,cyc0000,cyc0100,C1ch,1640,735954.8779470068,3.8228624,0.3384704764838969,312.62724499999996,98.67620878772155
Cell1:cyc0000->cyc0100,Cell1,cyc0000,cyc0100,C1ch,1641,735954.877958581,3.8225415,0.3386768593554044,312.68965399999996,98.67620878772155
Cell1:cyc0000->cyc0100,Cell1,cyc0000,cyc0100,C1ch,1642,735954.877970155,3.8228624,0.3388832410318874,312.577299,98.67620878772155
Cell1:cyc0000->cyc0100,Cell1,cyc0000,cyc0100,C1ch,1643,735954.8779817291,3.8230228,0.3390896219991388,312.65221599999995,98.67620878772155
Cell1:cyc0000->cyc0100,Cell1,cyc0000,cyc0100,C1ch,1644,735954.8779933031,3.822742,0.3392960059103732,312.614741,98.67620878772155
Cell1:cyc0000->cyc0100,Cell1,cyc0000,cyc0100,C1ch,1645,735954.8780048772,3.8229828,0.339502388578654,312.739558,98.67620878772155
Cell1:cyc0000->cyc0100,Cell1,cyc0000,cyc0100,C1ch,1646,735954.8780164513,3.8230629,0.3397087705219353,312.72709499999996,98.67620878772155
Cell1:cyc0000->cyc0100,Cell1,cyc0000,cyc0100,C1ch,1647,735954.8780280254,3.8233435,0.33991515204963507,312.65221599999995,98.67620878772155
Cell1:cyc0000->cyc0100,Cell1,cyc0000,cyc0100,C1ch,1648,735954.8780395995,3.8233838,0.34012153419097557,312.577299,98.67620878772155
Cell1:cyc0000->cyc0100,Cell1,cyc0000,cyc0100,C1ch,1649,735954.8780511735,3.823143,0.3403279140053948,312.65221599999995,98.67620878772155
Cell1:cyc0000->cyc0100,Cell1,cyc0000,cyc0100,C1ch,1650,735954.8780627477,3.823143,0.34053429451998896,312.72709499999996,98.67620878772155
Cell1:cyc0000->cyc0100,Cell1,cyc0000,cyc0100,C1ch,1651,735954.8780743217,3.8232234,0.3407406750382284,312.65221599999995,98.67620878772155
Cell1:cyc0000->cyc0100,Cell1,cyc0000,cyc0100,C1ch,1652,735954.8780858958,3.823504,0.3409470596514961,312.739558,98.67620878772155
Cell1:cyc0000->cyc0100,Cell1,cyc0000,cyc0100,C1ch,1653,735954.8780974698,3.8233838,0.3411534407498237,312.639712,98.67620878772155
Cell1:cyc0000->cyc0100,Cell1,cyc0000,cyc0100,C1ch,1654,735954.8781090439,3.823504,0.34135982301145773,312.65221599999995,98.67620878772155
Cell1:cyc0000->cyc0100,Cell1,cyc0000,cyc0100,C1ch,1655,735954.8781206179,3.8236644,0.3415662065635987,312.68965399999996,98.67620878772155
Cell1:cyc0000->cyc0100,Cell1,cyc0000,cyc0100,C1ch,1656,735954.8781321921,3.8237848,0.3417725904873048,312.614741,98.67620878772155
Cell1:cyc0000->cyc0100,Cell1,cyc0000,cyc0100,C1ch,1657,735954.8781437661,3.823504,0.3419789728706936,312.68965399999996,98.67620878772155
Cell1:cyc0000->cyc0100,Cell1,cyc0000,cyc0100,C1ch,1658,735954.8781553402,3.8238249,0.3421853549271885,312.66468299999997,98.67620878772155
Cell1:cyc0000->cyc0100,Cell1,cyc0000,cyc0100,C1ch,1659,735954.8781669142,3.8236644,0.3423917363842502,312.70212,98.67620878772155
Cell1:cyc0000->cyc0100,Cell1,cyc0000,cyc0100,C1ch,1660,735954.8781784883,3.8237848,0.342598119232822,312.66468299999997,98.67620878772155
Cell1:cyc0000->cyc0100,Cell1,cyc0000,cyc0100,C1ch,1661,735954.8781900625,3.8238249,0.3428045028752034,312.70212,98.67620878772155
Cell1:cyc0000->cyc0100,Cell1,cyc0000,cyc0100,C1ch,1662,735954.8782016365,3.8239853,0.3430108877396037,312.65221599999995,98.67620878772155
Cell1:cyc0000->cyc0100,Cell1,cyc0000,cyc0100,C1ch,1663,735954.8782132106,3.823905,0.3432172736081373,312.72709499999996,98.67620878772155
Cell1:cyc0000->cyc0100,Cell1,cyc0000,cyc0100,C1ch,1664,735954.8782247846,3.8242259,0.3434236586881171,312.739558,98.67620878772155
Cell1:cyc0000->cyc0100,Cell1,cyc0000,cyc0100,C1ch,1665,735954.8782363588,3.8241055,0.34363004256942414,312.71462899999995,98.67620878772155
Cell1:cyc0000->cyc0100,Cell1,cyc0000,cyc0100,C1ch,1666,735954.8782479328,3.8243864,0.34383642571159867,312.677149,98.67620878772155
Cell1:cyc0000->cyc0100,Cell1,cyc0000,cyc0100,C1ch,1667,735954.8782595069,3.824306,0.3440428093453437,312.66468299999997,98.67620878772155
Cell1:cyc0000->cyc0100,Cell1,cyc0000,cyc0100,C1ch,1668,735954.8782710809,3.824266,0.3442491937479044,312.677149,98.67620878772155
Cell1:cyc0000->cyc0100,Cell1,cyc0000,cyc0100,C1ch,1669,735954.878282655,3.824306,0.34445557838760366,312.639712,98.67620878772155
Cell1:cyc0000->cyc0100,Cell1,cyc0000,cyc0100,C1ch,1670,735954.878294229,3.8246269,0.3446619638495653,312.68965399999996,98.67620878772155
Cell1:cyc0000->cyc0100,Cell1,cyc0000,cyc0100,C1ch,1671,735954.8783058032,3.8245869,0.3448683480756598,312.677149,98.67620878772155
Cell1:cyc0000->cyc0100,Cell1,cyc0000,cyc0100,C1ch,1672,735954.8783173772,3.8245466,0.3450747318328892,312.677149,98.67620878772155
Cell1:cyc0000->cyc0100,Cell1,cyc0000,cyc0100,C1ch,1673,735954.8783289513,3.824667,0.3452811154134081,312.68965399999996,98.67620878772155
Cell1:cyc0000->cyc0100,Cell1,cyc0000,cyc0100,C1ch,1674,735954.8783405254,3.824667,0.345487499133745,312.677149,98.67620878772155
Cell1:cyc0000->cyc0100,Cell1,cyc0000,cyc0100,C1ch,1675,735954.8783520994,3.8246269,0.3456938845282355,312.68965399999996,98.67620878772155
Cell1:cyc0000->cyc0100,Cell1,cyc0000,cyc0100,C1ch,1676,735954.8783636736,3.824707,0.34590027028015813,312.66468299999997,98.67620878772155
Cell1:cyc0000->cyc0100,Cell1,cyc0000,cyc0100,C1ch,1677,735954.8783752476,3.8247874,0.34610665483674463,312.71462899999995,98.67620878772155
Cell1:cyc0000->cyc0100,Cell1,cyc0000,cyc0100,C1ch,1678,735954.8783868217,3.824667,0.3463130412251011,312.70212,98.67620878772155
Cell1:cyc0000->cyc0100,Cell1,cyc0000,cyc0100,C1ch,1679,735954.8783983957,3.8253086,0.3465194290332438,312.72709499999996,98.67620878772155
Cell1:cyc0000->cyc0100,Cell1,cyc0000,cyc0100,C1ch,1680,735954.8784099699,3.8247874,0.3467258168676758,312.677149,98.67620878772155
Cell1:cyc0000->cyc0100,Cell1,cyc0000,cyc0100,C1ch,1681,735954.8784215439,3.8251081,0.34693220492862953,312.70212,98.67620878772155
Cell1:cyc0000->cyc0100,Cell1,cyc0000,cyc0100,C1ch,1682,735954.878433118,3.8251481,0.3471385903533427,312.70212,98.67620878772155
Cell1:cyc0000->cyc0100,Cell1,cyc0000,cyc0100,C1ch,1683,735954.878444692,3.8253486,0.3473449726873542,312.677149,98.67620878772155
Cell1:cyc0000->cyc0100,Cell1,cyc0000,cyc0100,C1ch,1684,735954.8784562661,3.825429,0.3475513563510438,312.65221599999995,98.67620878772155
Cell1:cyc0000->cyc0100,Cell1,cyc0000,cyc0100,C1ch,1685,735954.8784678401,3.8253889,0.3477577409427762,312.71462899999995,98.67620878772155
Cell1:cyc0000->cyc0100,Cell1,cyc0000,cyc0100,C1ch,1686,735954.8784794143,3.8256295,0.3479641269315592,312.70212,98.67620878772155
Cell1:cyc0000->cyc0100,Cell1,cyc0000,cyc0100,C1ch,1687,735954.8784909884,3.8253486,0.3481705131907043,312.68965399999996,98.67620878772155
Cell1:cyc0000->cyc0100,Cell1,cyc0000,cyc0100,C1ch,1688,735954.8785025624,3.8255091,0.3483768974997084,312.72709499999996,98.67620878772155
Cell1:cyc0000->cyc0100,Cell1,cyc0000,cyc0100,C1ch,1689,735954.8785141365,3.8253889,0.3485832811174792,312.66468299999997,98.67620878772155
Cell1:cyc0000->cyc0100,Cell1,cyc0000,cyc0100,C1ch,1690,735954.8785257105,3.8256695,0.3487896656652561,312.639712,98.67620878772155
Cell1:cyc0000->cyc0100,Cell1,cyc0000,cyc0100,C1ch,1691,735954.8785372847,3.8257899,0.3489960519511346,312.65221599999995,98.67620878772155
Cell1:cyc0000->cyc0100,Cell1,cyc0000,cyc0100,C1ch,1692,735954.8785488587,3.8257496,0.3492024376801487,312.68965399999996,98.67620878772155
Cell1:cyc0000->cyc0100,Cell1,cyc0000,cyc0100,C1ch,1693,735954.8785604328,3.8256295,0.3494088238102179,312.75206199999997,98.67620878772155
Cell1:cyc0000->cyc0100,Cell1,cyc0000,cyc0100,C1ch,1694,735954.8785720068,3.82587,0.3496152081262783,312.764529,98.67620878772155
Cell1:cyc0000->cyc0100,Cell1,cyc0000,cyc0100,C1ch,1695,735954.878583581,3.8259904,0.34982159261208773,312.71462899999995,98.67620878772155
Cell1:cyc0000->cyc0100,Cell1,cyc0000,cyc0100,C1ch,1696,735954.878595155,3.8259101,0.3500279800311381,312.68965399999996,98.67620878772155
Cell1:cyc0000->cyc0100,Cell1,cyc0000,cyc0100,C1ch,1697,735954.8786067291,3.8261507,0.35023436755277837,312.65221599999995,98.67620878772155
Cell1:cyc0000->cyc0100,Cell1,cyc0000,cyc0100,C1ch,1698,735954.8786183031,3.8263111,0.3504407546148105,312.68965399999996,98.67620878772155
Cell1:cyc0000->cyc0100,Cell1,cyc0000,cyc0100,C1ch,1699,735954.8786298772,3.8261507,0.3506471396485765,312.677149,98.67620878772155
Cell1:cyc0000->cyc0100,Cell1,cyc0000,cyc0100,C1ch,1700,735954.8786414514,3.8263512,0.3508535267546285,312.75206199999997,98.67620878772155
Cell1:cyc0000->cyc0100,Cell1,cyc0000,cyc0100,C1ch,1701,735954.8786530254,3.8263912,0.3510599135956556,312.739558,98.67620878772155
Cell1:cyc0000->cyc0100,Cell1,cyc0000,cyc0100,C1ch,1702,735954.8786645995,3.8263111,0.3512662995932413,312.71462899999995,98.67620878772155
Cell1:cyc0000->cyc0100,Cell1,cyc0000,cyc0100,C1ch,1703,735954.8786761735,3.8267522,0.3514726846732652,312.739558,98.67620878772155
Cell1:cyc0000->cyc0100,Cell1,cyc0000,cyc0100,C1ch,1704,735954.8786877476,3.8264716,0.3516790701580166,312.70212,98.67620878772155
Cell1:cyc0000->cyc0100,Cell1,cyc0000,cyc0100,C1ch,1705,735954.8786993216,3.8266721,0.3518854564649353,312.72709499999996,98.67620878772155
Cell1:cyc0000->cyc0100,Cell1,cyc0000,cyc0100,C1ch,1706,735954.8787108958,3.8268325,0.3520918437744445,312.72709499999996,98.67620878772155
Cell1:cyc0000->cyc0100,Cell1,cyc0000,cyc0100,C1ch,1707,735954.8787224698,3.8269126,0.3522982313701918,312.68965399999996,98.67620878772155
Cell1:cyc0000->cyc0100,Cell1,cyc0000,cyc0100,C1ch,1708,735954.8787340439,3.8268325,0.3525046156315782,312.764529,98.67620878772155
Cell1:cyc0000->cyc0100,Cell1,cyc0000,cyc0100,C1ch,1709,735954.8787456179,3.8268325,0.35271100127008403,312.68965399999996,98.67620878772155
Cell1:cyc0000->cyc0100,Cell1,cyc0000,cyc0100,C1ch,1710,735954.878757192,3.8270731,0.3529173880969001,312.68965399999996,98.67620878772155
Cell1:cyc0000->cyc0100,Cell1,cyc0000,cyc0100,C1ch,1711,735954.8787687661,3.8269527,0.353123775473548,312.71462899999995,98.67620878772155
Cell1:cyc0000->cyc0100,Cell1,cyc0000,cyc0100,C1ch,1712,735954.8787803402,3.8271532,0.3533301635132819,312.764529,98.67620878772155
Cell1:cyc0000->cyc0100,Cell1,cyc0000,cyc0100,C1ch,1713,735954.8787919143,3.8271132,0.3535365481105991,312.72709499999996,98.67620878772155
Cell1:cyc0000->cyc0100,Cell1,cyc0000,cyc0100,C1ch,1714,735954.8788034883,3.8273137,0.35374293110235944,312.68965399999996,98.67620878772155
Cell1:cyc0000->cyc0100,Cell1,cyc0000,cyc0100,C1ch,1715,735954.8788150625,3.8272336,0.3539493161415236,312.677149,98.67620878772155
Cell1:cyc0000->cyc0100,Cell1,cyc0000,cyc0100,C1ch,1716,735954.8788266365,3.8273938,0.3541557002047323,312.77703699999995,98.67620878772155
Cell1:cyc0000->cyc0100,Cell1,cyc0000,cyc0100,C1ch,1717,735954.8788382106,3.8275142,0.3543620856649576,312.72709499999996,98.67620878772155
Cell1:cyc0000->cyc0100,Cell1,cyc0000,cyc0100,C1ch,1718,735954.8788497846,3.8272736,0.35456847088617294,312.68965399999996,98.67620878772155
Cell1:cyc0000->cyc0100,Cell1,cyc0000,cyc0100,C1ch,1719,735954.8788613587,3.8274341,0.35477485552934096,312.677149,98.67620878772155
Cell1:cyc0000->cyc0100,Cell1,cyc0000,cyc0100,C1ch,1720,735954.8788729327,3.8276346,0.3549812399216953,312.677149,98.67620878772155
Cell1:cyc0000->cyc0100,Cell1,cyc0000,cyc0100,C1ch,1721,735954.8788845069,3.8277147,0.3551876252119073,312.75206199999997,98.67620878772155
Cell1:cyc0000->cyc0100,Cell1,cyc0000,cyc0100,C1ch,1722,735954.8788960809,3.8275542,0.3553940099205085,312.81447399999996,98.67620878772155
Cell1:cyc0000->cyc0100,Cell1,cyc0000,cyc0100,C1ch,1723,735954.878907655,3.8277948,0.3556003950976257,312.77703699999995,98.67620878772155
Cell1:cyc0000->cyc0100,Cell1,cyc0000,cyc0100,C1ch,1724,735954.878919229,3.8278351,0.3558067810016004,312.71462899999995,98.67620878772155
Cell1:cyc0000->cyc0100,Cell1,cyc0000,cyc0100,C1ch,1725,735954.8789308032,3.8280756,0.3560131644991591,312.739558,98.67620878772155
Cell1:cyc0000->cyc0100,Cell1,cyc0000,cyc0100,C1ch,1726,735954.8789423772,3.8281958,0.35621954951700174,312.71462899999995,98.67620878772155
Cell1:cyc0000->cyc0100,Cell1,cyc0000,cyc0100,C1ch,1727,735954.8789539513,3.8280756,0.35642593447862075,312.77703699999995,98.67620878772155
Cell1:cyc0000->cyc0100,Cell1,cyc0000,cyc0100,C1ch,1728,735954.8789655254,3.8279552,0.3566323197158542,312.68965399999996,98.67620878772155
Cell1:cyc0000->cyc0100,Cell1,cyc0000,cyc0100,C1ch,1729,735954.8789770994,3.8281558,0.35683870430779013,312.70212,98.67620878772155
Cell1:cyc0000->cyc0100,Cell1,cyc0000,cyc0100,C1ch,1730,735954.8789886736,3.8281958,0.3570450906802198,312.70212,98.67620878772155
Cell1:cyc0000->cyc0100,Cell1,cyc0000,cyc0100,C1ch,1731,735954.8790002476,3.8282361,0.3572514757669983,312.764529,98.67620878772155
Cell1:cyc0000->cyc0100,Cell1,cyc0000,cyc0100,C1ch,1732,735954.8790118217,3.8284366,0.3574578619467672,312.72709499999996,98.67620878772155
Cell1:cyc0000->cyc0100,Cell1,cyc0000,cyc0100,C1ch,1733,735954.8790233957,3.8284366,0.3576642464539524,312.677149,98.67620878772155
Cell1:cyc0000->cyc0100,Cell1,cyc0000,cyc0100,C1ch,1734,735954.8790349698,3.8285968,0.3578706326796163,312.739558,98.67620878772155
Cell1:cyc0000->cyc0100,Cell1,cyc0000,cyc0100,C1ch,1735,735954.8790465439,3.8285568,0.3580770188645256,312.71462899999995,98.67620878772155
Cell1:cyc0000->cyc0100,Cell1,cyc0000,cyc0100,C1ch,1736,735954.879058118,3.8286371,0.3582834063579406,312.75206199999997,98.67620878772155
Cell1:cyc0000->cyc0100,Cell1,cyc0000,cyc0100,C1ch,1737,735954.879069692,3.8288376,0.358489792906996,312.71462899999995,98.67620878772155
Cell1:cyc0000->cyc0100,Cell1,cyc0000,cyc0100,C1ch,1738,735954.8790812661,3.8288777,0.3586961804304063,312.78950299999997,98.67620878772155
Cell1:cyc0000->cyc0100,Cell1,cyc0000,cyc0100,C1ch,1739,735954.8790928401,3.8290381,0.3589025674924622,312.75206199999997,98.67620878772155
Cell1:cyc0000->cyc0100,Cell1,cyc0000,cyc0100,C1ch,1740,735954.8791044143,3.8289578,0.3591089558947076,312.739558,98.67620878772155
Cell1:cyc0000->cyc0100,Cell1,cyc0000,cyc0100,C1ch,1741,735954.8791159884,3.8291583,0.3593153437611084,312.75206199999997,98.67620878772155
Cell1:cyc0000->cyc0100,Cell1,cyc0000,cyc0100,C1ch,1742,735954.8791275624,3.8291583,0.35952172992303466,312.71462899999995,98.67620878772155
Cell1:cyc0000->cyc0100,Cell1,cyc0000,cyc0100,C1ch,1743,735954.8791391365,3.8291984,0.3597281153989325,312.739558,98.67620878772155
Cell1:cyc0000->cyc0100,Cell1,cyc0000,cyc0100,C1ch,1744,735954.8791507105,3.8290782,0.3599345017836609,312.81447399999996,98.67620878772155
Cell1:cyc0000->cyc0100,Cell1,cyc0000,cyc0100,C1ch,1745,735954.8791622847,3.8293989,0.3601408866990391,312.80197,98.67620878772155
Cell1:cyc0000->cyc0100,Cell1,cyc0000,cyc0100,C1ch,1746,735954.8791738587,3.8292387,0.36034727250038323,312.70212,98.67620878772155
Cell1:cyc0000->cyc0100,Cell1,cyc0000,cyc0100,C1ch,1747,735954.8791854328,3.8294392,0.3605536595022651,312.72709499999996,98.67620878772155
Cell1:cyc0000->cyc0100,Cell1,cyc0000,cyc0100,C1ch,1748,735954.8791970068,3.8296397,0.3607600465607774,312.70212,98.67620878772155
Cell1:cyc0000->cyc0100,Cell1,cyc0000,cyc0100,C1ch,1749,735954.8792085809,3.8296397,0.3609664338826193,312.75206199999997,98.67620878772155
Cell1:cyc0000->cyc0100,Cell1,cyc0000,cyc0100,C1ch,1750,735954.879220155,3.8299603,0.3611728218040296,312.77703699999995,98.67620878772155
Cell1:cyc0000->cyc0100,Cell1,cyc0000,cyc0100,C1ch,1751,735954.8792317291,3.8297198,0.3613792080207621,312.81447399999996,98.67620878772155
Cell1:cyc0000->cyc0100,Cell1,cyc0000,cyc0100,C1ch,1752,735954.8792433031,3.8297198,0.3615855947571987,312.80197,98.67620878772155
Cell1:cyc0000->cyc0100,Cell1,cyc0000,cyc0100,C1ch,1753,735954.8792548772,3.8299203,0.36179197923243206,312.75206199999997,98.67620878772155
Cell1:cyc0000->cyc0100,Cell1,cyc0000,cyc0100,C1ch,1754,735954.8792664513,3.8298402,0.361998364754537,312.80197,98.67620878772155
Cell1:cyc0000->cyc0100,Cell1,cyc0000,cyc0100,C1ch,1755,735954.8792780254,3.8301208,0.3622047490158623,312.78950299999997,98.67620878772155
Cell1:cyc0000->cyc0100,Cell1,cyc0000,cyc0100,C1ch,1756,735954.8792895995,3.8301208,0.362411135455441,312.78950299999997,98.67620878772155
Cell1:cyc0000->cyc0100,Cell1,cyc0000,cyc0100,C1ch,1757,735954.8793011735,3.8301609,0.36261752184025736,312.764529,98.67620878772155
Cell1:cyc0000->cyc0100,Cell1,cyc0000,cyc0100,C1ch,1758,735954.8793127476,3.8302009,0.3628239058345574,312.87688299999996,98.67620878772155
Cell1:cyc0000->cyc0100,Cell1,cyc0000,cyc0100,C1ch,1759,735954.8793243216,3.8304415,0.3630302906422289,312.71462899999995,98.67620878772155
Cell1:cyc0000->cyc0100,Cell1,cyc0000,cyc0100,C1ch,1760,735954.8793358958,3.8304818,0.36323667369585844,312.739558,98.67620878772155
Cell1:cyc0000->cyc0100,Cell1,cyc0000,cyc0100,C1ch,1761,735954.8793474698,3.8308425,0.3634430556693454,312.739558,98.67620878772155
Cell1:cyc0000->cyc0100,Cell1,cyc0000,cyc0100,C1ch,1762,735954.8793590439,3.8306019,0.36364943829154456,312.75206199999997,98.67620878772155
Cell1:cyc0000->cyc0100,Cell1,cyc0000,cyc0100,C1ch,1763,735954.8793706179,3.8305619,0.3638558206997002,312.764529,98.67620878772155
Cell1:cyc0000->cyc0100,Cell1,cyc0000,cyc0100,C1ch,1764,735954.879382192,3.8305218,0.3640622022379829,312.71462899999995,98.67620878772155
Cell1:cyc0000->cyc0100,Cell1,cyc0000,cyc0100,C1ch,1765,735954.879393766,3.8308828,0.3642685862126906,312.826941,98.67620878772155
Cell1:cyc0000->cyc0100,Cell1,cyc0000,cyc0100,C1ch,1766,735954.8794053402,3.8308425,0.3644749714711745,312.78950299999997,98.67620878772155
Cell1:cyc0000->cyc0100,Cell1,cyc0000,cyc0100,C1ch,1767,735954.8794169143,3.8308425,0.3646813559747281,312.83944499999996,98.67620878772155
Cell1:cyc0000->cyc0100,Cell1,cyc0000,cyc0100,C1ch,1768,735954.8794284883,3.8309629,0.3648877409752671,312.75206199999997,98.67620878772155
Cell1:cyc0000->cyc0100,Cell1,cyc0000,cyc0100,C1ch,1769,735954.8794400624,3.8311234,0.3650941250190668,312.72709499999996,98.67620878772155
Cell1:cyc0000->cyc0100,Cell1,cyc0000,cyc0100,C1ch,1770,735954.8794516365,3.8312435,0.3653005070948995,312.75206199999997,98.67620878772155
Cell1:cyc0000->cyc0100,Cell1,cyc0000,cyc0100,C1ch,1771,735954.8794632106,3.8311634,0.3655068894467841,312.739558,98.67620878772155
Cell1:cyc0000->cyc0100,Cell1,cyc0000,cyc0100,C1ch,1772,735954.8794747846,3.8312838,0.3657132720675116,312.78950299999997,98.67620878772155
Cell1:cyc0000->cyc0100,Cell1,cyc0000,cyc0100,C1ch,1773,735954.8794863587,3.8315644,0.3659196548543804,312.78950299999997,98.67620878772155
Cell1:cyc0000->cyc0100,Cell1,cyc0000,cyc0100,C1ch,1774,735954.8794979327,3.831404,0.3661260395225288,312.70212,98.67620878772155
Cell1:cyc0000->cyc0100,Cell1,cyc0000,cyc0100,C1ch,1775,735954.8795095069,3.8317649,0.3663324241922573,312.739558,98.67620878772155
Cell1:cyc0000->cyc0100,Cell1,cyc0000,cyc0100,C1ch,1776,735954.8795210809,3.8315644,0.3665388098362596,312.764529,98.67620878772155
Cell1:cyc0000->cyc0100,Cell1,cyc0000,cyc0100,C1ch,1777,735954.879532655,3.831805,0.3667451959064704,312.78950299999997,98.67620878772155
Cell1:cyc0000->cyc0100,Cell1,cyc0000,cyc0100,C1ch,1778,735954.879544229,3.8319254,0.3669515815767856,312.764529,98.67620878772155
Cell1:cyc0000->cyc0100,Cell1,cyc0000,cyc0100,C1ch,1779,735954.8795558031,3.831805,0.3671579677882284,312.85191199999997,98.67620878772155
Cell1:cyc0000->cyc0100,Cell1,cyc0000,cyc0100,C1ch,1780,735954.8795673773,3.8320858,0.36736435563352804,312.75206199999997,98.67620878772155
Cell1:cyc0000->cyc0100,Cell1,cyc0000,cyc0100,C1ch,1781,735954.8795789513,3.8320055,0.36757074142952806,312.77703699999995,98.67620878772155
Cell1:cyc0000->cyc0100,Cell1,cyc0000,cyc0100,C1ch,1782,735954.8795905254,3.8320858,0.3677771268240051,312.78950299999997,98.67620878772155
Cell1:cyc0000->cyc0100,Cell1,cyc0000,cyc0100,C1ch,1783,735954.8796020994,3.832166,0.3679835103248698,312.71462899999995,98.67620878772155
Cell1:cyc0000->cyc0100,Cell1,cyc0000,cyc0100,C1ch,1784,735954.8796136735,3.8324065,0.3681898947506273,312.81447399999996,98.67620878772155
Cell1:cyc0000->cyc0100,Cell1,cyc0000,cyc0100,C1ch,1785,735954.8796252476,3.8322864,0.3683962779455804,312.739558,98.67620878772155
Cell1:cyc0000->cyc0100,Cell1,cyc0000,cyc0100,C1ch,1786,735954.8796368217,3.8324466,0.36860266033624955,312.739558,98.67620878772155
Cell1:cyc0000->cyc0100,Cell1,cyc0000,cyc0100,C1ch,1787,735954.8796483957,3.8324869,0.3688090449722493,312.80197,98.67620878772155
Cell1:cyc0000->cyc0100,Cell1,cyc0000,cyc0100,C1ch,1788,735954.8796599698,3.8325269,0.3690154301105652,312.826941,98.67620878772155
Cell1:cyc0000->cyc0100,Cell1,cyc0000,cyc0100,C1ch,1789,735954.8796715438,3.8327274,0.3692218157049052,312.78950299999997,98.67620878772155
Cell1:cyc0000->cyc0100,Cell1,cyc0000,cyc0100,C1ch,1790,735954.879683118,3.8326874,0.3694282017874688,312.739558,98.67620878772155
Cell1:cyc0000->cyc0100,Cell1,cyc0000,cyc0100,C1ch,1791,735954.879694692,3.8327274,0.369634587136105,312.739558,98.67620878772155
Cell1:cyc0000->cyc0100,Cell1,cyc0000,cyc0100,C1ch,1792,735954.8797062661,3.8330481,0.3698409707095642,312.739558,98.67620878772155
Cell1:cyc0000->cyc0100,Cell1,cyc0000,cyc0100,C1ch,1793,735954.8797178402,3.8331685,0.37004735333888417,312.77703699999995,98.67620878772155
Cell1:cyc0000->cyc0100,Cell1,cyc0000,cyc0100,C1ch,1794,735954.8797294142,3.8331685,0.37025373680639306,312.78950299999997,98.67620878772155
Cell1:cyc0000->cyc0100,Cell1,cyc0000,cyc0100,C1ch,1795,735954.8797409884,3.8332086,0.37046012113103227,312.78950299999997,98.67620878772155
Cell1:cyc0000->cyc0100,Cell1,cyc0000,cyc0100,C1ch,1796,735954.8797525624,3.8330884,0.37066650713390087,312.764529,98.67620878772155
Cell1:cyc0000->cyc0100,Cell1,cyc0000,cyc0100,C1ch,1797,735954.8797641365,3.833329,0.37087289161274206,312.764529,98.67620878772155
Cell1:cyc0000->cyc0100,Cell1,cyc0000,cyc0100,C1ch,1798,735954.8797757105,3.833369,0.3710792732712504,312.826941,98.67620878772155
Cell1:cyc0000->cyc0100,Cell1,cyc0000,cyc0100,C1ch,1799,735954.8797872846,3.8334091,0.3712856573008423,312.77703699999995,98.67620878772155
Cell1:cyc0000->cyc0100,Cell1,cyc0000,cyc0100,C1ch,1800,735954.8797988587,3.8335295,0.37149204178131784,312.75206199999997,98.67620878772155
Cell1:cyc0000->cyc0100,Cell1,cyc0000,cyc0100,C1ch,1801,735954.8798104328,3.8336096,0.37169842836057543,312.826941,98.67620878772155
Cell1:cyc0000->cyc0100,Cell1,cyc0000,cyc0100,C1ch,1802,735954.8798220068,3.8338101,0.3719048143458083,312.77703699999995,98.67620878772155
Cell1:cyc0000->cyc0100,Cell1,cyc0000,cyc0100,C1ch,1803,735954.8798335809,3.8338501,0.372111198131446,312.75206199999997,98.67620878772155
Cell1:cyc0000->cyc0100,Cell1,cyc0000,cyc0100,C1ch,1804,735954.8798451549,3.8338101,0.3723175848874986,312.80197,98.67620878772155
Cell1:cyc0000->cyc0100,Cell1,cyc0000,cyc0100,C1ch,1805,735954.8798567291,3.8340106,0.37252397039698965,312.80197,98.67620878772155
Cell1:cyc0000->cyc0100,Cell1,cyc0000,cyc0100,C1ch,1806,735954.8798683032,3.8340507,0.3727303554857449,312.85191199999997,98.67620878772155
Cell1:cyc0000->cyc0100,Cell1,cyc0000,cyc0100,C1ch,1807,735954.8798798772,3.834131,0.3729367413860372,312.826941,98.67620878772155
Cell1:cyc0000->cyc0100,Cell1,cyc0000,cyc0100,C1ch,1808,735954.8798914513,3.8342111,0.3731431256651171,312.75206199999997,98.67620878772155
Cell1:cyc0000->cyc0100,Cell1,cyc0000,cyc0100,C1ch,1809,735954.8799030253,3.8342111,0.37334951228153485,312.85191199999997,98.67620878772155
Cell1:cyc0000->cyc0100,Cell1,cyc0000,cyc0100,C1ch,1810,735954.8799145995,3.8342512,0.37355589991645977,312.826941,98.67620878772155
Cell1:cyc0000->cyc0100,Cell1,cyc0000,cyc0100,C1ch,1811,735954.8799261735,3.8342512,0.3737622856947055,312.81447399999996,98.67620878772155
Cell1:cyc0000->cyc0100,Cell1,cyc0000,cyc0100,C1ch,1812,735954.8799377476,3.834532,0.3739686713493245,312.75206199999997,98.67620878772155
Cell1:cyc0000->cyc0100,Cell1,cyc0000,cyc0100,C1ch,1813,735954.8799493216,3.8348927,0.3741750577887607,312.826941,98.67620878772155
Cell1:cyc0000->cyc0100,Cell1,cyc0000,cyc0100,C1ch,1814,735954.8799608957,3.8347726,0.37438144334609647,312.826941,98.67620878772155
Cell1:cyc0000->cyc0100,Cell1,cyc0000,cyc0100,C1ch,1815,735954.8799724698,3.8346522,0.3745878295963915,312.83944499999996,98.67620878772155
Cell1:cyc0000->cyc0100,Cell1,cyc0000,cyc0100,C1ch,1816,735954.8799840439,3.834933,0.37479421362601734,312.826941,98.67620878772155
Cell1:cyc0000->cyc0100,Cell1,cyc0000,cyc0100,C1ch,1817,735954.8799956179,3.8349731,0.3750005982163526,312.85191199999997,98.67620878772155
Cell1:cyc0000->cyc0100,Cell1,cyc0000,cyc0100,C1ch,1818,735954.880007192,3.834933,0.37520698303456956,312.826941,98.67620878772155
Cell1:cyc0000->cyc0100,Cell1,cyc0000,cyc0100,C1ch,1819,735954.8800187662,3.8350933,0.3754133668096348,312.889349,98.67620878772155
Cell1:cyc0000->cyc0100,Cell1,cyc0000,cyc0100,C1ch,1820,735954.8800303402,3.8350532,0.3756197512035489,312.81447399999996,98.67620878772155
Cell1:cyc0000->cyc0100,Cell1,cyc0000,cyc0100,C1ch,1821,735954.8800419143,3.8350532,0.37582613793652675,312.81447399999996,98.67620878772155
Cell1:cyc0000->cyc0100,Cell1,cyc0000,cyc0100,C1ch,1822,735954.8800534883,3.8354142,0.3760325245457391,312.864378,98.67620878772155
Cell1:cyc0000->cyc0100,Cell1,cyc0000,cyc0100,C1ch,1823,735954.8800650624,3.8356147,0.3762389081227892,312.78950299999997,98.67620878772155
Cell1:cyc0000->cyc0100,Cell1,cyc0000,cyc0100,C1ch,1824,735954.8800766364,3.8358953,0.3764452933847317,312.826941,98.67620878772155
Cell1:cyc0000->cyc0100,Cell1,cyc0000,cyc0100,C1ch,1825,735954.8800882106,3.8356147,0.3766516799002787,312.81447399999996,98.67620878772155
Cell1:cyc0000->cyc0100,Cell1,cyc0000,cyc0100,C1ch,1826,735954.8800997846,3.8358552,0.3768580647485894,312.77703699999995,98.67620878772155
Cell1:cyc0000->cyc0100,Cell1,cyc0000,cyc0100,C1ch,1827,735954.8801113587,3.8359356,0.3770644503095601,312.83944499999996,98.67620878772155
Cell1:cyc0000->cyc0100,Cell1,cyc0000,cyc0100,C1ch,1828,735954.8801229327,3.8358953,0.3772708351879137,312.85191199999997,98.67620878772155
Cell1:cyc0000->cyc0100,Cell1,cyc0000,cyc0100,C1ch,1829,735954.8801345068,3.8360958,0.3774772196806539,312.85191199999997,98.67620878772155
Cell1:cyc0000->cyc0100,Cell1,cyc0000,cyc0100,C1ch,1830,735954.8801460809,3.8362563,0.3776836047517123,312.826941,98.67620878772155
Cell1:cyc0000->cyc0100,Cell1,cyc0000,cyc0100,C1ch,1831,735954.880157655,3.8363366,0.3778899908500604,312.80197,98.67620878772155
Cell1:cyc0000->cyc0100,Cell1,cyc0000,cyc0100,C1ch,1832,735954.8801692291,3.8363767,0.37809637485508896,312.83944499999996,98.67620878772155
Cell1:cyc0000->cyc0100,Cell1,cyc0000,cyc0100,C1ch,1833,735954.8801808031,3.8364568,0.3783027613547363,312.83944499999996,98.67620878772155
Cell1:cyc0000->cyc0100,Cell1,cyc0000,cyc0100,C1ch,1834,735954.8801923773,3.8361762,0.3785091463267924,312.87688299999996,98.67620878772155
Cell1:cyc0000->cyc0100,Cell1,cyc0000,cyc0100,C1ch,1835,735954.8802039513,3.8365371,0.3787155331906196,312.826941,98.67620878772155
Cell1:cyc0000->cyc0100,Cell1,cyc0000,cyc0100,C1ch,1836,735954.8802155254,3.8364167,0.378921920989702,312.77703699999995,98.67620878772155
Cell1:cyc0000->cyc0100,Cell1,cyc0000,cyc0100,C1ch,1837,735954.8802270994,3.8367376,0.3791283077104323,312.87688299999996,98.67620878772155
Cell1:cyc0000->cyc0100,Cell1,cyc0000,cyc0100,C1ch,1838,735954.8802386735,3.8366973,0.379334695117157,312.87688299999996,98.67620878772155
Cell1:cyc0000->cyc0100,Cell1,cyc0000,cyc0100,C1ch,1839,735954.8802502475,3.8368578,0.3795410827131415,312.87688299999996,98.67620878772155
Cell1:cyc0000->cyc0100,Cell1,cyc0000,cyc0100,C1ch,1840,735954.8802618217,3.8370984,0.3797474718826022,312.826941,98.67620878772155
Cell1:cyc0000->cyc0100,Cell1,cyc0000,cyc0100,C1ch,1841,735954.8802733957,3.8370183,0.3799538632818536,312.826941,98.67620878772155
Cell1:cyc0000->cyc0100,Cell1,cyc0000,cyc0100,C1ch,1842,735954.8802849698,3.8372989,0.3801602534734192,312.83944499999996,98.67620878772155
Cell1:cyc0000->cyc0100,Cell1,cyc0000,cyc0100,C1ch,1843,735954.8802965438,3.8372188,0.3803666414797059,312.864378,98.67620878772155
Cell1:cyc0000->cyc0100,Cell1,cyc0000,cyc0100,C1ch,1844,735954.880308118,3.8373792,0.38057303007100435,312.78950299999997,98.67620878772155
Cell1:cyc0000->cyc0100,Cell1,cyc0000,cyc0100,C1ch,1845,735954.8803196921,3.8372588,0.38077941791268594,312.864378,98.67620878772155
Cell1:cyc0000->cyc0100,Cell1,cyc0000,cyc0100,C1ch,1846,735954.8803312661,3.8374994,0.3809858034913228,312.83944499999996,98.67620878772155
Cell1:cyc0000->cyc0100,Cell1,cyc0000,cyc0100,C1ch,1847,735954.8803428402,3.8377402,0.3811921883129408,312.81447399999996,98.67620878772155
Cell1:cyc0000->cyc0100,Cell1,cyc0000,cyc0100,C1ch,1848,735954.8803544142,3.8377402,0.3813985734476895,312.826941,98.67620878772155
Cell1:cyc0000->cyc0100,Cell1,cyc0000,cyc0100,C1ch,1849,735954.8803659884,3.8379004,0.3816049603521966,312.85191199999997,98.67620878772155
Cell1:cyc0000->cyc0100,Cell1,cyc0000,cyc0100,C1ch,1850,735954.8803775624,3.8377802,0.3818113463620334,312.826941,98.67620878772155
Cell1:cyc0000->cyc0100,Cell1,cyc0000,cyc0100,C1ch,1851,735954.8803891365,3.8377802,0.3820177349251235,312.81447399999996,98.67620878772155
Cell1:cyc0000->cyc0100,Cell1,cyc0000,cyc0100,C1ch,1852,735954.8804007105,3.8381009,0.3822241222574904,312.78950299999997,98.67620878772155
Cell1:cyc0000->cyc0100,Cell1,cyc0000,cyc0100,C1ch,1853,735954.8804122846,3.8382213,0.3824305087307095,312.85191199999997,98.67620878772155
Cell1:cyc0000->cyc0100,Cell1,cyc0000,cyc0100,C1ch,1854,735954.8804238586,3.8383818,0.3826368964380696,312.81447399999996,98.67620878772155
Cell1:cyc0000->cyc0100,Cell1,cyc0000,cyc0100,C1ch,1855,735954.8804354328,3.8382213,0.38284328341162793,312.77703699999995,98.67620878772155
Cell1:cyc0000->cyc0100,Cell1,cyc0000,cyc0100,C1ch,1856,735954.8804470068,3.8384619,0.3830496708925137,312.889349,98.67620878772155
Cell1:cyc0000->cyc0100,Cell1,cyc0000,cyc0100,C1ch,1857,735954.8804585809,3.8383014,0.3832560577298686,312.864378,98.67620878772155
Cell1:cyc0000->cyc0100,Cell1,cyc0000,cyc0100,C1ch,1858,735954.880470155,3.8384619,0.3834624435612353,312.85191199999997,98.67620878772155
Cell1:cyc0000->cyc0100,Cell1,cyc0000,cyc0100,C1ch,1859,735954.880481729,3.8387024,0.3836688274300537,312.90185399999996,98.67620878772155
Cell1:cyc0000->cyc0100,Cell1,cyc0000,cyc0100,C1ch,1860,735954.8804933032,3.838943,0.3838752138908691,312.87688299999996,98.67620878772155
Cell1:cyc0000->cyc0100,Cell1,cyc0000,cyc0100,C1ch,1861,735954.8805048772,3.838903,0.3840816005832248,312.90185399999996,98.67620878772155
Cell1:cyc0000->cyc0100,Cell1,cyc0000,cyc0100,C1ch,1862,735954.8805164513,3.838943,0.38428798591227886,312.87688299999996,98.67620878772155
Cell1:cyc0000->cyc0100,Cell1,cyc0000,cyc0100,C1ch,1863,735954.8805280253,3.8391435,0.3844943724756436,312.85191199999997,98.67620878772155
Cell1:cyc0000->cyc0100,Cell1,cyc0000,cyc0100,C1ch,1864,735954.8805395995,3.8391838,0.38470075950030863,312.826941,98.67620878772155
Cell1:cyc0000->cyc0100,Cell1,cyc0000,cyc0100,C1ch,1865,735954.8805511735,3.8391035,0.3849071460513136,312.864378,98.67620878772155
Cell1:cyc0000->cyc0100,Cell1,cyc0000,cyc0100,C1ch,1866,735954.8805627476,3.8395045,0.3851135318597141,312.81447399999996,98.67620878772155
Cell1:cyc0000->cyc0100,Cell1,cyc0000,cyc0100,C1ch,1867,735954.8805743216,3.8395045,0.385319916386244,312.81447399999996,98.67620878772155
Cell1:cyc0000->cyc0100,Cell1,cyc0000,cyc0100,C1ch,1868,735954.8805858957,3.8395848,0.38552630028506796,312.78950299999997,98.67620878772155
Cell1:cyc0000->cyc0100,Cell1,cyc0000,cyc0100,C1ch,1869,735954.8805974697,3.8395848,0.3857326854109836,312.85191199999997,98.67620878772155
Cell1:cyc0000->cyc0100,Cell1,cyc0000,cyc0100,C1ch,1870,735954.8806090439,3.8397853,0.3859390697287734,312.926787,98.67620878772155
Cell1:cyc0000->cyc0100,Cell1,cyc0000,cyc0100,C1ch,1871,735954.880620618,3.8399055,0.386145454463735,312.96426599999995,98.67620878772155
Cell1:cyc0000->cyc0100,Cell1,cyc0000,cyc0100,C1ch,1872,735954.880632192,3.840106,0.3863518405850458,312.926787,98.67620878772155
Cell1:cyc0000->cyc0100,Cell1,cyc0000,cyc0100,C1ch,1873,735954.8806437661,3.840066,0.3865582254404908,312.90185399999996,98.67620878772155
Cell1:cyc0000->cyc0100,Cell1,cyc0000,cyc0100,C1ch,1874,735954.8806553402,3.8402264,0.3867646097919583,312.85191199999997,98.67620878772155
Cell1:cyc0000->cyc0100,Cell1,cyc0000,cyc0100,C1ch,1875,735954.8806669143,3.8402264,0.38697099552801184,312.93929099999997,98.67620878772155
Cell1:cyc0000->cyc0100,Cell1,cyc0000,cyc0100,C1ch,1876,735954.8806784883,3.8404269,0.3871773806133288,312.926787,98.67620878772155
Cell1:cyc0000->cyc0100,Cell1,cyc0000,cyc0100,C1ch,1877,735954.8806900624,3.8402665,0.38738376535387853,312.85191199999997,98.67620878772155
Cell1:cyc0000->cyc0100,Cell1,cyc0000,cyc0100,C1ch,1878,735954.8807016364,3.8406675,0.3875901494295892,312.91432,98.67620878772155
Cell1:cyc0000->cyc0100,Cell1,cyc0000,cyc0100,C1ch,1879,735954.8807132106,3.8407075,0.3877965344406739,312.87688299999996,98.67620878772155
Cell1:cyc0000->cyc0100,Cell1,cyc0000,cyc0100,C1ch,1880,735954.8807247846,3.8406274,0.3880029194799432,312.85191199999997,98.67620878772155
Cell1:cyc0000->cyc0100,Cell1,cyc0000,cyc0100,C1ch,1881,735954.8807363587,3.8407879,0.3882093037608508,312.826941,98.67620878772155
Cell1:cyc0000->cyc0100,Cell1,cyc0000,cyc0100,C1ch,1882,735954.8807479327,3.8409884,0.3884156895125563,312.864378,98.67620878772155
Cell1:cyc0000->cyc0100,Cell1,cyc0000,cyc0100,C1ch,1883,735954.8807595068,3.8409081,0.3886220739027472,312.826941,98.67620878772155
Cell1:cyc0000->cyc0100,Cell1,cyc0000,cyc0100,C1ch,1884,735954.880771081,3.8408279,0.38882845579121567,312.926787,98.67620878772155
Cell1:cyc0000->cyc0100,Cell1,cyc0000,cyc0100,C1ch,1885,735954.880782655,3.8409081,0.3890348388077325,312.91432,98.67620878772155
Cell1:cyc0000->cyc0100,Cell1,cyc0000,cyc0100,C1ch,1886,735954.8807942291,3.8413491,0.38924122307077696,312.889349,98.67620878772155
Cell1:cyc0000->cyc0100,Cell1,cyc0000,cyc0100,C1ch,1887,735954.8808058031,3.8414695,0.3894476057496067,312.889349,98.67620878772155
Cell1:cyc0000->cyc0100,Cell1,cyc0000,cyc0100,C1ch,1888,735954.8808173772,3.8415899,0.389653988537974,312.90185399999996,98.67620878772155
Cell1:cyc0000->cyc0100,Cell1,cyc0000,cyc0100,C1ch,1889,735954.8808289513,3.8417904,0.3898603730697428,312.87688299999996,98.67620878772155
Cell1:cyc0000->cyc0100,Cell1,cyc0000,cyc0100,C1ch,1890,735954.8808405254,3.8417501,0.3900667562524685,312.96426599999995,98.67620878772155
Cell1:cyc0000->cyc0100,Cell1,cyc0000,cyc0100,C1ch,1891,735954.8808520994,3.8419106,0.3902731406924235,312.90185399999996,98.67620878772155
Cell1:cyc0000->cyc0100,Cell1,cyc0000,cyc0100,C1ch,1892,735954.8808636735,3.8418705,0.3904795237160577,312.889349,98.67620878772155
Cell1:cyc0000->cyc0100,Cell1,cyc0000,cyc0100,C1ch,1893,735954.8808752475,3.842031,0.3906859093442721,312.90185399999996,98.67620878772155
Cell1:cyc0000->cyc0100,Cell1,cyc0000,cyc0100,C1ch,1894,735954.8808868217,3.8422315,0.39089229390606695,312.93929099999997,98.67620878772155
Cell1:cyc0000->cyc0100,Cell1,cyc0000,cyc0100,C1ch,1895,735954.8808983957,3.8420711,0.3910986784096443,312.90185399999996,98.67620878772155
Cell1:cyc0000->cyc0100,Cell1,cyc0000,cyc0100,C1ch,1896,735954.8809099698,3.8423116,0.3913050639333631,312.91432,98.67620878772155
Cell1:cyc0000->cyc0100,Cell1,cyc0000,cyc0100,C1ch,1897,735954.8809215439,3.8425922,0.3915114497912055,312.864378,98.67620878772155
Cell1:cyc0000->cyc0100,Cell1,cyc0000,cyc0100,C1ch,1898,735954.8809331179,3.8423517,0.3917178377512071,312.926787,98.67620878772155
Cell1:cyc0000->cyc0100,Cell1,cyc0000,cyc0100,C1ch,1899,735954.8809446921,3.8427527,0.3919242249529249,312.87688299999996,98.67620878772155
Cell1:cyc0000->cyc0100,Cell1,cyc0000,cyc0100,C1ch,1900,735954.8809562661,3.8425121,0.3921306105280253,312.951758,98.67620878772155
Cell1:cyc0000->cyc0100,Cell1,cyc0000,cyc0100,C1ch,1901,735954.8809678402,3.8431537,0.3923369974131876,312.93929099999997,98.67620878772155
Cell1:cyc0000->cyc0100,Cell1,cyc0000,cyc0100,C1ch,1902,735954.8809794142,3.8431938,0.3925433822935384,312.90185399999996,98.67620878772155
Cell1:cyc0000->cyc0100,Cell1,cyc0000,cyc0100,C1ch,1903,735954.8809909883,3.8430336,0.3927497649652913,312.93929099999997,98.67620878772155
Cell1:cyc0000->cyc0100,Cell1,cyc0000,cyc0100,C1ch,1904,735954.8810025624,3.8430336,0.3929561503440314,312.98923299999996,98.67620878772155
Cell1:cyc0000->cyc0100,Cell1,cyc0000,cyc0100,C1ch,1905,735954.8810141365,3.8431137,0.39316253529497613,312.90185399999996,98.67620878772155
Cell1:cyc0000->cyc0100,Cell1,cyc0000,cyc0100,C1ch,1906,735954.8810257105,3.8433542,0.3933689217028131,312.889349,98.67620878772155
Cell1:cyc0000->cyc0100,Cell1,cyc0000,cyc0100,C1ch,1907,735954.8810372846,3.8433142,0.3935753085702346,312.91432,98.67620878772155
Cell1:cyc0000->cyc0100,Cell1,cyc0000,cyc0100,C1ch,1908,735954.8810488586,3.8435547,0.3937816951530118,312.926787,98.67620878772155
Cell1:cyc0000->cyc0100,Cell1,cyc0000,cyc0100,C1ch,1909,735954.8810604328,3.8436351,0.3939880814475742,312.826941,98.67620878772155
Cell1:cyc0000->cyc0100,Cell1,cyc0000,cyc0100,C1ch,1910,735954.8810720068,3.8436751,0.3941944659069011,312.90185399999996,98.67620878772155
Cell1:cyc0000->cyc0100,Cell1,cyc0000,cyc0100,C1ch,1911,735954.8810835809,3.8437953,0.39440085132269964,312.91432,98.67620878772155
Cell1:cyc0000->cyc0100,Cell1,cyc0000,cyc0100,C1ch,1912,735954.881095155,3.8436751,0.39460723546915355,312.90185399999996,98.67620878772155
Cell1:cyc0000->cyc0100,Cell1,cyc0000,cyc0100,C1ch,1913,735954.881106729,3.8440361,0.39481362045717705,312.87688299999996,98.67620878772155
Cell1:cyc0000->cyc0100,Cell1,cyc0000,cyc0100,C1ch,1914,735954.8811183032,3.8441563,0.39502000565551076,312.90185399999996,98.67620878772155
Cell1:cyc0000->cyc0100,Cell1,cyc0000,cyc0100,C1ch,1915,735954.8811298772,3.8442767,0.39522639077429883,312.87688299999996,98.67620878772155
Cell1:cyc0000->cyc0100,Cell1,cyc0000,cyc0100,C1ch,1916,735954.8811414513,3.8442767,0.395432774027537,312.90185399999996,98.67620878772155
Cell1:cyc0000->cyc0100,Cell1,cyc0000,cyc0100,C1ch,1917,735954.8811530253,3.8443167,0.3956391565296699,312.85191199999997,98.67620878772155
Cell1:cyc0000->cyc0100,Cell1,cyc0000,cyc0100,C1ch,1918,735954.8811645994,3.8445573,0.3958455421839939,312.91432,98.67620878772155
Cell1:cyc0000->cyc0100,Cell1,cyc0000,cyc0100,C1ch,1919,735954.8811761735,3.8446376,0.3960519278580254,312.91432,98.67620878772155
Cell1:cyc0000->cyc0100,Cell1,cyc0000,cyc0100,C1ch,1920,735954.8811877476,3.8448782,0.39625831350551693,312.90185399999996,98.67620878772155
Cell1:cyc0000->cyc0100,Cell1,cyc0000,cyc0100,C1ch,1921,735954.8811993216,3.8445573,0.39646469900803627,312.93929099999997,98.67620878772155
Cell1:cyc0000->cyc0100,Cell1,cyc0000,cyc0100,C1ch,1922,735954.8812108957,3.8451188,0.39667108431954606,312.951758,98.67620878772155
Cell1:cyc0000->cyc0100,Cell1,cyc0000,cyc0100,C1ch,1923,735954.8812224697,3.8450387,0.3968774702923821,312.926787,98.67620878772155
Cell1:cyc0000->cyc0100,Cell1,cyc0000,cyc0100,C1ch,1924,735954.8812340439,3.8451588,0.39708385246033734,312.98923299999996,98.67620878772155
Cell1:cyc0000->cyc0100,Cell1,cyc0000,cyc0100,C1ch,1925,735954.881245618,3.8453994,0.3972902375366143,312.90185399999996,98.67620878772155
Cell1:cyc0000->cyc0100,Cell1,cyc0000,cyc0100,C1ch,1926,735954.881257192,3.8455198,0.3974966231558499,312.864378,98.67620878772155
Cell1:cyc0000->cyc0100,Cell1,cyc0000,cyc0100,C1ch,1927,735954.8812687661,3.8454397,0.3977030095228882,312.85191199999997,98.67620878772155
Cell1:cyc0000->cyc0100,Cell1,cyc0000,cyc0100,C1ch,1928,735954.8812803401,3.8455198,0.3979093964681702,312.90185399999996,98.67620878772155
Cell1:cyc0000->cyc0100,Cell1,cyc0000,cyc0100,C1ch,1929,735954.8812919143,3.8454797,0.398115782642378,312.889349,98.67620878772155
Cell1:cyc0000->cyc0100,Cell1,cyc0000,cyc0100,C1ch,1930,735954.8813034883,3.8459208,0.3983221701518148,312.91432,98.67620878772155
Cell1:cyc0000->cyc0100,Cell1,cyc0000,cyc0100,C1ch,1931,735954.8813150624,3.8458407,0.3985285586373325,312.90185399999996,98.67620878772155
Cell1:cyc0000->cyc0100,Cell1,cyc0000,cyc0100,C1ch,1932,735954.8813266364,3.8460813,0.39873494693342426,312.951758,98.67620878772155
Cell1:cyc0000->cyc0100,Cell1,cyc0000,cyc0100,C1ch,1933,735954.8813382105,3.8461614,0.3989413353868951,312.926787,98.67620878772155
Cell1:cyc0000->cyc0100,Cell1,cyc0000,cyc0100,C1ch,1934,735954.8813497846,3.8460009,0.3991477207761095,312.951758,98.67620878772155
Cell1:cyc0000->cyc0100,Cell1,cyc0000,cyc0100,C1ch,1935,735954.8813613587,3.846442,0.39935410565078727,312.926787,98.67620878772155
Cell1:cyc0000->cyc0100,Cell1,cyc0000,cyc0100,C1ch,1936,735954.8813729327,3.8464019,0.3995604928292813,312.98923299999996,98.67620878772155
Cell1:cyc0000->cyc0100,Cell1,cyc0000,cyc0100,C1ch,1937,735954.8813845068,3.8463619,0.3997668806744249,312.889349,98.67620878772155
Cell1:cyc0000->cyc0100,Cell1,cyc0000,cyc0100,C1ch,1938,735954.881396081,3.8468833,0.3999732670716247,313.00169999999997,98.67620878772155
Cell1:cyc0000->cyc0100,Cell1,cyc0000,cyc0100,C1ch,1939,735954.881407655,3.8467228,0.40017965539593503,312.926787,98.67620878772155
Cell1:cyc0000->cyc0100,Cell1,cyc0000,cyc0100,C1ch,1940,735954.8814192291,3.8467629,0.4003860409567804,312.96426599999995,98.67620878772155
Cell1:cyc0000->cyc0100,Cell1,cyc0000,cyc0100,C1ch,1941,735954.8814308031,3.8470435,0.4005924295975851,313.00169999999997,98.67620878772155
Cell1:cyc0000->cyc0100,Cell1,cyc0000,cyc0100,C1ch,1942,735954.8814423772,3.8470035,0.40079881719876104,312.96426599999995,98.67620878772155
Cell1:cyc0000->cyc0100,Cell1,cyc0000,cyc0100,C1ch,1943,735954.8814539512,3.847244,0.4010052057563308,312.926787,98.67620878772155
Cell1:cyc0000->cyc0100,Cell1,cyc0000,cyc0100,C1ch,1944,735954.8814655254,3.8474445,0.4012115944148322,312.98923299999996,98.67620878772155
Cell1:cyc0000->cyc0100,Cell1,cyc0000,cyc0100,C1ch,1945,735954.8814770994,3.8473244,0.4014179838848504,312.951758,98.67620878772155
Cell1:cyc0000->cyc0100,Cell1,cyc0000,cyc0100,C1ch,1946,735954.8814886735,3.8476853,0.4016243725469496,312.91432,98.67620878772155
Cell1:cyc0000->cyc0100,Cell1,cyc0000,cyc0100,C1ch,1947,735954.8815002475,3.8477654,0.4018307607563646,312.93929099999997,98.67620878772155
Cell1:cyc0000->cyc0100,Cell1,cyc0000,cyc0100,C1ch,1948,735954.8815118216,3.8477254,0.4020371496747572,313.00169999999997,98.67620878772155
Cell1:cyc0000->cyc0100,Cell1,cyc0000,cyc0100,C1ch,1949,735954.8815233957,3.8478858,0.40224353830854276,312.97673299999997,98.67620878772155
Cell1:cyc0000->cyc0100,Cell1,cyc0000,cyc0100,C1ch,1950,735954.8815349698,3.847966,0.4024499259132046,312.926787,98.67620878772155
Cell1:cyc0000->cyc0100,Cell1,cyc0000,cyc0100,C1ch,1951,735954.8815465439,3.8481665,0.40265631622315473,313.014166,98.67620878772155
Cell1:cyc0000->cyc0100,Cell1,cyc0000,cyc0100,C1ch,1952,735954.8815581179,3.8479259,0.4028627057089368,312.97673299999997,98.67620878772155
Cell1:cyc0000->cyc0100,Cell1,cyc0000,cyc0100,C1ch,1953,735954.881569692,3.8482466,0.4030690941325616,312.90185399999996,98.67620878772155
Cell1:cyc0000->cyc0100,Cell1,cyc0000,cyc0100,C1ch,1954,735954.8815812661,3.848367,0.4032754813694255,312.97673299999997,98.67620878772155
Cell1:cyc0000->cyc0100,Cell1,cyc0000,cyc0100,C1ch,1955,735954.8815928402,3.8487279,0.4034818684704115,312.951758,98.67620878772155
Cell1:cyc0000->cyc0100,Cell1,cyc0000,cyc0100,C1ch,1956,735954.8816044142,3.8485274,0.40368825556410387,312.98923299999996,98.67620878772155
Cell1:cyc0000->cyc0100,Cell1,cyc0000,cyc0100,C1ch,1957,735954.8816159883,3.848768,0.4038946424546509,312.951758,98.67620878772155
Cell1:cyc0000->cyc0100,Cell1,cyc0000,cyc0100,C1ch,1958,735954.8816275623,3.8490486,0.4041010297181159,312.926787,98.67620878772155
Cell1:cyc0000->cyc0100,Cell1,cyc0000,cyc0100,C1ch,1959,735954.8816391365,3.8488884,0.4043074161293165,312.97673299999997,98.67620878772155
Cell1:cyc0000->cyc0100,Cell1,cyc0000,cyc0100,C1ch,1960,735954.8816507105,3.8492091,0.40451380338026255,313.00169999999997,98.67620878772155
Cell1:cyc0000->cyc0100,Cell1,cyc0000,cyc0100,C1ch,1961,735954.8816622846,3.8492491,0.404720188633199,312.91432,98.67620878772155
Cell1:cyc0000->cyc0100,Cell1,cyc0000,cyc0100,C1ch,1962,735954.8816738586,3.8493695,0.4049265757409566,313.039141,98.67620878772155
Cell1:cyc0000->cyc0100,Cell1,cyc0000,cyc0100,C1ch,1963,735954.8816854327,3.8496101,0.40513296230084567,312.98923299999996,98.67620878772155
Cell1:cyc0000->cyc0100,Cell1,cyc0000,cyc0100,C1ch,1964,735954.8816970069,3.84953,0.40533934754000184,312.98923299999996,98.67620878772155
Cell1:cyc0000->cyc0100,Cell1,cyc0000,cyc0100,C1ch,1965,735954.8817085809,3.8498507,0.40554573524905063,312.951758,98.67620878772155
Cell1:cyc0000->cyc0100,Cell1,cyc0000,cyc0100,C1ch,1966,735954.881720155,3.849931,0.405752121994439,312.96426599999995,98.67620878772155
Cell1:cyc0000->cyc0100,Cell1,cyc0000,cyc0100,C1ch,1967,735954.881731729,3.8499711,0.4059585091995104,312.91432,98.67620878772155
Cell1:cyc0000->cyc0100,Cell1,cyc0000,cyc0100,C1ch,1968,735954.8817433032,3.8500111,0.40616489693690316,313.014166,98.67620878772155
Cell1:cyc0000->cyc0100,Cell1,cyc0000,cyc0100,C1ch,1969,735954.8817548772,3.8502517,0.40637128359763247,312.91432,98.67620878772155
Cell1:cyc0000->cyc0100,Cell1,cyc0000,cyc0100,C1ch,1970,735954.8817664513,3.8500512,0.4065776695738017,312.90185399999996,98.67620878772155
Cell1:cyc0000->cyc0100,Cell1,cyc0000,cyc0100,C1ch,1971,735954.8817780253,3.8501315,0.4067840561213311,312.97673299999997,98.67620878772155
Cell1:cyc0000->cyc0100,Cell1,cyc0000,cyc0100,C1ch,1972,735954.8817895994,3.8505726,0.4069904415988464,312.96426599999995,98.67620878772155
Cell1:cyc0000->cyc0100,Cell1,cyc0000,cyc0100,C1ch,1973,735954.8818011734,3.8505325,0.4071968292902425,312.97673299999997,98.67620878772155
Cell1:cyc0000->cyc0100,Cell1,cyc0000,cyc0100,C1ch,1974,735954.8818127476,3.8508132,0.4074032178109944,312.93929099999997,98.67620878772155
Cell1:cyc0000->cyc0100,Cell1,cyc0000,cyc0100,C1ch,1975,735954.8818243216,3.8507731,0.40760960283236025,312.951758,98.67620878772155
Cell1:cyc0000->cyc0100,Cell1,cyc0000,cyc0100,C1ch,1976,735954.8818358957,3.8509736,0.4078159886689996,312.90185399999996,98.67620878772155
Cell1:cyc0000->cyc0100,Cell1,cyc0000,cyc0100,C1ch,1977,735954.8818474698,3.8512142,0.4080223751636251,312.97673299999997,98.67620878772155
Cell1:cyc0000->cyc0100,Cell1,cyc0000,cyc0100,C1ch,1978,735954.8818590438,3.8510537,0.40822876079536596,313.014166,98.67620878772155
Cell1:cyc0000->cyc0100,Cell1,cyc0000,cyc0100,C1ch,1979,735954.881870618,3.8512943,0.4084351480607706,312.97673299999997,98.67620878772155
Cell1:cyc0000->cyc0100,Cell1,cyc0000,cyc0100,C1ch,1980,735954.881882192,3.8514147,0.4086415350025397,312.98923299999996,98.67620878772155
Cell1:cyc0000->cyc0100,Cell1,cyc0000,cyc0100,C1ch,1981,735954.8818937661,3.8512943,0.40884791942309906,312.97673299999997,98.67620878772155
Cell1:cyc0000->cyc0100,Cell1,cyc0000,cyc0100,C1ch,1982,735954.8819053401,3.8517356,0.40905430565036693,313.014166,98.67620878772155
Cell1:cyc0000->cyc0100,Cell1,cyc0000,cyc0100,C1ch,1983,735954.8819169143,3.8516953,0.40926069073376803,312.97673299999997,98.67620878772155
Cell1:cyc0000->cyc0100,Cell1,cyc0000,cyc0100,C1ch,1984,735954.8819284883,3.8519361,0.40946707683568306,313.00169999999997,98.67620878772155
Cell1:cyc0000->cyc0100,Cell1,cyc0000,cyc0100,C1ch,1985,735954.8819400624,3.8519762,0.4096734624389615,312.91432,98.67620878772155
Cell1:cyc0000->cyc0100,Cell1,cyc0000,cyc0100,C1ch,1986,735954.8819516364,3.8520162,0.4098798472836812,312.96426599999995,98.67620878772155
Cell1:cyc0000->cyc0100,Cell1,cyc0000,cyc0100,C1ch,1987,735954.8819632105,3.8522568,0.4100862329328783,312.97673299999997,98.67620878772155
Cell1:cyc0000->cyc0100,Cell1,cyc0000,cyc0100,C1ch,1988,735954.8819747845,3.8523371,0.41029262070022254,313.039141,98.67620878772155
Cell1:cyc0000->cyc0100,Cell1,cyc0000,cyc0100,C1ch,1989,735954.8819863587,3.8524973,0.4104990078170946,312.98923299999996,98.67620878772155
Cell1:cyc0000->cyc0100,Cell1,cyc0000,cyc0100,C1ch,1990,735954.8819979328,3.8524973,0.41070539345402357,313.00169999999997,98.67620878772155
Cell1:cyc0000->cyc0100,Cell1,cyc0000,cyc0100,C1ch,1991,735954.8820095068,3.8526177,0.4109117799146966,312.96426599999995,98.67620878772155
Cell1:cyc0000->cyc0100,Cell1,cyc0000,cyc0100,C1ch,1992,735954.8820210809,3.8528984,0.4111181657266134,312.98923299999996,98.67620878772155
Cell1:cyc0000->cyc0100,Cell1,cyc0000,cyc0100,C1ch,1993,735954.882032655,3.8526978,0.4113245526256714,312.97673299999997,98.67620878772155
Cell1:cyc0000->cyc0100,Cell1,cyc0000,cyc0100,C1ch,1994,735954.8820442291,3.8530989,0.4115309367736205,312.951758,98.67620878772155
Cell1:cyc0000->cyc0100,Cell1,cyc0000,cyc0100,C1ch,1995,735954.8820558031,3.8533797,0.4117373213283624,313.00169999999997,98.67620878772155
Cell1:cyc0000->cyc0100,Cell1,cyc0000,cyc0100,C1ch,1996,735954.8820673772,3.8532193,0.41194370545861475,313.051646,98.67620878772155
Cell1:cyc0000->cyc0100,Cell1,cyc0000,cyc0100,C1ch,1997,735954.8820789512,3.8534198,0.4121500904184536,312.93929099999997,98.67620878772155
Cell1:cyc0000->cyc0100,Cell1,cyc0000,cyc0100,C1ch,1998,735954.8820905254,3.8536203,0.4123564767556322,313.06411199999997,98.67620878772155
Cell1:cyc0000->cyc0100,Cell1,cyc0000,cyc0100,C1ch,1999,735954.8821020994,3.8536203,0.4125628601753574,312.96426599999995,98.67620878772155
Cell1:cyc0000->cyc0100,Cell1,cyc0000,cyc0100,C1ch,2000,735954.8821136735,3.8537407,0.41276924405841403,313.00169999999997,98.67620878772155
Cell1:cyc0000->cyc0100,Cell1,cyc0000,cyc0100,C1ch,2001,735954.8821252475,3.8537807,0.4129756286113858,312.97673299999997,98.67620878772155
Cell1:cyc0000->cyc0100,Cell1,cyc0000,cyc0100,C1ch,2002,735954.8821368216,3.8539813,0.4131820141579115,312.96426599999995,98.67620878772155
Cell1:cyc0000->cyc0100,Cell1,cyc0000,cyc0100,C1ch,2003,735954.8821483958,3.8539813,0.4133884000298529,313.039141,98.67620878772155
Cell1:cyc0000->cyc0100,Cell1,cyc0000,cyc0100,C1ch,2004,735954.8821599698,3.8543823,0.4135947876823155,312.98923299999996,98.67620878772155
Cell1:cyc0000->cyc0100,Cell1,cyc0000,cyc0100,C1ch,2005,735954.8821715439,3.854342,0.4138011747883606,312.98923299999996,98.67620878772155
Cell1:cyc0000->cyc0100,Cell1,cyc0000,cyc0100,C1ch,2006,735954.8821831179,3.8544624,0.4140075606533746,313.00169999999997,98.67620878772155
Cell1:cyc0000->cyc0100,Cell1,cyc0000,cyc0100,C1ch,2007,735954.882194692,3.8546228,0.414213947122796,312.97673299999997,98.67620878772155
Cell1:cyc0000->cyc0100,Cell1,cyc0000,cyc0100,C1ch,2008,735954.882206266,3.8544624,0.4144203328126084,312.98923299999996,98.67620878772155
Cell1:cyc0000->cyc0100,Cell1,cyc0000,cyc0100,C1ch,2009,735954.8822178402,3.8549435,0.4146267202265218,313.014166,98.67620878772155
Cell1:cyc0000->cyc0100,Cell1,cyc0000,cyc0100,C1ch,2010,735954.8822294142,3.8548634,0.4148331074581943,313.02667499999995,98.67620878772155
Cell1:cyc0000->cyc0100,Cell1,cyc0000,cyc0100,C1ch,2011,735954.8822409883,3.8549035,0.4150394929835985,313.10155,98.67620878772155
Cell1:cyc0000->cyc0100,Cell1,cyc0000,cyc0100,C1ch,2012,735954.8822525623,3.855104,0.4152458791191949,312.96426599999995,98.67620878772155
Cell1:cyc0000->cyc0100,Cell1,cyc0000,cyc0100,C1ch,2013,735954.8822641365,3.8553848,0.41545226545091757,312.97673299999997,98.67620878772155
Cell1:cyc0000->cyc0100,Cell1,cyc0000,cyc0100,C1ch,2014,735954.8822757105,3.8554649,0.4156586534553155,312.98923299999996,98.67620878772155
Cell1:cyc0000->cyc0100,Cell1,cyc0000,cyc0100,C1ch,2015,735954.8822872846,3.855505,0.4158650401441413,312.951758,98.67620878772155
Cell1:cyc0000->cyc0100,Cell1,cyc0000,cyc0100,C1ch,2016,735954.8822988587,3.8560264,0.4160714254078573,313.02667499999995,98.67620878772155
Cell1:cyc0000->cyc0100,Cell1,cyc0000,cyc0100,C1ch,2017,735954.8823104327,3.855545,0.4162778109102851,313.02667499999995,98.67620878772155
Cell1:cyc0000->cyc0100,Cell1,cyc0000,cyc0100,C1ch,2018,735954.8823220069,3.8560665,0.41648419860850694,313.039141,98.67620878772155
Cell1:cyc0000->cyc0100,Cell1,cyc0000,cyc0100,C1ch,2019,735954.8823335809,3.8560264,0.41669058321808883,313.039141,98.67620878772155
Cell1:cyc0000->cyc0100,Cell1,cyc0000,cyc0100,C1ch,2020,735954.882345155,3.856307,0.41689696741740934,313.014166,98.67620878772155
Cell1:cyc0000->cyc0100,Cell1,cyc0000,cyc0100,C1ch,2021,735954.882356729,3.8561065,0.4171033552608439,312.926787,98.67620878772155
Cell1:cyc0000->cyc0100,Cell1,cyc0000,cyc0100,C1ch,2022,735954.8823683031,3.8565075,0.4173097430298428,313.051646,98.67620878772155
Cell1:cyc0000->cyc0100,Cell1,cyc0000,cyc0100,C1ch,2023,735954.8823798771,3.8565879,0.4175161312923652,313.039141,98.67620878772155
Cell1:cyc0000->cyc0100,Cell1,cyc0000,cyc0100,C1ch,2024,735954.8823914513,3.856668,0.4177225191922641,312.98923299999996,98.67620878772155
Cell1:cyc0000->cyc0100,Cell1,cyc0000,cyc0100,C1ch,2025,735954.8824030253,3.8568285,0.41792890642911446,312.98923299999996,98.67620878772155
Cell1:cyc0000->cyc0100,Cell1,cyc0000,cyc0100,C1ch,2026,735954.8824145994,3.8571091,0.4181352941397908,312.98923299999996,98.67620878772155
Cell1:cyc0000->cyc0100,Cell1,cyc0000,cyc0100,C1ch,2027,735954.8824261734,3.857029,0.41834168237574937,313.039141,98.67620878772155
Cell1:cyc0000->cyc0100,Cell1,cyc0000,cyc0100,C1ch,2028,735954.8824377476,3.8572295,0.4185480713243036,313.014166,98.67620878772155
Cell1:cyc0000->cyc0100,Cell1,cyc0000,cyc0100,C1ch,2029,735954.8824493217,3.8572695,0.41875445883351314,313.039141,98.67620878772155
Cell1:cyc0000->cyc0100,Cell1,cyc0000,cyc0100,C1ch,2030,735954.8824608957,3.85743,0.4189608456763,313.02667499999995,98.67620878772155
Cell1:cyc0000->cyc0100,Cell1,cyc0000,cyc0100,C1ch,2031,735954.8824724698,3.8575501,0.4191672330334438,313.051646,98.67620878772155
Cell1:cyc0000->cyc0100,Cell1,cyc0000,cyc0100,C1ch,2032,735954.8824840438,3.8575904,0.4193736191247626,313.02667499999995,98.67620878772155
Cell1:cyc0000->cyc0100,Cell1,cyc0000,cyc0100,C1ch,2033,735954.882495618,3.8579912,0.4195800058083666,313.02667499999995,98.67620878772155
Cell1:cyc0000->cyc0100,Cell1,cyc0000,cyc0100,C1ch,2034,735954.882507192,3.8580716,0.41978639369088067,313.06411199999997,98.67620878772155
Cell1:cyc0000->cyc0100,Cell1,cyc0000,cyc0100,C1ch,2035,735954.8825187661,3.8579512,0.41999277817331265,313.051646,98.67620878772155
Cell1:cyc0000->cyc0100,Cell1,cyc0000,cyc0100,C1ch,2036,735954.8825303401,3.8583121,0.420199164870809,313.02667499999995,98.67620878772155
Cell1:cyc0000->cyc0100,Cell1,cyc0000,cyc0100,C1ch,2037,735954.8825419142,3.858232,0.4204055509320849,313.02667499999995,98.67620878772155
Cell1:cyc0000->cyc0100,Cell1,cyc0000,cyc0100,C1ch,2038,735954.8825534882,3.8585126,0.42061193610547215,313.02667499999995,98.67620878772155
Cell1:cyc0000->cyc0100,Cell1,cyc0000,cyc0100,C1ch,2039,735954.8825650624,3.8585527,0.4208183229535353,312.951758,98.67620878772155
Cell1:cyc0000->cyc0100,Cell1,cyc0000,cyc0100,C1ch,2040,735954.8825766364,3.8586731,0.42102471025763283,313.014166,98.67620878772155
Cell1:cyc0000->cyc0100,Cell1,cyc0000,cyc0100,C1ch,2041,735954.8825882105,3.8587933,0.4212310950404086,313.06411199999997,98.67620878772155
Cell1:cyc0000->cyc0100,Cell1,cyc0000,cyc0100,C1ch,2042,735954.8825997846,3.8590341,0.4214374799629585,313.06411199999997,98.67620878772155
Cell1:cyc0000->cyc0100,Cell1,cyc0000,cyc0100,C1ch,2043,735954.8826113587,3.8590341,0.421643865700843,313.00169999999997,98.67620878772155
Cell1:cyc0000->cyc0100,Cell1,cyc0000,cyc0100,C1ch,2044,735954.8826229328,3.8592346,0.4218502499285041,313.039141,98.67620878772155
Cell1:cyc0000->cyc0100,Cell1,cyc0000,cyc0100,C1ch,2045,735954.8826345068,3.8593147,0.4220566329664137,313.08908299999996,98.67620878772155
Cell1:cyc0000->cyc0100,Cell1,cyc0000,cyc0100,C1ch,2046,735954.8826460809,3.8596356,0.4222630167326423,313.051646,98.67620878772155
Cell1:cyc0000->cyc0100,Cell1,cyc0000,cyc0100,C1ch,2047,735954.8826576549,3.8595552,0.42246940052721826,312.97673299999997,98.67620878772155
Cell1:cyc0000->cyc0100,Cell1,cyc0000,cyc0100,C1ch,2048,735954.8826692291,3.8597157,0.42267578491402863,313.076579,98.67620878772155
Cell1:cyc0000->cyc0100,Cell1,cyc0000,cyc0100,C1ch,2049,735954.8826808031,3.8596356,0.422882170133711,313.051646,98.67620878772155
Cell1:cyc0000->cyc0100,Cell1,cyc0000,cyc0100,C1ch,2050,735954.8826923772,3.8600366,0.423088555326511,313.039141,98.67620878772155
Cell1:cyc0000->cyc0100,Cell1,cyc0000,cyc0100,C1ch,2051,735954.8827039512,3.8601968,0.4232949414176568,313.06411199999997,98.67620878772155
Cell1:cyc0000->cyc0100,Cell1,cyc0000,cyc0100,C1ch,2052,735954.8827155253,3.8601568,0.4235013275955302,313.138987,98.67620878772155
Cell1:cyc0000->cyc0100,Cell1,cyc0000,cyc0100,C1ch,2053,735954.8827270993,3.8602772,0.4237077124560716,313.051646,98.67620878772155
Cell1:cyc0000->cyc0100,Cell1,cyc0000,cyc0100,C1ch,2054,735954.8827386735,3.8603973,0.4239140994507141,313.02667499999995,98.67620878772155
Cell1:cyc0000->cyc0100,Cell1,cyc0000,cyc0100,C1ch,2055,735954.8827502476,3.8604777,0.42412048532616514,313.051646,98.67620878772155
Cell1:cyc0000->cyc0100,Cell1,cyc0000,cyc0100,C1ch,2056,735954.8827618216,3.8605978,0.4243268726816712,313.039141,98.67620878772155
Cell1:cyc0000->cyc0100,Cell1,cyc0000,cyc0100,C1ch,2057,735954.8827733957,3.8606782,0.42453326029349436,313.076579,98.67620878772155
Cell1:cyc0000->cyc0100,Cell1,cyc0000,cyc0100,C1ch,2058,735954.8827849698,3.8608787,0.4247396471520962,313.076579,98.67620878772155
Cell1:cyc0000->cyc0100,Cell1,cyc0000,cyc0100,C1ch,2059,735954.8827965439,3.8610392,0.4249460329974636,313.051646,98.67620878772155
Cell1:cyc0000->cyc0100,Cell1,cyc0000,cyc0100,C1ch,2060,735954.8828081179,3.8611193,0.4251524210513679,313.014166,98.67620878772155
Cell1:cyc0000->cyc0100,Cell1,cyc0000,cyc0100,C1ch,2061,735954.882819692,3.8613999,0.42535880793298336,313.02667499999995,98.67620878772155
Cell1:cyc0000->cyc0100,Cell1,cyc0000,cyc0100,C1ch,2062,735954.882831266,3.8614802,0.42556519504101575,313.138987,98.67620878772155
Cell1:cyc0000->cyc0100,Cell1,cyc0000,cyc0100,C1ch,2063,735954.8828428402,3.8613999,0.42577158338115784,313.051646,98.67620878772155
Cell1:cyc0000->cyc0100,Cell1,cyc0000,cyc0100,C1ch,2064,735954.8828544142,3.8618009,0.4259779720344171,313.051646,98.67620878772155
Cell1:cyc0000->cyc0100,Cell1,cyc0000,cyc0100,C1ch,2065,735954.8828659883,3.8620415,0.4261843594515551,313.039141,98.67620878772155
Cell1:cyc0000->cyc0100,Cell1,cyc0000,cyc0100,C1ch,2066,735954.8828775623,3.8619213,0.42639074776709324,313.06411199999997,98.67620878772155
Cell1:cyc0000->cyc0100,Cell1,cyc0000,cyc0100,C1ch,2067,735954.8828891364,3.8621619,0.426597136388543,313.00169999999997,98.67620878772155
Cell1:cyc0000->cyc0100,Cell1,cyc0000,cyc0100,C1ch,2068,735954.8829007106,3.8624024,0.4268035247728882,313.08908299999996,98.67620878772155
Cell1:cyc0000->cyc0100,Cell1,cyc0000,cyc0100,C1ch,2069,735954.8829122846,3.8626029,0.4270099115377876,313.08908299999996,98.67620878772155
Cell1:cyc0000->cyc0100,Cell1,cyc0000,cyc0100,C1ch,2070,735954.8829238587,3.8624024,0.4272162990893995,313.076579,98.67620878772155
Cell1:cyc0000->cyc0100,Cell1,cyc0000,cyc0100,C1ch,2071,735954.8829354327,3.8627634,0.4274226875357462,313.076579,98.67620878772155
Cell1:cyc0000->cyc0100,Cell1,cyc0000,cyc0100,C1ch,2072,735954.8829470068,3.8628435,0.42762907486113816,313.15149499999995,98.67620878772155
Cell1:cyc0000->cyc0100,Cell1,cyc0000,cyc0100,C1ch,2073,735954.8829585809,3.8630843,0.4278354628194241,313.039141,98.67620878772155
Cell1:cyc0000->cyc0100,Cell1,cyc0000,cyc0100,C1ch,2074,735954.882970155,3.863004,0.4280418505778605,313.138987,98.67620878772155
Cell1:cyc0000->cyc0100,Cell1,cyc0000,cyc0100,C1ch,2075,735954.882981729,3.8630843,0.4282482384087931,313.014166,98.67620878772155
Cell1:cyc0000->cyc0100,Cell1,cyc0000,cyc0100,C1ch,2076,735954.8829933031,3.8634853,0.42845462695037495,313.076579,98.67620878772155
Cell1:cyc0000->cyc0100,Cell1,cyc0000,cyc0100,C1ch,2077,735954.8830048771,3.8635254,0.4286610145745104,313.10155,98.67620878772155
Cell1:cyc0000->cyc0100,Cell1,cyc0000,cyc0100,C1ch,2078,735954.8830164513,3.8636055,0.4288674022391934,313.039141,98.67620878772155
Cell1:cyc0000->cyc0100,Cell1,cyc0000,cyc0100,C1ch,2079,735954.8830280253,3.863806,0.4290737886344706,313.10155,98.67620878772155
Cell1:cyc0000->cyc0100,Cell1,cyc0000,cyc0100,C1ch,2080,735954.8830395994,3.8636055,0.4292801747326388,312.97673299999997,98.67620878772155
Cell1:cyc0000->cyc0100,Cell1,cyc0000,cyc0100,C1ch,2081,735954.8830511735,3.8641269,0.42948656163712556,313.08908299999996,98.67620878772155
Cell1:cyc0000->cyc0100,Cell1,cyc0000,cyc0100,C1ch,2082,735954.8830627475,3.864167,0.4296929491303609,313.10155,98.67620878772155
Cell1:cyc0000->cyc0100,Cell1,cyc0000,cyc0100,C1ch,2083,735954.8830743217,3.864207,0.4298993377250502,313.014166,98.67620878772155
Cell1:cyc0000->cyc0100,Cell1,cyc0000,cyc0100,C1ch,2084,735954.8830858957,3.8645279,0.4301057261414117,313.06411199999997,98.67620878772155
Cell1:cyc0000->cyc0100,Cell1,cyc0000,cyc0100,C1ch,2085,735954.8830974698,3.8645279,0.430312113534,313.08908299999996,98.67620878772155
Cell1:cyc0000->cyc0100,Cell1,cyc0000,cyc0100,C1ch,2086,735954.8831090438,3.8647285,0.4305185031418864,313.051646,98.67620878772155
Cell1:cyc0000->cyc0100,Cell1,cyc0000,cyc0100,C1ch,2087,735954.883120618,3.8648889,0.4307248922264201,313.051646,98.67620878772155
Cell1:cyc0000->cyc0100,Cell1,cyc0000,cyc0100,C1ch,2088,735954.883132192,3.8650491,0.43093128059845653,313.06411199999997,98.67620878772155
Cell1:cyc0000->cyc0100,Cell1,cyc0000,cyc0100,C1ch,2089,735954.8831437661,3.8650491,0.4311376682102831,313.10155,98.67620878772155
Cell1:cyc0000->cyc0100,Cell1,cyc0000,cyc0100,C1ch,2090,735954.8831553401,3.8650894,0.43134405540646703,313.039141,98.67620878772155
Cell1:cyc0000->cyc0100,Cell1,cyc0000,cyc0100,C1ch,2091,735954.8831669142,3.8651295,0.4315504416586406,313.10155,98.67620878772155
Cell1:cyc0000->cyc0100,Cell1,cyc0000,cyc0100,C1ch,2092,735954.8831784882,3.8655705,0.4317568294632603,313.051646,98.67620878772155
Cell1:cyc0000->cyc0100,Cell1,cyc0000,cyc0100,C1ch,2093,735954.8831900624,3.8656907,0.4319632158746813,313.08908299999996,98.67620878772155
Cell1:cyc0000->cyc0100,Cell1,cyc0000,cyc0100,C1ch,2094,735954.8832016364,3.8658912,0.4321696030653619,313.11405399999995,98.67620878772155
Cell1:cyc0000->cyc0100,Cell1,cyc0000,cyc0100,C1ch,2095,735954.8832132105,3.8659716,0.4323759906487901,313.15149499999995,98.67620878772155
Cell1:cyc0000->cyc0100,Cell1,cyc0000,cyc0100,C1ch,2096,735954.8832247846,3.8660116,0.4325823781119758,313.06411199999997,98.67620878772155
Cell1:cyc0000->cyc0100,Cell1,cyc0000,cyc0100,C1ch,2097,735954.8832363586,3.8660917,0.4327887667035285,313.06411199999997,98.67620878772155
Cell1:cyc0000->cyc0100,Cell1,cyc0000,cyc0100,C1ch,2098,735954.8832479328,3.8663726,0.4329951529204983,313.10155,98.67620878772155
Cell1:cyc0000->cyc0100,Cell1,cyc0000,cyc0100,C1ch,2099,735954.8832595068,3.866533,0.4332015405995449,313.138987,98.67620878772155
Cell1:cyc0000->cyc0100,Cell1,cyc0000,cyc0100,C1ch,2100,735954.8832710809,3.8666131,0.43340792891508645,313.08908299999996,98.67620878772155
Cell1:cyc0000->cyc0100,Cell1,cyc0000,cyc0100,C1ch,2101,735954.8832826549,3.8667336,0.4336143168751119,313.051646,98.67620878772155
Cell1:cyc0000->cyc0100,Cell1,cyc0000,cyc0100,C1ch,2102,735954.883294229,3.8668938,0.4338207052507697,313.06411199999997,98.67620878772155
Cell1:cyc0000->cyc0100,Cell1,cyc0000,cyc0100,C1ch,2103,735954.883305803,3.8669741,0.43402709193434996,313.02667499999995,98.67620878772155
Cell1:cyc0000->cyc0100,Cell1,cyc0000,cyc0100,C1ch,2104,735954.8833173772,3.8672948,0.4342334803720364,313.039141,98.67620878772155
Cell1:cyc0000->cyc0100,Cell1,cyc0000,cyc0100,C1ch,2105,735954.8833289512,3.8672147,0.4344398678884243,313.12652099999997,98.67620878772155
Cell1:cyc0000->cyc0100,Cell1,cyc0000,cyc0100,C1ch,2106,735954.8833405253,3.8672547,0.4346462543280029,313.138987,98.67620878772155
Cell1:cyc0000->cyc0100,Cell1,cyc0000,cyc0100,C1ch,2107,735954.8833520993,3.8675756,0.4348526430431824,313.15149499999995,98.67620878772155
Cell1:cyc0000->cyc0100,Cell1,cyc0000,cyc0100,C1ch,2108,735954.8833636735,3.8676958,0.43505903146467423,313.12652099999997,98.67620878772155
Cell1:cyc0000->cyc0100,Cell1,cyc0000,cyc0100,C1ch,2109,735954.8833752476,3.8677762,0.4352654206006809,313.11405399999995,98.67620878772155
Cell1:cyc0000->cyc0100,Cell1,cyc0000,cyc0100,C1ch,2110,735954.8833868216,3.8680968,0.4354718071251018,313.06411199999997,98.67620878772155
Cell1:cyc0000->cyc0100,Cell1,cyc0000,cyc0100,C1ch,2111,735954.8833983957,3.8680568,0.4356781951823086,313.076579,98.67620878772155
Cell1:cyc0000->cyc0100,Cell1,cyc0000,cyc0100,C1ch,2112,735954.8834099697,3.8681772,0.4358845814998541,313.138987,98.67620878772155
Cell1:cyc0000->cyc0100,Cell1,cyc0000,cyc0100,C1ch,2113,735954.8834215439,3.8682573,0.43609097059351265,313.08908299999996,98.67620878772155
Cell1:cyc0000->cyc0100,Cell1,cyc0000,cyc0100,C1ch,2114,735954.8834331179,3.8685381,0.4362973580674879,313.12652099999997,98.67620878772155
Cell1:cyc0000->cyc0100,Cell1,cyc0000,cyc0100,C1ch,2115,735954.883444692,3.8686182,0.4365037444840698,313.12652099999997,98.67620878772155
Cell1:cyc0000->cyc0100,Cell1,cyc0000,cyc0100,C1ch,2116,735954.883456266,3.8686583,0.4367101301297912,313.10155,98.67620878772155
Cell1:cyc0000->cyc0100,Cell1,cyc0000,cyc0100,C1ch,2117,735954.8834678401,3.8688989,0.4369165163199226,313.11405399999995,98.67620878772155
Cell1:cyc0000->cyc0100,Cell1,cyc0000,cyc0100,C1ch,2118,735954.8834794142,3.8690593,0.4371229019159885,313.10155,98.67620878772155
Cell1:cyc0000->cyc0100,Cell1,cyc0000,cyc0100,C1ch,2119,735954.8834909883,3.8691797,0.4373292877596504,313.138987,98.67620878772155
Cell1:cyc0000->cyc0100,Cell1,cyc0000,cyc0100,C1ch,2120,735954.8835025623,3.8692999,0.43753567637569857,313.15149499999995,98.67620878772155
Cell1:cyc0000->cyc0100,Cell1,cyc0000,cyc0100,C1ch,2121,735954.8835141364,3.8694203,0.43774206681104527,313.10155,98.67620878772155
Cell1:cyc0000->cyc0100,Cell1,cyc0000,cyc0100,C1ch,2122,735954.8835257106,3.8694603,0.437948456868042,313.08908299999996,98.67620878772155
Cell1:cyc0000->cyc0100,Cell1,cyc0000,cyc0100,C1ch,2123,735954.8835372846,3.869741,0.43815484691273665,313.10155,98.67620878772155
Cell1:cyc0000->cyc0100,Cell1,cyc0000,cyc0100,C1ch,2124,735954.8835488587,3.8697009,0.438361232935079,313.076579,98.67620878772155
Cell1:cyc0000->cyc0100,Cell1,cyc0000,cyc0100,C1ch,2125,735954.8835604327,3.8698614,0.4385676195177816,313.076579,98.67620878772155
Cell1:cyc0000->cyc0100,Cell1,cyc0000,cyc0100,C1ch,2126,735954.8835720068,3.8703024,0.4387740043023818,313.06411199999997,98.67620878772155
Cell1:cyc0000->cyc0100,Cell1,cyc0000,cyc0100,C1ch,2127,735954.8835835808,3.8703425,0.4389803889155172,313.10155,98.67620878772155
Cell1:cyc0000->cyc0100,Cell1,cyc0000,cyc0100,C1ch,2128,735954.883595155,3.8705029,0.4391867737285597,313.08908299999996,98.67620878772155
Cell1:cyc0000->cyc0100,Cell1,cyc0000,cyc0100,C1ch,2129,735954.883606729,3.8706234,0.4393931599595879,313.10155,98.67620878772155
Cell1:cyc0000->cyc0100,Cell1,cyc0000,cyc0100,C1ch,2130,735954.8836183031,3.8706634,0.43959954600313317,313.11405399999995,98.67620878772155
Cell1:cyc0000->cyc0100,Cell1,cyc0000,cyc0100,C1ch,2131,735954.8836298771,3.8707838,0.4398059337546692,313.10155,98.67620878772155
Cell1:cyc0000->cyc0100,Cell1,cyc0000,cyc0100,C1ch,2132,735954.8836414512,3.8710244,0.4400123214706963,313.15149499999995,98.67620878772155
Cell1:cyc0000->cyc0100,Cell1,cyc0000,cyc0100,C1ch,2133,735954.8836530253,3.8709843,0.440218708028734,313.08908299999996,98.67620878772155
Cell1:cyc0000->cyc0100,Cell1,cyc0000,cyc0100,C1ch,2134,735954.8836645994,3.871305,0.440425095389462,313.11405399999995,98.67620878772155
Cell1:cyc0000->cyc0100,Cell1,cyc0000,cyc0100,C1ch,2135,735954.8836761735,3.8715858,0.44063148302606536,313.12652099999997,98.67620878772155
Cell1:cyc0000->cyc0100,Cell1,cyc0000,cyc0100,C1ch,2136,735954.8836877475,3.8717461,0.4408378700773315,313.11405399999995,98.67620878772155
Cell1:cyc0000->cyc0100,Cell1,cyc0000,cyc0100,C1ch,2137,735954.8836993217,3.8717864,0.4410442557246636,313.16396199999997,98.67620878772155
Cell1:cyc0000->cyc0100,Cell1,cyc0000,cyc0100,C1ch,2138,735954.8837108957,3.8719065,0.4412506419926792,313.16396199999997,98.67620878772155
Cell1:cyc0000->cyc0100,Cell1,cyc0000,cyc0100,C1ch,2139,735954.8837224698,3.872107,0.441457029279046,313.11405399999995,98.67620878772155
Cell1:cyc0000->cyc0100,Cell1,cyc0000,cyc0100,C1ch,2140,735954.8837340438,3.872067,0.44166341518633023,313.08908299999996,98.67620878772155
Cell1:cyc0000->cyc0100,Cell1,cyc0000,cyc0100,C1ch,2141,735954.8837456179,3.872067,0.44186980192457415,313.06411199999997,98.67620878772155
Cell1:cyc0000->cyc0100,Cell1,cyc0000,cyc0100,C1ch,2142,735954.883757192,3.8722675,0.4420761882349582,313.11405399999995,98.67620878772155
Cell1:cyc0000->cyc0100,Cell1,cyc0000,cyc0100,C1ch,2143,735954.8837687661,3.8726685,0.4422825736755778,313.201395,98.67620878772155
Cell1:cyc0000->cyc0100,Cell1,cyc0000,cyc0100,C1ch,2144,735954.8837803401,3.8727486,0.4424889582161967,313.16396199999997,98.67620878772155
Cell1:cyc0000->cyc0100,Cell1,cyc0000,cyc0100,C1ch,2145,735954.8837919142,3.8726685,0.4426953438830431,313.138987,98.67620878772155
Cell1:cyc0000->cyc0100,Cell1,cyc0000,cyc0100,C1ch,2146,735954.8838034882,3.87323,0.4429017308352458,313.11405399999995,98.67620878772155
Cell1:cyc0000->cyc0100,Cell1,cyc0000,cyc0100,C1ch,2147,735954.8838150623,3.8730295,0.4431081193998786,313.17646299999996,98.67620878772155
Cell1:cyc0000->cyc0100,Cell1,cyc0000,cyc0100,C1ch,2148,735954.8838266365,3.8733501,0.44331450918464826,313.15149499999995,98.67620878772155
Cell1:cyc0000->cyc0100,Cell1,cyc0000,cyc0100,C1ch,2149,735954.8838382105,3.8735106,0.4435208960733236,313.11405399999995,98.67620878772155
Cell1:cyc0000->cyc0100,Cell1,cyc0000,cyc0100,C1ch,2150,735954.8838497846,3.8735907,0.4437272831068691,313.15149499999995,98.67620878772155
Cell1:cyc0000->cyc0100,Cell1,cyc0000,cyc0100,C1ch,2151,735954.8838613586,3.8735507,0.44393366869600076,313.138987,98.67620878772155
Cell1:cyc0000->cyc0100,Cell1,cyc0000,cyc0100,C1ch,2152,735954.8838729328,3.8739116,0.4441400537637228,313.11405399999995,98.67620878772155
Cell1:cyc0000->cyc0100,Cell1,cyc0000,cyc0100,C1ch,2153,735954.8838845068,3.8739917,0.4443464373353848,313.15149499999995,98.67620878772155
Cell1:cyc0000->cyc0100,Cell1,cyc0000,cyc0100,C1ch,2154,735954.8838960809,3.8741522,0.4445528216478916,313.11405399999995,98.67620878772155
Cell1:cyc0000->cyc0100,Cell1,cyc0000,cyc0100,C1ch,2155,735954.8839076549,3.8743927,0.4447592061974148,313.138987,98.67620878772155
Cell1:cyc0000->cyc0100,Cell1,cyc0000,cyc0100,C1ch,2156,735954.883919229,3.8743927,0.4449655900788065,313.201395,98.67620878772155
Cell1:cyc0000->cyc0100,Cell1,cyc0000,cyc0100,C1ch,2157,735954.883930803,3.8745131,0.4451719742765436,313.17646299999996,98.67620878772155
Cell1:cyc0000->cyc0100,Cell1,cyc0000,cyc0100,C1ch,2158,735954.8839423772,3.8749142,0.4453783577725322,313.188929,98.67620878772155
Cell1:cyc0000->cyc0100,Cell1,cyc0000,cyc0100,C1ch,2159,735954.8839539512,3.8747137,0.4455847416057706,313.12652099999997,98.67620878772155
Cell1:cyc0000->cyc0100,Cell1,cyc0000,cyc0100,C1ch,2160,735954.8839655253,3.8748341,0.4457911267033725,313.201395,98.67620878772155
Cell1:cyc0000->cyc0100,Cell1,cyc0000,cyc0100,C1ch,2161,735954.8839770994,3.8754356,0.44599751202900517,313.138987,98.67620878772155
Cell1:cyc0000->cyc0100,Cell1,cyc0000,cyc0100,C1ch,2162,735954.8839886734,3.8752351,0.44620389755982803,313.12652099999997,98.67620878772155
Cell1:cyc0000->cyc0100,Cell1,cyc0000,cyc0100,C1ch,2163,735954.8840002476,3.8755958,0.4464102830127123,313.138987,98.67620878772155
Cell1:cyc0000->cyc0100,Cell1,cyc0000,cyc0100,C1ch,2164,735954.8840118216,3.8757563,0.4466166685223693,313.16396199999997,98.67620878772155
Cell1:cyc0000->cyc0100,Cell1,cyc0000,cyc0100,C1ch,2165,735954.8840233957,3.8758366,0.4468230543502028,313.138987,98.67620878772155
Cell1:cyc0000->cyc0100,Cell1,cyc0000,cyc0100,C1ch,2166,735954.8840349697,3.8757563,0.4470294392656216,313.11405399999995,98.67620878772155
Cell1:cyc0000->cyc0100,Cell1,cyc0000,cyc0100,C1ch,2167,735954.8840465439,3.8759968,0.4472358250293952,313.16396199999997,98.67620878772155
Cell1:cyc0000->cyc0100,Cell1,cyc0000,cyc0100,C1ch,2168,735954.8840581179,3.8762376,0.4474422118719991,313.188929,98.67620878772155
Cell1:cyc0000->cyc0100,Cell1,cyc0000,cyc0100,C1ch,2169,735954.884069692,3.8762376,0.44764859766080045,313.138987,98.67620878772155
Cell1:cyc0000->cyc0100,Cell1,cyc0000,cyc0100,C1ch,2170,735954.884081266,3.8762777,0.44785498279904523,313.16396199999997,98.67620878772155
Cell1:cyc0000->cyc0100,Cell1,cyc0000,cyc0100,C1ch,2171,735954.8840928401,3.8765583,0.44806136752883574,313.138987,98.67620878772155
Cell1:cyc0000->cyc0100,Cell1,cyc0000,cyc0100,C1ch,2172,735954.8841044141,3.8767989,0.4482677516892124,313.12652099999997,98.67620878772155
Cell1:cyc0000->cyc0100,Cell1,cyc0000,cyc0100,C1ch,2173,735954.8841159883,3.8770397,0.44847413757524957,313.15149499999995,98.67620878772155
Cell1:cyc0000->cyc0100,Cell1,cyc0000,cyc0100,C1ch,2174,735954.8841275624,3.8773603,0.4486805223226759,313.12652099999997,98.67620878772155
Cell1:cyc0000->cyc0100,Cell1,cyc0000,cyc0100,C1ch,2175,735954.8841391364,3.8770797,0.4488869064760268,313.08908299999996,98.67620878772155
Cell1:cyc0000->cyc0100,Cell1,cyc0000,cyc0100,C1ch,2176,735954.8841507105,3.8773603,0.44909329456698943,313.11405399999995,98.67620878772155
Cell1:cyc0000->cyc0100,Cell1,cyc0000,cyc0100,C1ch,2177,735954.8841622846,3.8773203,0.4492996818798049,313.15149499999995,98.67620878772155
Cell1:cyc0000->cyc0100,Cell1,cyc0000,cyc0100,C1ch,2178,735954.8841738587,3.8775208,0.4495060697335645,313.16396199999997,98.67620878772155
Cell1:cyc0000->cyc0100,Cell1,cyc0000,cyc0100,C1ch,2179,735954.8841854327,3.8780019,0.4497124563022563,313.15149499999995,98.67620878772155
Cell1:cyc0000->cyc0100,Cell1,cyc0000,cyc0100,C1ch,2180,735954.8841970068,3.8780019,0.4499188426480171,313.12652099999997,98.67620878772155
Cell1:cyc0000->cyc0100,Cell1,cyc0000,cyc0100,C1ch,2181,735954.8842085808,3.8782024,0.4501252298744269,313.15149499999995,98.67620878772155
Cell1:cyc0000->cyc0100,Cell1,cyc0000,cyc0100,C1ch,2182,735954.884220155,3.8783629,0.4503316167613966,313.15149499999995,98.67620878772155
Cell1:cyc0000->cyc0100,Cell1,cyc0000,cyc0100,C1ch,2183,735954.884231729,3.8783629,0.4505380026228401,313.188929,98.67620878772155
Cell1:cyc0000->cyc0100,Cell1,cyc0000,cyc0100,C1ch,2184,735954.8842433031,3.878443,0.4507443876215176,313.188929,98.67620878772155
Cell1:cyc0000->cyc0100,Cell1,cyc0000,cyc0100,C1ch,2185,735954.8842548771,3.8787639,0.4509507724857212,313.17646299999996,98.67620878772155
Cell1:cyc0000->cyc0100,Cell1,cyc0000,cyc0100,C1ch,2186,735954.8842664512,3.8788843,0.4511571564975416,313.201395,98.67620878772155
Cell1:cyc0000->cyc0100,Cell1,cyc0000,cyc0100,C1ch,2187,735954.8842780254,3.8791649,0.4513635405024482,313.188929,98.67620878772155
Cell1:cyc0000->cyc0100,Cell1,cyc0000,cyc0100,C1ch,2188,735954.8842895994,3.879245,0.4515699258071594,313.138987,98.67620878772155
Cell1:cyc0000->cyc0100,Cell1,cyc0000,cyc0100,C1ch,2189,735954.8843011735,3.8794055,0.4517763105935059,313.22637,98.67620878772155
Cell1:cyc0000->cyc0100,Cell1,cyc0000,cyc0100,C1ch,2190,735954.8843127475,3.8794456,0.4519826968189527,313.188929,98.67620878772155
Cell1:cyc0000->cyc0100,Cell1,cyc0000,cyc0100,C1ch,2191,735954.8843243216,3.8795259,0.4521890819075826,313.201395,98.67620878772155
Cell1:cyc0000->cyc0100,Cell1,cyc0000,cyc0100,C1ch,2192,735954.8843358957,3.8798065,0.45239546434431294,313.17646299999996,98.67620878772155
Cell1:cyc0000->cyc0100,Cell1,cyc0000,cyc0100,C1ch,2193,735954.8843474698,3.8800874,0.4526018516430495,313.188929,98.67620878772155
Cell1:cyc0000->cyc0100,Cell1,cyc0000,cyc0100,C1ch,2194,735954.8843590438,3.8801675,0.45280824062847896,313.17646299999996,98.67620878772155
Cell1:cyc0000->cyc0100,Cell1,cyc0000,cyc0100,C1ch,2195,735954.8843706179,3.8804481,0.4530146287335307,313.16396199999997,98.67620878772155
Cell1:cyc0000->cyc0100,Cell1,cyc0000,cyc0100,C1ch,2196,735954.8843821919,3.8805685,0.45322101623751493,313.16396199999997,98.67620878772155
Cell1:cyc0000->cyc0100,Cell1,cyc0000,cyc0100,C1ch,2197,735954.884393766,3.8805285,0.4534274027283597,313.138987,98.67620878772155
Cell1:cyc0000->cyc0100,Cell1,cyc0000,cyc0100,C1ch,2198,735954.8844053401,3.8806889,0.4536337872564324,313.188929,98.67620878772155
Cell1:cyc0000->cyc0100,Cell1,cyc0000,cyc0100,C1ch,2199,735954.8844169142,3.8810096,0.453840172195004,313.10155,98.67620878772155
Cell1:cyc0000->cyc0100,Cell1,cyc0000,cyc0100,C1ch,2200,735954.8844284883,3.88117,0.45404655838535557,313.201395,98.67620878772155
Cell1:cyc0000->cyc0100,Cell1,cyc0000,cyc0100,C1ch,2201,735954.8844400623,3.8812101,0.4542529457674662,313.12652099999997,98.67620878772155
Cell1:cyc0000->cyc0100,Cell1,cyc0000,cyc0100,C1ch,2202,735954.8844516365,3.88113,0.4544593321169467,313.201395,98.67620878772155
Cell1:cyc0000->cyc0100,Cell1,cyc0000,cyc0100,C1ch,2203,735954.8844632105,3.8814106,0.45466571630389396,313.21390399999996,98.67620878772155
Cell1:cyc0000->cyc0100,Cell1,cyc0000,cyc0100,C1ch,2204,735954.8844747846,3.8814907,0.4548721009488763,313.188929,98.67620878772155
Cell1:cyc0000->cyc0100,Cell1,cyc0000,cyc0100,C1ch,2205,735954.8844863586,3.8818517,0.4550784865096368,313.188929,98.67620878772155
Cell1:cyc0000->cyc0100,Cell1,cyc0000,cyc0100,C1ch,2206,735954.8844979327,3.8817716,0.4552848700300496,313.16396199999997,98.67620878772155
Cell1:cyc0000->cyc0100,Cell1,cyc0000,cyc0100,C1ch,2207,735954.8845095068,3.8821726,0.45549125389359196,313.21390399999996,98.67620878772155
Cell1:cyc0000->cyc0100,Cell1,cyc0000,cyc0100,C1ch,2208,735954.8845210809,3.8822927,0.4556976374689331,313.25134099999997,98.67620878772155
Cell1:cyc0000->cyc0100,Cell1,cyc0000,cyc0100,C1ch,2209,735954.8845326549,3.8823731,0.455904022888126,313.16396199999997,98.67620878772155
Cell1:cyc0000->cyc0100,Cell1,cyc0000,cyc0100,C1ch,2210,735954.884544229,3.8826537,0.4561104089068163,313.201395,98.67620878772155
Cell1:cyc0000->cyc0100,Cell1,cyc0000,cyc0100,C1ch,2211,735954.884555803,3.8828943,0.4563167949611545,313.15149499999995,98.67620878772155
Cell1:cyc0000->cyc0100,Cell1,cyc0000,cyc0100,C1ch,2212,735954.8845673772,3.8826537,0.45652317916226204,313.12652099999997,98.67620878772155
Cell1:cyc0000->cyc0100,Cell1,cyc0000,cyc0100,C1ch,2213,735954.8845789513,3.8830948,0.45672956161126027,313.16396199999997,98.67620878772155
Cell1:cyc0000->cyc0100,Cell1,cyc0000,cyc0100,C1ch,2214,735954.8845905253,3.8829746,0.4569359433759597,313.17646299999996,98.67620878772155
Cell1:cyc0000->cyc0100,Cell1,cyc0000,cyc0100,C1ch,2215,735954.8846020994,3.8832152,0.4571423272588332,313.15149499999995,98.67620878772155
Cell1:cyc0000->cyc0100,Cell1,cyc0000,cyc0100,C1ch,2216,735954.8846136734,3.8833356,0.4573487098900248,313.25134099999997,98.67620878772155
Cell1:cyc0000->cyc0100,Cell1,cyc0000,cyc0100,C1ch,2217,735954.8846252476,3.8834558,0.4575550922221239,313.12652099999997,98.67620878772155
Cell1:cyc0000->cyc0100,Cell1,cyc0000,cyc0100,C1ch,2218,735954.8846368216,3.8839371,0.4577614782214424,313.22637,98.67620878772155
Cell1:cyc0000->cyc0100,Cell1,cyc0000,cyc0100,C1ch,2219,735954.8846483957,3.8838568,0.4579678622315979,313.188929,98.67620878772155
Cell1:cyc0000->cyc0100,Cell1,cyc0000,cyc0100,C1ch,2220,735954.8846599697,3.8840973,0.458174245209354,313.17646299999996,98.67620878772155
Cell1:cyc0000->cyc0100,Cell1,cyc0000,cyc0100,C1ch,2221,735954.8846715438,3.8842578,0.45838062709608973,313.238875,98.67620878772155
Cell1:cyc0000->cyc0100,Cell1,cyc0000,cyc0100,C1ch,2222,735954.8846831179,3.8844583,0.4585870119286262,313.188929,98.67620878772155
Cell1:cyc0000->cyc0100,Cell1,cyc0000,cyc0100,C1ch,2223,735954.884694692,3.8844984,0.4587933951929219,313.16396199999997,98.67620878772155
Cell1:cyc0000->cyc0100,Cell1,cyc0000,cyc0100,C1ch,2224,735954.884706266,3.8844583,0.4589997785207723,313.201395,98.67620878772155
Cell1:cyc0000->cyc0100,Cell1,cyc0000,cyc0100,C1ch,2225,735954.8847178401,3.8848593,0.45920616239473466,313.22637,98.67620878772155
Cell1:cyc0000->cyc0100,Cell1,cyc0000,cyc0100,C1ch,2226,735954.8847294142,3.8849797,0.45941254846469465,313.15149499999995,98.67620878772155
Cell1:cyc0000->cyc0100,Cell1,cyc0000,cyc0100,C1ch,2227,735954.8847409883,3.8853407,0.4596189317781405,313.263808,98.67620878772155
Cell1:cyc0000->cyc0100,Cell1,cyc0000,cyc0100,C1ch,2228,735954.8847525624,3.8852203,0.4598253151005418,313.188929,98.67620878772155
Cell1:cyc0000->cyc0100,Cell1,cyc0000,cyc0100,C1ch,2229,735954.8847641364,3.8856213,0.46003169657522247,313.16396199999997,98.67620878772155
Cell1:cyc0000->cyc0100,Cell1,cyc0000,cyc0100,C1ch,2230,735954.8847757105,3.8856213,0.4602380793177286,313.22637,98.67620878772155
Cell1:cyc0000->cyc0100,Cell1,cyc0000,cyc0100,C1ch,2231,735954.8847872845,3.8857415,0.4604444612768927,313.188929,98.67620878772155
Cell1:cyc0000->cyc0100,Cell1,cyc0000,cyc0100,C1ch,2232,735954.8847988587,3.8857818,0.46065084450558813,313.238875,98.67620878772155
Cell1:cyc0000->cyc0100,Cell1,cyc0000,cyc0100,C1ch,2233,735954.8848104327,3.8860624,0.4608572275699903,313.22637,98.67620878772155
Cell1:cyc0000->cyc0100,Cell1,cyc0000,cyc0100,C1ch,2234,735954.8848220068,3.8860223,0.4610636085021363,313.263808,98.67620878772155
Cell1:cyc0000->cyc0100,Cell1,cyc0000,cyc0100,C1ch,2235,735954.8848335808,3.8864634,0.4612699885962456,313.201395,98.67620878772155
Cell1:cyc0000->cyc0100,Cell1,cyc0000,cyc0100,C1ch,2236,735954.884845155,3.8866239,0.46147637039272726,313.201395,98.67620878772155
Cell1:cyc0000->cyc0100,Cell1,cyc0000,cyc0100,C1ch,2237,735954.884856729,3.886744,0.4616827509250963,313.238875,98.67620878772155
Cell1:cyc0000->cyc0100,Cell1,cyc0000,cyc0100,C1ch,2238,735954.8848683031,3.8869445,0.46188913194348824,313.263808,98.67620878772155
Cell1:cyc0000->cyc0100,Cell1,cyc0000,cyc0100,C1ch,2239,735954.8848798772,3.8869445,0.4620955113831855,313.238875,98.67620878772155
Cell1:cyc0000->cyc0100,Cell1,cyc0000,cyc0100,C1ch,2240,735954.8848914512,3.887145,0.4623018923027716,313.238875,98.67620878772155
Cell1:cyc0000->cyc0100,Cell1,cyc0000,cyc0100,C1ch,2241,735954.8849030253,3.8876665,0.46250827353168056,313.21390399999996,98.67620878772155
Cell1:cyc0000->cyc0100,Cell1,cyc0000,cyc0100,C1ch,2242,735954.8849145994,3.8875461,0.46271465577551946,313.21390399999996,98.67620878772155
Cell1:cyc0000->cyc0100,Cell1,cyc0000,cyc0100,C1ch,2243,735954.8849261735,3.8877065,0.4629210372166036,313.22637,98.67620878772155
Cell1:cyc0000->cyc0100,Cell1,cyc0000,cyc0100,C1ch,2244,735954.8849377475,3.8879874,0.46312741866644963,313.12652099999997,98.67620878772155
Cell1:cyc0000->cyc0100,Cell1,cyc0000,cyc0100,C1ch,2245,735954.8849493216,3.8880675,0.4633338001022406,313.201395,98.67620878772155
Cell1:cyc0000->cyc0100,Cell1,cyc0000,cyc0100,C1ch,2246,735954.8849608956,3.8880274,0.4635401825583496,313.15149499999995,98.67620878772155
Cell1:cyc0000->cyc0100,Cell1,cyc0000,cyc0100,C1ch,2247,735954.8849724698,3.8883481,0.4637465641339315,313.22637,98.67620878772155
Cell1:cyc0000->cyc0100,Cell1,cyc0000,cyc0100,C1ch,2248,735954.8849840438,3.8884685,0.46395294475640864,313.22637,98.67620878772155
Cell1:cyc0000->cyc0100,Cell1,cyc0000,cyc0100,C1ch,2249,735954.8849956179,3.888629,0.4641593264823269,313.201395,98.67620878772155
Cell1:cyc0000->cyc0100,Cell1,cyc0000,cyc0100,C1ch,2250,735954.8850071919,3.8887894,0.4643657085884908,313.22637,98.67620878772155
Cell1:cyc0000->cyc0100,Cell1,cyc0000,cyc0100,C1ch,2251,735954.885018766,3.8888295,0.464572090332133,313.21390399999996,98.67620878772155
Cell1:cyc0000->cyc0100,Cell1,cyc0000,cyc0100,C1ch,2252,735954.8850303402,3.8888295,0.4647784715894572,313.21390399999996,98.67620878772155
Cell1:cyc0000->cyc0100,Cell1,cyc0000,cyc0100,C1ch,2253,735954.8850419142,3.8893907,0.4649848544504938,313.188929,98.67620878772155
Cell1:cyc0000->cyc0100,Cell1,cyc0000,cyc0100,C1ch,2254,735954.8850534883,3.8895512,0.4651912377426554,313.22637,98.67620878772155
Cell1:cyc0000->cyc0100,Cell1,cyc0000,cyc0100,C1ch,2255,735954.8850650623,3.8898721,0.4653976214858534,313.22637,98.67620878772155
Cell1:cyc0000->cyc0100,Cell1,cyc0000,cyc0100,C1ch,2256,735954.8850766364,3.8896716,0.4656040017723592,313.288779,98.67620878772155
Cell1:cyc0000->cyc0100,Cell1,cyc0000,cyc0100,C1ch,2257,735954.8850882105,3.8899922,0.46581038297837657,313.21390399999996,98.67620878772155
Cell1:cyc0000->cyc0100,Cell1,cyc0000,cyc0100,C1ch,2258,735954.8850997846,3.8899922,0.4660167663133172,313.238875,98.67620878772155
Cell1:cyc0000->cyc0100,Cell1,cyc0000,cyc0100,C1ch,2259,735954.8851113586,3.8901927,0.4662231511278449,313.263808,98.67620878772155
Cell1:cyc0000->cyc0100,Cell1,cyc0000,cyc0100,C1ch,2260,735954.8851229327,3.8904736,0.4664295361988865,313.188929,98.67620878772155
Cell1:cyc0000->cyc0100,Cell1,cyc0000,cyc0100,C1ch,2261,735954.8851345067,3.8905137,0.4666359221275839,313.25134099999997,98.67620878772155
Cell1:cyc0000->cyc0100,Cell1,cyc0000,cyc0100,C1ch,2262,735954.8851460809,3.8907542,0.4668423068750271,313.22637,98.67620878772155
Cell1:cyc0000->cyc0100,Cell1,cyc0000,cyc0100,C1ch,2263,735954.8851576549,3.8909547,0.46704869267255994,313.21390399999996,98.67620878772155
Cell1:cyc0000->cyc0100,Cell1,cyc0000,cyc0100,C1ch,2264,735954.885169229,3.8911552,0.4672550769921807,313.25134099999997,98.67620878772155
Cell1:cyc0000->cyc0100,Cell1,cyc0000,cyc0100,C1ch,2265,735954.8851808031,3.8910351,0.4674614604383511,313.238875,98.67620878772155
Cell1:cyc0000->cyc0100,Cell1,cyc0000,cyc0100,C1ch,2266,735954.8851923771,3.8913558,0.46766784390743,313.16396199999997,98.67620878772155
Cell1:cyc0000->cyc0100,Cell1,cyc0000,cyc0100,C1ch,2267,735954.8852039513,3.8916767,0.4678742281244202,313.25134099999997,98.67620878772155
Cell1:cyc0000->cyc0100,Cell1,cyc0000,cyc0100,C1ch,2268,735954.8852155253,3.8917167,0.46808061117801575,313.22637,98.67620878772155
Cell1:cyc0000->cyc0100,Cell1,cyc0000,cyc0100,C1ch,2269,735954.8852270994,3.8918371,0.46828699447574873,313.15149499999995,98.67620878772155
Cell1:cyc0000->cyc0100,Cell1,cyc0000,cyc0100,C1ch,2270,735954.8852386734,3.8920777,0.4684933757984212,313.238875,98.67620878772155
Cell1:cyc0000->cyc0100,Cell1,cyc0000,cyc0100,C1ch,2271,735954.8852502475,3.8924787,0.4686997575982903,313.263808,98.67620878772155
Cell1:cyc0000->cyc0100,Cell1,cyc0000,cyc0100,C1ch,2272,735954.8852618216,3.8926392,0.4689061384771559,313.201395,98.67620878772155
Cell1:cyc0000->cyc0100,Cell1,cyc0000,cyc0100,C1ch,2273,735954.8852733957,3.8927193,0.4691125186947055,313.17646299999996,98.67620878772155
Cell1:cyc0000->cyc0100,Cell1,cyc0000,cyc0100,C1ch,2274,735954.8852849697,3.8923984,0.4693188990960015,313.238875,98.67620878772155
Cell1:cyc0000->cyc0100,Cell1,cyc0000,cyc0100,C1ch,2275,735954.8852965438,3.8929198,0.4695252801694404,313.22637,98.67620878772155
Cell1:cyc0000->cyc0100,Cell1,cyc0000,cyc0100,C1ch,2276,735954.8853081178,3.8930402,0.4697316614567871,313.238875,98.67620878772155
Cell1:cyc0000->cyc0100,Cell1,cyc0000,cyc0100,C1ch,2277,735954.885319692,3.8931603,0.4699380419574145,313.238875,98.67620878772155
Cell1:cyc0000->cyc0100,Cell1,cyc0000,cyc0100,C1ch,2278,735954.8853312661,3.8930402,0.4701444221785516,313.25134099999997,98.67620878772155
Cell1:cyc0000->cyc0100,Cell1,cyc0000,cyc0100,C1ch,2279,735954.8853428401,3.8934009,0.4703508035365228,313.238875,98.67620878772155
Cell1:cyc0000->cyc0100,Cell1,cyc0000,cyc0100,C1ch,2280,735954.8853544142,3.893842,0.470557185884552,313.263808,98.67620878772155
Cell1:cyc0000->cyc0100,Cell1,cyc0000,cyc0100,C1ch,2281,735954.8853659882,3.8939223,0.4707635681600071,313.238875,98.67620878772155
Cell1:cyc0000->cyc0100,Cell1,cyc0000,cyc0100,C1ch,2282,735954.8853775624,3.8939624,0.47096995150734106,313.17646299999996,98.67620878772155
Cell1:cyc0000->cyc0100,Cell1,cyc0000,cyc0100,C1ch,2283,735954.8853891364,3.8942029,0.47117633289355465,313.25134099999997,98.67620878772155
Cell1:cyc0000->cyc0100,Cell1,cyc0000,cyc0100,C1ch,2284,735954.8854007105,3.894243,0.47138271640690443,313.25134099999997,98.67620878772155
Cell1:cyc0000->cyc0100,Cell1,cyc0000,cyc0100,C1ch,2285,735954.8854122845,3.894604,0.471589099762892,313.21390399999996,98.67620878772155
Cell1:cyc0000->cyc0100,Cell1,cyc0000,cyc0100,C1ch,2286,735954.8854238587,3.8946843,0.4717954830075209,313.25134099999997,98.67620878772155
Cell1:cyc0000->cyc0100,Cell1,cyc0000,cyc0100,C1ch,2287,735954.8854354327,3.8949249,0.4720018657005276,313.238875,98.67620878772155
Cell1:cyc0000->cyc0100,Cell1,cyc0000,cyc0100,C1ch,2288,735954.8854470068,3.8951654,0.472208248236067,313.22637,98.67620878772155
Cell1:cyc0000->cyc0100,Cell1,cyc0000,cyc0100,C1ch,2289,735954.8854585808,3.8953259,0.472414632037601,313.238875,98.67620878772155
Cell1:cyc0000->cyc0100,Cell1,cyc0000,cyc0100,C1ch,2290,735954.8854701549,3.8952055,0.4726210162103407,313.25134099999997,98.67620878772155
Cell1:cyc0000->cyc0100,Cell1,cyc0000,cyc0100,C1ch,2291,735954.8854817289,3.8955665,0.47282739888041864,313.238875,98.67620878772155
Cell1:cyc0000->cyc0100,Cell1,cyc0000,cyc0100,C1ch,2292,735954.8854933031,3.8957269,0.473033782581326,313.17646299999996,98.67620878772155
Cell1:cyc0000->cyc0100,Cell1,cyc0000,cyc0100,C1ch,2293,735954.8855048772,3.895767,0.4732401677813517,313.263808,98.67620878772155
Cell1:cyc0000->cyc0100,Cell1,cyc0000,cyc0100,C1ch,2294,735954.8855164512,3.8959675,0.4734465504829339,313.25134099999997,98.67620878772155
Cell1:cyc0000->cyc0100,Cell1,cyc0000,cyc0100,C1ch,2295,735954.8855280253,3.8960075,0.47365293522327684,313.25134099999997,98.67620878772155
Cell1:cyc0000->cyc0100,Cell1,cyc0000,cyc0100,C1ch,2296,735954.8855395993,3.8962884,0.4738593178206923,313.25134099999997,98.67620878772155
Cell1:cyc0000->cyc0100,Cell1,cyc0000,cyc0100,C1ch,2297,735954.8855511735,3.8963685,0.47406570153911665,313.22637,98.67620878772155
Cell1:cyc0000->cyc0100,Cell1,cyc0000,cyc0100,C1ch,2298,735954.8855627475,3.8967295,0.4742720845146892,313.288779,98.67620878772155
Cell1:cyc0000->cyc0100,Cell1,cyc0000,cyc0100,C1ch,2299,735954.8855743216,3.89697,0.47447846863455867,313.263808,98.67620878772155
Cell1:cyc0000->cyc0100,Cell1,cyc0000,cyc0100,C1ch,2300,735954.8855858956,3.8970101,0.47468485329551535,313.188929,98.67620878772155
Cell1:cyc0000->cyc0100,Cell1,cyc0000,cyc0100,C1ch,2301,735954.8855974698,3.8972907,0.4748912364056702,313.22637,98.67620878772155
Cell1:cyc0000->cyc0100,Cell1,cyc0000,cyc0100,C1ch,2302,735954.8856090438,3.8973711,0.47509762089864765,313.263808,98.67620878772155
Cell1:cyc0000->cyc0100,Cell1,cyc0000,cyc0100,C1ch,2303,735954.8856206179,3.8975315,0.4753040051264852,313.22637,98.67620878772155
Cell1:cyc0000->cyc0100,Cell1,cyc0000,cyc0100,C1ch,2304,735954.8856321919,3.8976917,0.47551039083419117,313.25134099999997,98.67620878772155
Cell1:cyc0000->cyc0100,Cell1,cyc0000,cyc0100,C1ch,2305,735954.885643766,3.8978522,0.4757167766690232,313.25134099999997,98.67620878772155
Cell1:cyc0000->cyc0100,Cell1,cyc0000,cyc0100,C1ch,2306,735954.8856553402,3.8980527,0.47592315991901646,313.25134099999997,98.67620878772155
Cell1:cyc0000->cyc0100,Cell1,cyc0000,cyc0100,C1ch,2307,735954.8856669142,3.8980927,0.4761295441165567,313.27631199999996,98.67620878772155
Cell1:cyc0000->cyc0100,Cell1,cyc0000,cyc0100,C1ch,2308,735954.8856784883,3.8982933,0.4763359279588081,313.326216,98.67620878772155
Cell1:cyc0000->cyc0100,Cell1,cyc0000,cyc0100,C1ch,2309,735954.8856900623,3.8985741,0.4765423108301799,313.21390399999996,98.67620878772155
Cell1:cyc0000->cyc0100,Cell1,cyc0000,cyc0100,C1ch,2310,735954.8857016364,3.8988147,0.4767486972309468,313.27631199999996,98.67620878772155
Cell1:cyc0000->cyc0100,Cell1,cyc0000,cyc0100,C1ch,2311,735954.8857132104,3.8987346,0.4769550820952963,313.288779,98.67620878772155
Cell1:cyc0000->cyc0100,Cell1,cyc0000,cyc0100,C1ch,2312,735954.8857247846,3.8992558,0.4771614682748312,313.21390399999996,98.67620878772155
Cell1:cyc0000->cyc0100,Cell1,cyc0000,cyc0100,C1ch,2313,735954.8857363586,3.8989751,0.47736785473756244,313.33872099999996,98.67620878772155
Cell1:cyc0000->cyc0100,Cell1,cyc0000,cyc0100,C1ch,2314,735954.8857479327,3.8991356,0.477574241318434,313.263808,98.67620878772155
Cell1:cyc0000->cyc0100,Cell1,cyc0000,cyc0100,C1ch,2315,735954.8857595067,3.8995767,0.47778062675572025,313.25134099999997,98.67620878772155
Cell1:cyc0000->cyc0100,Cell1,cyc0000,cyc0100,C1ch,2316,735954.8857710809,3.8998172,0.47798701284702205,313.263808,98.67620878772155
Cell1:cyc0000->cyc0100,Cell1,cyc0000,cyc0100,C1ch,2317,735954.8857826549,3.8999777,0.4781933996472134,313.27631199999996,98.67620878772155
Cell1:cyc0000->cyc0100,Cell1,cyc0000,cyc0100,C1ch,2318,735954.885794229,3.9001381,0.478399787587938,313.263808,98.67620878772155
Cell1:cyc0000->cyc0100,Cell1,cyc0000,cyc0100,C1ch,2319,735954.8858058031,3.9002583,0.4786061741246202,313.22637,98.67620878772155
Cell1:cyc0000->cyc0100,Cell1,cyc0000,cyc0100,C1ch,2320,735954.8858173771,3.9006193,0.4788125612802565,313.238875,98.67620878772155
Cell1:cyc0000->cyc0100,Cell1,cyc0000,cyc0100,C1ch,2321,735954.8858289513,3.9006994,0.47901894817950436,313.30128299999996,98.67620878772155
Cell1:cyc0000->cyc0100,Cell1,cyc0000,cyc0100,C1ch,2322,735954.8858405253,3.9008198,0.4792253347552931,313.263808,98.67620878772155
Cell1:cyc0000->cyc0100,Cell1,cyc0000,cyc0100,C1ch,2323,735954.8858520994,3.9008999,0.4794317193065321,313.33872099999996,98.67620878772155
Cell1:cyc0000->cyc0100,Cell1,cyc0000,cyc0100,C1ch,2324,735954.8858636734,3.9010603,0.4796381076857164,313.288779,98.67620878772155
Cell1:cyc0000->cyc0100,Cell1,cyc0000,cyc0100,C1ch,2325,735954.8858752475,3.9012609,0.4798444965970934,313.27631199999996,98.67620878772155
Cell1:cyc0000->cyc0100,Cell1,cyc0000,cyc0100,C1ch,2326,735954.8858868215,3.9015415,0.4800508859168227,313.288779,98.67620878772155
Cell1:cyc0000->cyc0100,Cell1,cyc0000,cyc0100,C1ch,2327,735954.8858983957,3.9014213,0.4802572724749382,313.30128299999996,98.67620878772155
Cell1:cyc0000->cyc0100,Cell1,cyc0000,cyc0100,C1ch,2328,735954.8859099697,3.9019425,0.48046365977897815,313.263808,98.67620878772155
Cell1:cyc0000->cyc0100,Cell1,cyc0000,cyc0100,C1ch,2329,735954.8859215438,3.9019425,0.48067004635111826,313.288779,98.67620878772155
Cell1:cyc0000->cyc0100,Cell1,cyc0000,cyc0100,C1ch,2330,735954.8859331178,3.9020629,0.4808764323414612,313.27631199999996,98.67620878772155
Cell1:cyc0000->cyc0100,Cell1,cyc0000,cyc0100,C1ch,2331,735954.885944692,3.902544,0.48108281983992507,313.27631199999996,98.67620878772155
Cell1:cyc0000->cyc0100,Cell1,cyc0000,cyc0100,C1ch,2332,735954.8859562661,3.9024639,0.4812892049906548,313.238875,98.67620878772155
Cell1:cyc0000->cyc0100,Cell1,cyc0000,cyc0100,C1ch,2333,735954.8859678401,3.9028249,0.4814955903147176,313.33872099999996,98.67620878772155
Cell1:cyc0000->cyc0100,Cell1,cyc0000,cyc0100,C1ch,2334,735954.8859794142,3.9028649,0.48170197547597926,313.263808,98.67620878772155
Cell1:cyc0000->cyc0100,Cell1,cyc0000,cyc0100,C1ch,2335,735954.8859909882,3.9031055,0.48190835872963117,313.27631199999996,98.67620878772155
Cell1:cyc0000->cyc0100,Cell1,cyc0000,cyc0100,C1ch,2336,735954.8860025624,3.903266,0.482114741609904,313.263808,98.67620878772155
Cell1:cyc0000->cyc0100,Cell1,cyc0000,cyc0100,C1ch,2337,735954.8860141364,3.903306,0.48232112602831356,313.288779,98.67620878772155
Cell1:cyc0000->cyc0100,Cell1,cyc0000,cyc0100,C1ch,2338,735954.8860257105,3.9034665,0.48252751154685475,313.288779,98.67620878772155
Cell1:cyc0000->cyc0100,Cell1,cyc0000,cyc0100,C1ch,2339,735954.8860372845,3.9039075,0.482733895390876,313.33872099999996,98.67620878772155
Cell1:cyc0000->cyc0100,Cell1,cyc0000,cyc0100,C1ch,2340,735954.8860488586,3.9039075,0.4829402795991651,313.288779,98.67620878772155
Cell1:cyc0000->cyc0100,Cell1,cyc0000,cyc0100,C1ch,2341,735954.8860604326,3.9042284,0.48314666604231427,313.326216,98.67620878772155
Cell1:cyc0000->cyc0100,Cell1,cyc0000,cyc0100,C1ch,2342,735954.8860720068,3.9041884,0.48335305295568165,313.288779,98.67620878772155
Cell1:cyc0000->cyc0100,Cell1,cyc0000,cyc0100,C1ch,2343,735954.8860835808,3.904469,0.4835594406522115,313.31374999999997,98.67620878772155
Cell1:cyc0000->cyc0100,Cell1,cyc0000,cyc0100,C1ch,2344,735954.8860951549,3.9046295,0.4837658285680813,313.25134099999997,98.67620878772155
Cell1:cyc0000->cyc0100,Cell1,cyc0000,cyc0100,C1ch,2345,735954.886106729,3.9045894,0.483972214880249,313.25134099999997,98.67620878772155
Cell1:cyc0000->cyc0100,Cell1,cyc0000,cyc0100,C1ch,2346,735954.886118303,3.9051907,0.4841786011094191,313.31374999999997,98.67620878772155
Cell1:cyc0000->cyc0100,Cell1,cyc0000,cyc0100,C1ch,2347,735954.8861298772,3.9051507,0.48438498582692463,313.326216,98.67620878772155
Cell1:cyc0000->cyc0100,Cell1,cyc0000,cyc0100,C1ch,2348,735954.8861414512,3.9054716,0.4845913719075249,313.326216,98.67620878772155
Cell1:cyc0000->cyc0100,Cell1,cyc0000,cyc0100,C1ch,2349,735954.8861530253,3.905632,0.4847977575708991,313.27631199999996,98.67620878772155
Cell1:cyc0000->cyc0100,Cell1,cyc0000,cyc0100,C1ch,2350,735954.8861645993,3.9057522,0.4850041431599867,313.31374999999997,98.67620878772155
Cell1:cyc0000->cyc0100,Cell1,cyc0000,cyc0100,C1ch,2351,735954.8861761735,3.9057922,0.4852105280877821,313.263808,98.67620878772155
Cell1:cyc0000->cyc0100,Cell1,cyc0000,cyc0100,C1ch,2352,735954.8861877475,3.906033,0.4854169142125075,313.30128299999996,98.67620878772155
Cell1:cyc0000->cyc0100,Cell1,cyc0000,cyc0100,C1ch,2353,735954.8861993216,3.9063137,0.485623301870263,313.326216,98.67620878772155
Cell1:cyc0000->cyc0100,Cell1,cyc0000,cyc0100,C1ch,2354,735954.8862108956,3.9064341,0.48582968739049276,313.33872099999996,98.67620878772155
Cell1:cyc0000->cyc0100,Cell1,cyc0000,cyc0100,C1ch,2355,735954.8862224697,3.9066746,0.486036074740682,313.351187,98.67620878772155
Cell1:cyc0000->cyc0100,Cell1,cyc0000,cyc0100,C1ch,2356,735954.8862340437,3.9069552,0.4862424610547452,313.288779,98.67620878772155
Cell1:cyc0000->cyc0100,Cell1,cyc0000,cyc0100,C1ch,2357,735954.8862456179,3.9067547,0.4864488440128275,313.30128299999996,98.67620878772155
Cell1:cyc0000->cyc0100,Cell1,cyc0000,cyc0100,C1ch,2358,735954.886257192,3.9071558,0.48665522937565114,313.288779,98.67620878772155
Cell1:cyc0000->cyc0100,Cell1,cyc0000,cyc0100,C1ch,2359,735954.886268766,3.9071958,0.4868616139480794,313.25134099999997,98.67620878772155
Cell1:cyc0000->cyc0100,Cell1,cyc0000,cyc0100,C1ch,2360,735954.8862803401,3.9073963,0.4870679981828206,313.31374999999997,98.67620878772155
Cell1:cyc0000->cyc0100,Cell1,cyc0000,cyc0100,C1ch,2361,735954.8862919142,3.9076772,0.4872743823257175,313.31374999999997,98.67620878772155
Cell1:cyc0000->cyc0100,Cell1,cyc0000,cyc0100,C1ch,2362,735954.8863034883,3.9077172,0.4874807670996331,313.351187,98.67620878772155
Cell1:cyc0000->cyc0100,Cell1,cyc0000,cyc0100,C1ch,2363,735954.8863150623,3.9079578,0.4876871515836758,313.31374999999997,98.67620878772155
Cell1:cyc0000->cyc0100,Cell1,cyc0000,cyc0100,C1ch,2364,735954.8863266364,3.9080381,0.4878935348071526,313.22637,98.67620878772155
Cell1:cyc0000->cyc0100,Cell1,cyc0000,cyc0100,C1ch,2365,735954.8863382104,3.9084792,0.4880999194025437,313.27631199999996,98.67620878772155
Cell1:cyc0000->cyc0100,Cell1,cyc0000,cyc0100,C1ch,2366,735954.8863497846,3.9083989,0.4883063047191976,313.326216,98.67620878772155
Cell1:cyc0000->cyc0100,Cell1,cyc0000,cyc0100,C1ch,2367,735954.8863613586,3.9087198,0.4885126907554796,313.21390399999996,98.67620878772155
Cell1:cyc0000->cyc0100,Cell1,cyc0000,cyc0100,C1ch,2368,735954.8863729327,3.9090807,0.4887190758741354,313.31374999999997,98.67620878772155
Cell1:cyc0000->cyc0100,Cell1,cyc0000,cyc0100,C1ch,2369,735954.8863845067,3.9090405,0.4889254596935832,313.31374999999997,98.67620878772155
Cell1:cyc0000->cyc0100,Cell1,cyc0000,cyc0100,C1ch,2370,735954.8863960808,3.9092813,0.48913184524356423,313.31374999999997,98.67620878772155
Cell1:cyc0000->cyc0100,Cell1,cyc0000,cyc0100,C1ch,2371,735954.886407655,3.9095619,0.4893382328448487,313.326216,98.67620878772155
Cell1:cyc0000->cyc0100,Cell1,cyc0000,cyc0100,C1ch,2372,735954.886419229,3.9098024,0.4895446205219896,313.288779,98.67620878772155
Cell1:cyc0000->cyc0100,Cell1,cyc0000,cyc0100,C1ch,2373,735954.8864308031,3.9096019,0.4897510073117032,313.31374999999997,98.67620878772155
Cell1:cyc0000->cyc0100,Cell1,cyc0000,cyc0100,C1ch,2374,735954.8864423771,3.9100029,0.4899573937547777,313.288779,98.67620878772155
Cell1:cyc0000->cyc0100,Cell1,cyc0000,cyc0100,C1ch,2375,735954.8864539512,3.910404,0.4901637797223613,313.351187,98.67620878772155
Cell1:cyc0000->cyc0100,Cell1,cyc0000,cyc0100,C1ch,2376,735954.8864655253,3.910404,0.49037016800070526,313.27631199999996,98.67620878772155
Cell1:cyc0000->cyc0100,Cell1,cyc0000,cyc0100,C1ch,2377,735954.8864770994,3.9105644,0.49057655614295786,313.326216,98.67620878772155
Cell1:cyc0000->cyc0100,Cell1,cyc0000,cyc0100,C1ch,2378,735954.8864886734,3.9106445,0.49078294784620485,313.30128299999996,98.67620878772155
Cell1:cyc0000->cyc0100,Cell1,cyc0000,cyc0100,C1ch,2379,735954.8865002475,3.9110456,0.490989336442966,313.326216,98.67620878772155
Cell1:cyc0000->cyc0100,Cell1,cyc0000,cyc0100,C1ch,2380,735954.8865118215,3.9110055,0.4911957248063084,313.30128299999996,98.67620878772155
Cell1:cyc0000->cyc0100,Cell1,cyc0000,cyc0100,C1ch,2381,735954.8865233957,3.9113665,0.4914021138413256,313.31374999999997,98.67620878772155
Cell1:cyc0000->cyc0100,Cell1,cyc0000,cyc0100,C1ch,2382,735954.8865349697,3.9114065,0.4916085045454983,313.351187,98.67620878772155
Cell1:cyc0000->cyc0100,Cell1,cyc0000,cyc0100,C1ch,2383,735954.8865465438,3.9115269,0.4918148921252644,313.36369199999996,98.67620878772155
Cell1:cyc0000->cyc0100,Cell1,cyc0000,cyc0100,C1ch,2384,735954.8865581179,3.9116874,0.49202127873451057,313.33872099999996,98.67620878772155
Cell1:cyc0000->cyc0100,Cell1,cyc0000,cyc0100,C1ch,2385,735954.8865696919,3.9119279,0.4922276665195448,313.326216,98.67620878772155
Cell1:cyc0000->cyc0100,Cell1,cyc0000,cyc0100,C1ch,2386,735954.8865812661,3.9121284,0.49243405622304276,313.36369199999996,98.67620878772155
Cell1:cyc0000->cyc0100,Cell1,cyc0000,cyc0100,C1ch,2387,735954.8865928401,3.912369,0.49264044339972257,313.36369199999996,98.67620878772155
Cell1:cyc0000->cyc0100,Cell1,cyc0000,cyc0100,C1ch,2388,735954.8866044142,3.9126496,0.4928468319997999,313.43856999999997,98.67620878772155
Cell1:cyc0000->cyc0100,Cell1,cyc0000,cyc0100,C1ch,2389,735954.8866159882,3.9126496,0.4930532200926141,313.376158,98.67620878772155
Cell1:cyc0000->cyc0100,Cell1,cyc0000,cyc0100,C1ch,2390,735954.8866275623,3.9130106,0.4932596069920858,313.288779,98.67620878772155
Cell1:cyc0000->cyc0100,Cell1,cyc0000,cyc0100,C1ch,2391,735954.8866391364,3.9130507,0.4934659945347256,313.351187,98.67620878772155
Cell1:cyc0000->cyc0100,Cell1,cyc0000,cyc0100,C1ch,2392,735954.8866507105,3.9130507,0.4936723811794061,313.263808,98.67620878772155
Cell1:cyc0000->cyc0100,Cell1,cyc0000,cyc0100,C1ch,2393,735954.8866622845,3.9134917,0.4938787680910746,313.31374999999997,98.67620878772155
Cell1:cyc0000->cyc0100,Cell1,cyc0000,cyc0100,C1ch,2394,735954.8866738586,3.9138927,0.49408515686956794,313.36369199999996,98.67620878772155
Cell1:cyc0000->cyc0100,Cell1,cyc0000,cyc0100,C1ch,2395,735954.8866854326,3.9138527,0.49429154647603346,313.30128299999996,98.67620878772155
Cell1:cyc0000->cyc0100,Cell1,cyc0000,cyc0100,C1ch,2396,735954.8866970068,3.9140933,0.4944979368814561,313.27631199999996,98.67620878772155
Cell1:cyc0000->cyc0100,Cell1,cyc0000,cyc0100,C1ch,2397,735954.8867085809,3.9142137,0.4947043274477064,313.351187,98.67620878772155
Cell1:cyc0000->cyc0100,Cell1,cyc0000,cyc0100,C1ch,2398,735954.8867201549,3.9143341,0.4949107138147752,313.36369199999996,98.67620878772155
Cell1:cyc0000->cyc0100,Cell1,cyc0000,cyc0100,C1ch,2399,735954.886731729,3.9144943,0.4951171011065674,313.40113299999996,98.67620878772155
Cell1:cyc0000->cyc0100,Cell1,cyc0000,cyc0100,C1ch,2400,735954.886743303,3.9147351,0.4953234889376289,313.388625,98.67620878772155
Cell1:cyc0000->cyc0100,Cell1,cyc0000,cyc0100,C1ch,2401,735954.8867548772,3.9149356,0.49552987843614027,313.376158,98.67620878772155
Cell1:cyc0000->cyc0100,Cell1,cyc0000,cyc0100,C1ch,2402,735954.8867664512,3.9152963,0.4957362677790731,313.40113299999996,98.67620878772155
Cell1:cyc0000->cyc0100,Cell1,cyc0000,cyc0100,C1ch,2403,735954.8867780253,3.9155371,0.4959426572172682,313.351187,98.67620878772155
Cell1:cyc0000->cyc0100,Cell1,cyc0000,cyc0100,C1ch,2404,735954.8867895993,3.9155371,0.4961490469347263,313.376158,98.67620878772155
Cell1:cyc0000->cyc0100,Cell1,cyc0000,cyc0100,C1ch,2405,735954.8868011734,3.9156573,0.4963554346773818,313.376158,98.67620878772155
Cell1:cyc0000->cyc0100,Cell1,cyc0000,cyc0100,C1ch,2406,735954.8868127475,3.9156973,0.496561821939175,313.263808,98.67620878772155
Cell1:cyc0000->cyc0100,Cell1,cyc0000,cyc0100,C1ch,2407,735954.8868243216,3.9162989,0.4967682106082798,313.351187,98.67620878772155
Cell1:cyc0000->cyc0100,Cell1,cyc0000,cyc0100,C1ch,2408,735954.8868358956,3.9161787,0.49697459884410267,313.33872099999996,98.67620878772155
Cell1:cyc0000->cyc0100,Cell1,cyc0000,cyc0100,C1ch,2409,735954.8868474697,3.9165797,0.4971809869263272,313.36369199999996,98.67620878772155
Cell1:cyc0000->cyc0100,Cell1,cyc0000,cyc0100,C1ch,2410,735954.8868590439,3.9166198,0.497387375328576,313.33872099999996,98.67620878772155
Cell1:cyc0000->cyc0100,Cell1,cyc0000,cyc0100,C1ch,2411,735954.8868706179,3.9167802,0.4975937653168165,313.36369199999996,98.67620878772155
Cell1:cyc0000->cyc0100,Cell1,cyc0000,cyc0100,C1ch,2412,735954.886882192,3.9170208,0.4978001555896945,313.33872099999996,98.67620878772155
Cell1:cyc0000->cyc0100,Cell1,cyc0000,cyc0100,C1ch,2413,735954.886893766,3.9170208,0.49800654542389927,313.33872099999996,98.67620878772155
Cell1:cyc0000->cyc0100,Cell1,cyc0000,cyc0100,C1ch,2414,735954.8869053401,3.9172213,0.4982129381719767,313.326216,98.67620878772155
Cell1:cyc0000->cyc0100,Cell1,cyc0000,cyc0100,C1ch,2415,735954.8869169141,3.9175823,0.498419330417945,313.31374999999997,98.67620878772155
Cell1:cyc0000->cyc0100,Cell1,cyc0000,cyc0100,C1ch,2416,735954.8869284883,3.9176223,0.4986257207455411,313.351187,98.67620878772155
Cell1:cyc0000->cyc0100,Cell1,cyc0000,cyc0100,C1ch,2417,735954.8869400623,3.9180634,0.49883210979316195,313.326216,98.67620878772155
Cell1:cyc0000->cyc0100,Cell1,cyc0000,cyc0100,C1ch,2418,735954.8869516364,3.9182639,0.4990384986056552,313.376158,98.67620878772155
Cell1:cyc0000->cyc0100,Cell1,cyc0000,cyc0100,C1ch,2419,735954.8869632104,3.918344,0.49924488681316803,313.326216,98.67620878772155
Cell1:cyc0000->cyc0100,Cell1,cyc0000,cyc0100,C1ch,2420,735954.8869747845,3.9185848,0.49945127467931794,313.30128299999996,98.67620878772155
Cell1:cyc0000->cyc0100,Cell1,cyc0000,cyc0100,C1ch,2421,735954.8869863586,3.9188254,0.4996576628004761,313.288779,98.67620878772155
Cell1:cyc0000->cyc0100,Cell1,cyc0000,cyc0100,C1ch,2422,735954.8869979327,3.9187853,0.49986404982514104,313.326216,98.67620878772155
Cell1:cyc0000->cyc0100,Cell1,cyc0000,cyc0100,C1ch,2423,735954.8870095068,3.9192665,0.5000704386993848,313.388625,98.67620878772155
Cell1:cyc0000->cyc0100,Cell1,cyc0000,cyc0100,C1ch,2424,735954.8870210808,3.919507,0.5002768274941677,313.27631199999996,98.67620878772155
Cell1:cyc0000->cyc0100,Cell1,cyc0000,cyc0100,C1ch,2425,735954.887032655,3.9193869,0.5004832161508077,313.376158,98.67620878772155
Cell1:cyc0000->cyc0100,Cell1,cyc0000,cyc0100,C1ch,2426,735954.887044229,3.9195471,0.5006896044381476,313.33872099999996,98.67620878772155
Cell1:cyc0000->cyc0100,Cell1,cyc0000,cyc0100,C1ch,2427,735954.8870558031,3.9199481,0.5008959933724128,313.30128299999996,98.67620878772155
Cell1:cyc0000->cyc0100,Cell1,cyc0000,cyc0100,C1ch,2428,735954.8870673771,3.9199481,0.50110237964052,313.36369199999996,98.67620878772155
Cell1:cyc0000->cyc0100,Cell1,cyc0000,cyc0100,C1ch,2429,735954.8870789512,3.9201889,0.5013087631131897,313.413599,98.67620878772155
Cell1:cyc0000->cyc0100,Cell1,cyc0000,cyc0100,C1ch,2430,735954.8870905252,3.9204295,0.5015151459317118,313.388625,98.67620878772155
Cell1:cyc0000->cyc0100,Cell1,cyc0000,cyc0100,C1ch,2431,735954.8871020994,3.9208705,0.5017215289411926,313.33872099999996,98.67620878772155
Cell1:cyc0000->cyc0100,Cell1,cyc0000,cyc0100,C1ch,2432,735954.8871136734,3.92063,0.5019279134357096,313.326216,98.67620878772155
Cell1:cyc0000->cyc0100,Cell1,cyc0000,cyc0100,C1ch,2433,735954.8871252475,3.9208705,0.5021342968817477,313.388625,98.67620878772155
Cell1:cyc0000->cyc0100,Cell1,cyc0000,cyc0100,C1ch,2434,735954.8871368215,3.9211111,0.5023406812367621,313.388625,98.67620878772155
Cell1:cyc0000->cyc0100,Cell1,cyc0000,cyc0100,C1ch,2435,735954.8871483956,3.9215121,0.5025470669974502,313.351187,98.67620878772155
Cell1:cyc0000->cyc0100,Cell1,cyc0000,cyc0100,C1ch,2436,735954.8871599698,3.9215522,0.5027534516619195,313.288779,98.67620878772155
Cell1:cyc0000->cyc0100,Cell1,cyc0000,cyc0100,C1ch,2437,735954.8871715438,3.9217527,0.5029598353451877,313.376158,98.67620878772155
Cell1:cyc0000->cyc0100,Cell1,cyc0000,cyc0100,C1ch,2438,735954.8871831179,3.9220335,0.503166219502109,313.376158,98.67620878772155
Cell1:cyc0000->cyc0100,Cell1,cyc0000,cyc0100,C1ch,2439,735954.8871946919,3.9221537,0.5033726042692227,313.31374999999997,98.67620878772155
Cell1:cyc0000->cyc0100,Cell1,cyc0000,cyc0100,C1ch,2440,735954.887206266,3.9223943,0.5035789879521926,313.36369199999996,98.67620878772155
Cell1:cyc0000->cyc0100,Cell1,cyc0000,cyc0100,C1ch,2441,735954.8872178401,3.9224746,0.503785371493988,313.36369199999996,98.67620878772155
Cell1:cyc0000->cyc0100,Cell1,cyc0000,cyc0100,C1ch,2442,735954.8872294142,3.9227552,0.5039917575835674,313.288779,98.67620878772155
Cell1:cyc0000->cyc0100,Cell1,cyc0000,cyc0100,C1ch,2443,735954.8872409882,3.9228756,0.5041981414344483,313.43856999999997,98.67620878772155
Cell1:cyc0000->cyc0100,Cell1,cyc0000,cyc0100,C1ch,2444,735954.8872525623,3.9229958,0.5044045265020548,313.33872099999996,98.67620878772155
Cell1:cyc0000->cyc0100,Cell1,cyc0000,cyc0100,C1ch,2445,735954.8872641363,3.9234371,0.5046109133095601,313.413599,98.67620878772155
Cell1:cyc0000->cyc0100,Cell1,cyc0000,cyc0100,C1ch,2446,735954.8872757105,3.9235973,0.5048172983663703,313.33872099999996,98.67620878772155
Cell1:cyc0000->cyc0100,Cell1,cyc0000,cyc0100,C1ch,2447,735954.8872872845,3.9236777,0.5050236826861132,313.33872099999996,98.67620878772155
Cell1:cyc0000->cyc0100,Cell1,cyc0000,cyc0100,C1ch,2448,735954.8872988586,3.9239182,0.5052300663868408,313.40113299999996,98.67620878772155
Cell1:cyc0000->cyc0100,Cell1,cyc0000,cyc0100,C1ch,2449,735954.8873104327,3.9239182,0.505436450980462,313.36369199999996,98.67620878772155
Cell1:cyc0000->cyc0100,Cell1,cyc0000,cyc0100,C1ch,2450,735954.8873220067,3.9242392,0.505642833296892,313.413599,98.67620878772155
Cell1:cyc0000->cyc0100,Cell1,cyc0000,cyc0100,C1ch,2451,735954.8873335809,3.9245198,0.5058492147098016,313.351187,98.67620878772155
Cell1:cyc0000->cyc0100,Cell1,cyc0000,cyc0100,C1ch,2452,735954.8873451549,3.9246402,0.5060555984229839,313.33872099999996,98.67620878772155
Cell1:cyc0000->cyc0100,Cell1,cyc0000,cyc0100,C1ch,2453,735954.887356729,3.9249609,0.5062619821944342,313.42610399999995,98.67620878772155
Cell1:cyc0000->cyc0100,Cell1,cyc0000,cyc0100,C1ch,2454,735954.887368303,3.9251213,0.5064683662841017,313.388625,98.67620878772155
Cell1:cyc0000->cyc0100,Cell1,cyc0000,cyc0100,C1ch,2455,735954.8873798772,3.9252014,0.5066747504994913,313.376158,98.67620878772155
Cell1:cyc0000->cyc0100,Cell1,cyc0000,cyc0100,C1ch,2456,735954.8873914512,3.9257629,0.5068811362690429,313.413599,98.67620878772155
Cell1:cyc0000->cyc0100,Cell1,cyc0000,cyc0100,C1ch,2457,735954.8874030253,3.9256024,0.5070875212764723,313.33872099999996,98.67620878772155
Cell1:cyc0000->cyc0100,Cell1,cyc0000,cyc0100,C1ch,2458,735954.8874145993,3.9257629,0.5072939038668111,313.413599,98.67620878772155
Cell1:cyc0000->cyc0100,Cell1,cyc0000,cyc0100,C1ch,2459,735954.8874261734,3.9261239,0.5075002858736911,313.36369199999996,98.67620878772155
Cell1:cyc0000->cyc0100,Cell1,cyc0000,cyc0100,C1ch,2460,735954.8874377474,3.9264045,0.5077066690477566,313.40113299999996,98.67620878772155
Cell1:cyc0000->cyc0100,Cell1,cyc0000,cyc0100,C1ch,2461,735954.8874493216,3.926605,0.507913052018446,313.36369199999996,98.67620878772155
Cell1:cyc0000->cyc0100,Cell1,cyc0000,cyc0100,C1ch,2462,735954.8874608957,3.926605,0.5081194346318257,313.376158,98.67620878772155
Cell1:cyc0000->cyc0100,Cell1,cyc0000,cyc0100,C1ch,2463,735954.8874724697,3.9268456,0.5083258175510694,313.33872099999996,98.67620878772155
Cell1:cyc0000->cyc0100,Cell1,cyc0000,cyc0100,C1ch,2464,735954.8874840438,3.926966,0.5085322032940132,313.376158,98.67620878772155
Cell1:cyc0000->cyc0100,Cell1,cyc0000,cyc0100,C1ch,2465,735954.8874956178,3.9272065,0.5087385872671306,313.376158,98.67620878772155
Cell1:cyc0000->cyc0100,Cell1,cyc0000,cyc0100,C1ch,2466,735954.887507192,3.927407,0.5089449717564257,313.326216,98.67620878772155
Cell1:cyc0000->cyc0100,Cell1,cyc0000,cyc0100,C1ch,2467,735954.887518766,3.9276476,0.5091513563591173,313.36369199999996,98.67620878772155
Cell1:cyc0000->cyc0100,Cell1,cyc0000,cyc0100,C1ch,2468,735954.8875303401,3.9278481,0.5093577423249341,313.36369199999996,98.67620878772155
Cell1:cyc0000->cyc0100,Cell1,cyc0000,cyc0100,C1ch,2469,735954.8875419141,3.9279685,0.5095641267472331,313.33872099999996,98.67620878772155
Cell1:cyc0000->cyc0100,Cell1,cyc0000,cyc0100,C1ch,2470,735954.8875534883,3.9282491,0.5097705101616312,313.388625,98.67620878772155
Cell1:cyc0000->cyc0100,Cell1,cyc0000,cyc0100,C1ch,2471,735954.8875650623,3.9284096,0.5099768923028429,313.388625,98.67620878772155
Cell1:cyc0000->cyc0100,Cell1,cyc0000,cyc0100,C1ch,2472,735954.8875766364,3.9286904,0.5101832744229804,313.33872099999996,98.67620878772155
Cell1:cyc0000->cyc0100,Cell1,cyc0000,cyc0100,C1ch,2473,735954.8875882104,3.9290111,0.5103896571071471,313.388625,98.67620878772155
Cell1:cyc0000->cyc0100,Cell1,cyc0000,cyc0100,C1ch,2474,735954.8875997845,3.9291315,0.5105960394338785,313.413599,98.67620878772155
Cell1:cyc0000->cyc0100,Cell1,cyc0000,cyc0100,C1ch,2475,735954.8876113585,3.9291716,0.5108024225723606,313.351187,98.67620878772155
Cell1:cyc0000->cyc0100,Cell1,cyc0000,cyc0100,C1ch,2476,735954.8876229327,3.9295325,0.5110088057285461,313.31374999999997,98.67620878772155
Cell1:cyc0000->cyc0100,Cell1,cyc0000,cyc0100,C1ch,2477,735954.8876345068,3.929733,0.5112151894663798,313.476008,98.67620878772155
Cell1:cyc0000->cyc0100,Cell1,cyc0000,cyc0100,C1ch,2478,735954.8876460808,3.9301741,0.5114215724423049,313.388625,98.67620878772155
Cell1:cyc0000->cyc0100,Cell1,cyc0000,cyc0100,C1ch,2479,735954.8876576549,3.9302542,0.5116279569670884,313.36369199999996,98.67620878772155
Cell1:cyc0000->cyc0100,Cell1,cyc0000,cyc0100,C1ch,2480,735954.887669229,3.9303346,0.5118343410302836,313.36369199999996,98.67620878772155
Cell1:cyc0000->cyc0100,Cell1,cyc0000,cyc0100,C1ch,2481,735954.8876808031,3.9305351,0.5120407241601393,313.36369199999996,98.67620878772155
Cell1:cyc0000->cyc0100,Cell1,cyc0000,cyc0100,C1ch,2482,735954.8876923771,3.9306953,0.5122471095600654,313.326216,98.67620878772155
Cell1:cyc0000->cyc0100,Cell1,cyc0000,cyc0100,C1ch,2483,735954.8877039512,3.9310162,0.5124534937311164,313.31374999999997,98.67620878772155
Cell1:cyc0000->cyc0100,Cell1,cyc0000,cyc0100,C1ch,2484,735954.8877155252,3.9310162,0.5126598771471592,313.413599,98.67620878772155
Cell1:cyc0000->cyc0100,Cell1,cyc0000,cyc0100,C1ch,2485,735954.8877270994,3.9313772,0.5128662618823684,313.388625,98.67620878772155
Cell1:cyc0000->cyc0100,Cell1,cyc0000,cyc0100,C1ch,2486,735954.8877386734,3.9315376,0.5130726480797831,313.33872099999996,98.67620878772155
Cell1:cyc0000->cyc0100,Cell1,cyc0000,cyc0100,C1ch,2487,735954.8877502475,3.9315376,0.513279033873993,313.388625,98.67620878772155
Cell1:cyc0000->cyc0100,Cell1,cyc0000,cyc0100,C1ch,2488,735954.8877618215,3.9318182,0.513485420043362,313.43856999999997,98.67620878772155
Cell1:cyc0000->cyc0100,Cell1,cyc0000,cyc0100,C1ch,2489,735954.8877733956,3.9320188,0.513691805462538,313.31374999999997,98.67620878772155
Cell1:cyc0000->cyc0100,Cell1,cyc0000,cyc0100,C1ch,2490,735954.8877849698,3.9322193,0.5138981896531135,313.388625,98.67620878772155
Cell1:cyc0000->cyc0100,Cell1,cyc0000,cyc0100,C1ch,2491,735954.8877965438,3.9326603,0.5141045743154468,313.46354099999996,98.67620878772155
Cell1:cyc0000->cyc0100,Cell1,cyc0000,cyc0100,C1ch,2492,735954.8878081179,3.9327807,0.5143109574222208,313.36369199999996,98.67620878772155
Cell1:cyc0000->cyc0100,Cell1,cyc0000,cyc0100,C1ch,2493,735954.8878196919,3.9327807,0.5145173399736803,313.376158,98.67620878772155
Cell1:cyc0000->cyc0100,Cell1,cyc0000,cyc0100,C1ch,2494,735954.887831266,3.9329009,0.5147237239006958,313.36369199999996,98.67620878772155
Cell1:cyc0000->cyc0100,Cell1,cyc0000,cyc0100,C1ch,2495,735954.88784284,3.9334624,0.5149301074440003,313.376158,98.67620878772155
Cell1:cyc0000->cyc0100,Cell1,cyc0000,cyc0100,C1ch,2496,735954.8878544142,3.9335425,0.5151364926089036,313.326216,98.67620878772155
Cell1:cyc0000->cyc0100,Cell1,cyc0000,cyc0100,C1ch,2497,735954.8878659882,3.9336228,0.515342876790714,313.413599,98.67620878772155
Cell1:cyc0000->cyc0100,Cell1,cyc0000,cyc0100,C1ch,2498,735954.8878775623,3.934144,0.5155492605551961,313.376158,98.67620878772155
Cell1:cyc0000->cyc0100,Cell1,cyc0000,cyc0100,C1ch,2499,735954.8878891363,3.9343045,0.5157556462379828,313.36369199999996,98.67620878772155
Cell1:cyc0000->cyc0100,Cell1,cyc0000,cyc0100,C1ch,2500,735954.8879007105,3.9342244,0.5159620314397584,313.351187,98.67620878772155
Cell1:cyc0000->cyc0100,Cell1,cyc0000,cyc0100,C1ch,2501,735954.8879122845,3.9342644,0.516168415915012,313.43856999999997,98.67620878772155
Cell1:cyc0000->cyc0100,Cell1,cyc0000,cyc0100,C1ch,2502,735954.8879238586,3.934906,0.5163748005564236,313.40113299999996,98.67620878772155
Cell1:cyc0000->cyc0100,Cell1,cyc0000,cyc0100,C1ch,2503,735954.8879354327,3.9349461,0.5165811860942044,313.36369199999996,98.67620878772155
Cell1:cyc0000->cyc0100,Cell1,cyc0000,cyc0100,C1ch,2504,735954.8879470067,3.9351466,0.5167875705357327,313.36369199999996,98.67620878772155
Cell1:cyc0000->cyc0100,Cell1,cyc0000,cyc0100,C1ch,2505,735954.8879585809,3.935307,0.5169939549133775,313.351187,98.67620878772155
Cell1:cyc0000->cyc0100,Cell1,cyc0000,cyc0100,C1ch,2506,735954.8879701549,3.9352269,0.5172003405573764,313.43856999999997,98.67620878772155
Cell1:cyc0000->cyc0100,Cell1,cyc0000,cyc0100,C1ch,2507,735954.887981729,3.9356279,0.5174067256584304,313.36369199999996,98.67620878772155
Cell1:cyc0000->cyc0100,Cell1,cyc0000,cyc0100,C1ch,2508,735954.887993303,3.9359086,0.5176131102894457,313.42610399999995,98.67620878772155
Cell1:cyc0000->cyc0100,Cell1,cyc0000,cyc0100,C1ch,2509,735954.8880048771,3.9359486,0.5178194942307502,313.40113299999996,98.67620878772155
Cell1:cyc0000->cyc0100,Cell1,cyc0000,cyc0100,C1ch,2510,735954.8880164512,3.9361091,0.5180258774133233,313.43856999999997,98.67620878772155
Cell1:cyc0000->cyc0100,Cell1,cyc0000,cyc0100,C1ch,2511,735954.8880280253,3.93643,0.5182322607480332,313.42610399999995,98.67620878772155
Cell1:cyc0000->cyc0100,Cell1,cyc0000,cyc0100,C1ch,2512,735954.8880395993,3.9365904,0.5184386468657396,313.376158,98.67620878772155
Cell1:cyc0000->cyc0100,Cell1,cyc0000,cyc0100,C1ch,2513,735954.8880511734,3.9368711,0.5186450320763414,313.42610399999995,98.67620878772155
Cell1:cyc0000->cyc0100,Cell1,cyc0000,cyc0100,C1ch,2514,735954.8880627474,3.9371116,0.5188514147340393,313.46354099999996,98.67620878772155
Cell1:cyc0000->cyc0100,Cell1,cyc0000,cyc0100,C1ch,2515,735954.8880743216,3.9373522,0.5190577992233276,313.413599,98.67620878772155
Cell1:cyc0000->cyc0100,Cell1,cyc0000,cyc0100,C1ch,2516,735954.8880858957,3.937633,0.5192641823050741,313.388625,98.67620878772155
Cell1:cyc0000->cyc0100,Cell1,cyc0000,cyc0100,C1ch,2517,735954.8880974697,3.9378335,0.519470566649604,313.42610399999995,98.67620878772155
Cell1:cyc0000->cyc0100,Cell1,cyc0000,cyc0100,C1ch,2518,735954.8881090438,3.9380741,0.5196769501169671,313.376158,98.67620878772155
Cell1:cyc0000->cyc0100,Cell1,cyc0000,cyc0100,C1ch,2519,735954.8881206178,3.9382746,0.5198833333121237,313.40113299999996,98.67620878772155
Cell1:cyc0000->cyc0100,Cell1,cyc0000,cyc0100,C1ch,2520,735954.888132192,3.9383948,0.5200897157541098,313.36369199999996,98.67620878772155
Cell1:cyc0000->cyc0100,Cell1,cyc0000,cyc0100,C1ch,2521,735954.888143766,3.9387558,0.5202960988145616,313.351187,98.67620878772155
Cell1:cyc0000->cyc0100,Cell1,cyc0000,cyc0100,C1ch,2522,735954.8881553401,3.9388361,0.5205024829008043,313.36369199999996,98.67620878772155
Cell1:cyc0000->cyc0100,Cell1,cyc0000,cyc0100,C1ch,2523,735954.8881669141,3.9391968,0.520708868684516,313.451033,98.67620878772155
Cell1:cyc0000->cyc0100,Cell1,cyc0000,cyc0100,C1ch,2524,735954.8881784882,3.9392371,0.520915252302158,313.413599,98.67620878772155
Cell1:cyc0000->cyc0100,Cell1,cyc0000,cyc0100,C1ch,2525,735954.8881900623,3.9395578,0.5211216385876805,313.42610399999995,98.67620878772155
Cell1:cyc0000->cyc0100,Cell1,cyc0000,cyc0100,C1ch,2526,735954.8882016364,3.9395177,0.521328025879364,313.40113299999996,98.67620878772155
Cell1:cyc0000->cyc0100,Cell1,cyc0000,cyc0100,C1ch,2527,735954.8882132104,3.9397984,0.5215344125821839,313.351187,98.67620878772155
Cell1:cyc0000->cyc0100,Cell1,cyc0000,cyc0100,C1ch,2528,735954.8882247845,3.9401193,0.5217407973315293,313.376158,98.67620878772155
Cell1:cyc0000->cyc0100,Cell1,cyc0000,cyc0100,C1ch,2529,735954.8882363586,3.9401593,0.5219471830303073,313.43856999999997,98.67620878772155
Cell1:cyc0000->cyc0100,Cell1,cyc0000,cyc0100,C1ch,2530,735954.8882479327,3.9403198,0.5221535670865648,313.42610399999995,98.67620878772155
Cell1:cyc0000->cyc0100,Cell1,cyc0000,cyc0100,C1ch,2531,735954.8882595068,3.9408813,0.5223599520214945,313.376158,98.67620878772155
Cell1:cyc0000->cyc0100,Cell1,cyc0000,cyc0100,C1ch,2532,735954.8882710808,3.9410818,0.5225663362880725,313.376158,98.67620878772155
Cell1:cyc0000->cyc0100,Cell1,cyc0000,cyc0100,C1ch,2533,735954.8882826549,3.9410818,0.5227727190164116,313.326216,98.67620878772155
Cell1:cyc0000->cyc0100,Cell1,cyc0000,cyc0100,C1ch,2534,735954.8882942289,3.9414828,0.5229791007033624,313.46354099999996,98.67620878772155
Cell1:cyc0000->cyc0100,Cell1,cyc0000,cyc0100,C1ch,2535,735954.8883058031,3.9414024,0.5231854833290711,313.413599,98.67620878772155
Cell1:cyc0000->cyc0100,Cell1,cyc0000,cyc0100,C1ch,2536,735954.8883173771,3.9417233,0.5233918670722656,313.376158,98.67620878772155
Cell1:cyc0000->cyc0100,Cell1,cyc0000,cyc0100,C1ch,2537,735954.8883289512,3.9418035,0.523598248642534,313.46354099999996,98.67620878772155
Cell1:cyc0000->cyc0100,Cell1,cyc0000,cyc0100,C1ch,2538,735954.8883405252,3.942004,0.5238046298290981,313.36369199999996,98.67620878772155
Cell1:cyc0000->cyc0100,Cell1,cyc0000,cyc0100,C1ch,2539,735954.8883520993,3.9423649,0.5240110108725179,313.388625,98.67620878772155
Cell1:cyc0000->cyc0100,Cell1,cyc0000,cyc0100,C1ch,2540,735954.8883636734,3.9425654,0.5242173935900777,313.40113299999996,98.67620878772155
Cell1:cyc0000->cyc0100,Cell1,cyc0000,cyc0100,C1ch,2541,735954.8883752475,3.9426455,0.5244237750136514,313.48851199999996,98.67620878772155
Cell1:cyc0000->cyc0100,Cell1,cyc0000,cyc0100,C1ch,2542,735954.8883868216,3.9430466,0.5246301574589877,313.42610399999995,98.67620878772155
Cell1:cyc0000->cyc0100,Cell1,cyc0000,cyc0100,C1ch,2543,735954.8883983956,3.943167,0.5248365398639154,313.40113299999996,98.67620878772155
Cell1:cyc0000->cyc0100,Cell1,cyc0000,cyc0100,C1ch,2544,735954.8884099697,3.9433675,0.5250429229687501,313.500979,98.67620878772155
Cell1:cyc0000->cyc0100,Cell1,cyc0000,cyc0100,C1ch,2545,735954.8884215438,3.943608,0.5252493058419834,313.388625,98.67620878772155
Cell1:cyc0000->cyc0100,Cell1,cyc0000,cyc0100,C1ch,2546,735954.8884331179,3.9437284,0.5254556883228929,313.42610399999995,98.67620878772155
Cell1:cyc0000->cyc0100,Cell1,cyc0000,cyc0100,C1ch,2547,735954.8884446919,3.9438889,0.5256620708850064,313.43856999999997,98.67620878772155
Cell1:cyc0000->cyc0100,Cell1,cyc0000,cyc0100,C1ch,2548,735954.888456266,3.9441295,0.525868455779195,313.451033,98.67620878772155
Cell1:cyc0000->cyc0100,Cell1,cyc0000,cyc0100,C1ch,2549,735954.88846784,3.94437,0.5260748404541354,313.36369199999996,98.67620878772155
Cell1:cyc0000->cyc0100,Cell1,cyc0000,cyc0100,C1ch,2550,735954.8884794142,3.9444101,0.5262812227475009,313.40113299999996,98.67620878772155
Cell1:cyc0000->cyc0100,Cell1,cyc0000,cyc0100,C1ch,2551,735954.8884909882,3.9446106,0.5264876043618435,313.351187,98.67620878772155
Cell1:cyc0000->cyc0100,Cell1,cyc0000,cyc0100,C1ch,2552,735954.8885025623,3.9450917,0.5266939854494493,313.451033,98.67620878772155
Cell1:cyc0000->cyc0100,Cell1,cyc0000,cyc0100,C1ch,2553,735954.8885141363,3.9454927,0.5269003669719644,313.451033,98.67620878772155
Cell1:cyc0000->cyc0100,Cell1,cyc0000,cyc0100,C1ch,2554,735954.8885257104,3.9454126,0.5271067457080485,313.476008,98.67620878772155
Cell1:cyc0000->cyc0100,Cell1,cyc0000,cyc0100,C1ch,2555,735954.8885372846,3.9456933,0.5273131250309447,313.36369199999996,98.67620878772155
Cell1:cyc0000->cyc0100,Cell1,cyc0000,cyc0100,C1ch,2556,735954.8885488586,3.9458938,0.5275195044105224,313.451033,98.67620878772155
Cell1:cyc0000->cyc0100,Cell1,cyc0000,cyc0100,C1ch,2557,735954.8885604327,3.9460542,0.5277258852116394,313.388625,98.67620878772155
Cell1:cyc0000->cyc0100,Cell1,cyc0000,cyc0100,C1ch,2558,735954.8885720067,3.9462948,0.5279322652826165,313.42610399999995,98.67620878772155
Cell1:cyc0000->cyc0100,Cell1,cyc0000,cyc0100,C1ch,2559,735954.8885835808,3.9466558,0.5281386431203545,313.451033,98.67620878772155
Cell1:cyc0000->cyc0100,Cell1,cyc0000,cyc0100,C1ch,2560,735954.8885951549,3.9466958,0.5283450239602187,313.42610399999995,98.67620878772155
Cell1:cyc0000->cyc0100,Cell1,cyc0000,cyc0100,C1ch,2561,735954.888606729,3.9470167,0.5285514028924527,313.388625,98.67620878772155
Cell1:cyc0000->cyc0100,Cell1,cyc0000,cyc0100,C1ch,2562,735954.888618303,3.9471772,0.5287577831612684,313.351187,98.67620878772155
Cell1:cyc0000->cyc0100,Cell1,cyc0000,cyc0100,C1ch,2563,735954.8886298771,3.9473777,0.5289641646873339,313.43856999999997,98.67620878772155
Cell1:cyc0000->cyc0100,Cell1,cyc0000,cyc0100,C1ch,2564,735954.8886414511,3.9476583,0.5291705459974264,313.40113299999996,98.67620878772155
Cell1:cyc0000->cyc0100,Cell1,cyc0000,cyc0100,C1ch,2565,735954.8886530253,3.9479392,0.5293769276100124,313.51348299999995,98.67620878772155
Cell1:cyc0000->cyc0100,Cell1,cyc0000,cyc0100,C1ch,2566,735954.8886645993,3.9479792,0.529583307870046,313.413599,98.67620878772155
Cell1:cyc0000->cyc0100,Cell1,cyc0000,cyc0100,C1ch,2567,735954.8886761734,3.9482999,0.529789688621755,313.30128299999996,98.67620878772155
Cell1:cyc0000->cyc0100,Cell1,cyc0000,cyc0100,C1ch,2568,735954.8886877475,3.9485004,0.5299960714439189,313.376158,98.67620878772155
Cell1:cyc0000->cyc0100,Cell1,cyc0000,cyc0100,C1ch,2569,735954.8886993215,3.9486609,0.5302024572168579,313.42610399999995,98.67620878772155
Cell1:cyc0000->cyc0100,Cell1,cyc0000,cyc0100,C1ch,2570,735954.8887108957,3.9486609,0.5304088415348239,313.413599,98.67620878772155
Cell1:cyc0000->cyc0100,Cell1,cyc0000,cyc0100,C1ch,2571,735954.8887224697,3.949142,0.5306152267471517,313.42610399999995,98.67620878772155
Cell1:cyc0000->cyc0100,Cell1,cyc0000,cyc0100,C1ch,2572,735954.8887340438,3.9493024,0.5308216125359225,313.388625,98.67620878772155
Cell1:cyc0000->cyc0100,Cell1,cyc0000,cyc0100,C1ch,2573,735954.8887456178,3.9494629,0.5310279970215557,313.388625,98.67620878772155
Cell1:cyc0000->cyc0100,Cell1,cyc0000,cyc0100,C1ch,2574,735954.888757192,3.9496233,0.5312343814205018,313.413599,98.67620878772155
Cell1:cyc0000->cyc0100,Cell1,cyc0000,cyc0100,C1ch,2575,735954.888768766,3.9497435,0.5314407625770433,313.36369199999996,98.67620878772155
Cell1:cyc0000->cyc0100,Cell1,cyc0000,cyc0100,C1ch,2576,735954.8887803401,3.9501445,0.5316471431467149,313.43856999999997,98.67620878772155
Cell1:cyc0000->cyc0100,Cell1,cyc0000,cyc0100,C1ch,2577,735954.8887919141,3.9505455,0.5318535266706984,313.476008,98.67620878772155
Cell1:cyc0000->cyc0100,Cell1,cyc0000,cyc0100,C1ch,2578,735954.8888034882,3.950706,0.5320599118602193,313.451033,98.67620878772155
Cell1:cyc0000->cyc0100,Cell1,cyc0000,cyc0100,C1ch,2579,735954.8888150622,3.9507864,0.5322662941730584,313.42610399999995,98.67620878772155
Cell1:cyc0000->cyc0100,Cell1,cyc0000,cyc0100,C1ch,2580,735954.8888266364,3.9507864,0.5324726772727457,313.33872099999996,98.67620878772155
Cell1:cyc0000->cyc0100,Cell1,cyc0000,cyc0100,C1ch,2581,735954.8888382105,3.951067,0.5326790590056728,313.43856999999997,98.67620878772155
Cell1:cyc0000->cyc0100,Cell1,cyc0000,cyc0100,C1ch,2582,735954.8888497845,3.951468,0.532885442404202,313.413599,98.67620878772155
Cell1:cyc0000->cyc0100,Cell1,cyc0000,cyc0100,C1ch,2583,735954.8888613586,3.951468,0.5330918243424141,313.326216,98.67620878772155
Cell1:cyc0000->cyc0100,Cell1,cyc0000,cyc0100,C1ch,2584,735954.8888729326,3.9519491,0.5332982045707703,313.40113299999996,98.67620878772155
Cell1:cyc0000->cyc0100,Cell1,cyc0000,cyc0100,C1ch,2585,735954.8888845068,3.9519491,0.5335045873521423,313.42610399999995,98.67620878772155
Cell1:cyc0000->cyc0100,Cell1,cyc0000,cyc0100,C1ch,2586,735954.8888960808,3.95223,0.5337109692901645,313.43856999999997,98.67620878772155
Cell1:cyc0000->cyc0100,Cell1,cyc0000,cyc0100,C1ch,2587,735954.8889076549,3.9524705,0.5339173519460177,313.42610399999995,98.67620878772155
Cell1:cyc0000->cyc0100,Cell1,cyc0000,cyc0100,C1ch,2588,735954.8889192289,3.9525506,0.5341237336401231,313.476008,98.67620878772155
Cell1:cyc0000->cyc0100,Cell1,cyc0000,cyc0100,C1ch,2589,735954.888930803,3.9528315,0.5343301166461114,313.413599,98.67620878772155
Cell1:cyc0000->cyc0100,Cell1,cyc0000,cyc0100,C1ch,2590,735954.8889423771,3.9529917,0.5345364985823059,313.476008,98.67620878772155
Cell1:cyc0000->cyc0100,Cell1,cyc0000,cyc0100,C1ch,2591,735954.8889539512,3.9531522,0.5347428825871107,313.42610399999995,98.67620878772155
Cell1:cyc0000->cyc0100,Cell1,cyc0000,cyc0100,C1ch,2592,735954.8889655252,3.9535131,0.5349492669172804,313.42610399999995,98.67620878772155
Cell1:cyc0000->cyc0100,Cell1,cyc0000,cyc0100,C1ch,2593,735954.8889770993,3.9537137,0.5351556535372654,313.451033,98.67620878772155
Cell1:cyc0000->cyc0100,Cell1,cyc0000,cyc0100,C1ch,2594,735954.8889886735,3.9539142,0.5353620401094124,313.43856999999997,98.67620878772155
Cell1:cyc0000->cyc0100,Cell1,cyc0000,cyc0100,C1ch,2595,735954.8890002475,3.9541948,0.5355684272968038,313.500979,98.67620878772155
Cell1:cyc0000->cyc0100,Cell1,cyc0000,cyc0100,C1ch,2596,735954.8890118216,3.9543953,0.5357748153274672,313.43856999999997,98.67620878772155
Cell1:cyc0000->cyc0100,Cell1,cyc0000,cyc0100,C1ch,2597,735954.8890233956,3.9545157,0.535981202083374,313.46354099999996,98.67620878772155
Cell1:cyc0000->cyc0100,Cell1,cyc0000,cyc0100,C1ch,2598,735954.8890349697,3.9546762,0.5361875882859667,313.46354099999996,98.67620878772155
Cell1:cyc0000->cyc0100,Cell1,cyc0000,cyc0100,C1ch,2599,735954.8890465437,3.9550371,0.5363939765183546,313.48851199999996,98.67620878772155
Cell1:cyc0000->cyc0100,Cell1,cyc0000,cyc0100,C1ch,2600,735954.8890581179,3.9551573,0.5366003646165093,313.476008,98.67620878772155
Cell1:cyc0000->cyc0100,Cell1,cyc0000,cyc0100,C1ch,2601,735954.8890696919,3.9556386,0.5368067511726619,313.43856999999997,98.67620878772155
Cell1:cyc0000->cyc0100,Cell1,cyc0000,cyc0100,C1ch,2602,735954.889081266,3.9557188,0.5370131386306831,313.476008,98.67620878772155
Cell1:cyc0000->cyc0100,Cell1,cyc0000,cyc0100,C1ch,2603,735954.88909284,3.9558392,0.5372195281945495,313.42610399999995,98.67620878772155
Cell1:cyc0000->cyc0100,Cell1,cyc0000,cyc0100,C1ch,2604,735954.8891044141,3.9558792,0.5374259155677998,313.43856999999997,98.67620878772155
Cell1:cyc0000->cyc0100,Cell1,cyc0000,cyc0100,C1ch,2605,735954.8891159882,3.9563203,0.537632303674435,313.51348299999995,98.67620878772155
Cell1:cyc0000->cyc0100,Cell1,cyc0000,cyc0100,C1ch,2606,735954.8891275623,3.9566009,0.5378386921880832,313.48851199999996,98.67620878772155
Cell1:cyc0000->cyc0100,Cell1,cyc0000,cyc0100,C1ch,2607,735954.8891391364,3.9566813,0.5380450790202501,313.42610399999995,98.67620878772155
Cell1:cyc0000->cyc0100,Cell1,cyc0000,cyc0100,C1ch,2608,735954.8891507104,3.9568014,0.5382514667432522,313.40113299999996,98.67620878772155
Cell1:cyc0000->cyc0100,Cell1,cyc0000,cyc0100,C1ch,2609,735954.8891622846,3.9572425,0.5384578526259528,313.388625,98.67620878772155
Cell1:cyc0000->cyc0100,Cell1,cyc0000,cyc0100,C1ch,2610,735954.8891738586,3.9572828,0.5386642391396146,313.40113299999996,98.67620878772155
Cell1:cyc0000->cyc0100,Cell1,cyc0000,cyc0100,C1ch,2611,735954.8891854327,3.9576838,0.538870623812595,313.451033,98.67620878772155
Cell1:cyc0000->cyc0100,Cell1,cyc0000,cyc0100,C1ch,2612,735954.8891970067,3.957804,0.5390770091668396,313.500979,98.67620878772155
Cell1:cyc0000->cyc0100,Cell1,cyc0000,cyc0100,C1ch,2613,735954.8892085808,3.9581249,0.5392833943687201,313.413599,98.67620878772155
Cell1:cyc0000->cyc0100,Cell1,cyc0000,cyc0100,C1ch,2614,735954.8892201548,3.9584055,0.5394897792983263,313.43856999999997,98.67620878772155
Cell1:cyc0000->cyc0100,Cell1,cyc0000,cyc0100,C1ch,2615,735954.889231729,3.958606,0.5396961641111653,313.46354099999996,98.67620878772155
Cell1:cyc0000->cyc0100,Cell1,cyc0000,cyc0100,C1ch,2616,735954.889243303,3.958606,0.5399025479957512,313.36369199999996,98.67620878772155
Cell1:cyc0000->cyc0100,Cell1,cyc0000,cyc0100,C1ch,2617,735954.8892548771,3.9587665,0.540108933620324,313.500979,98.67620878772155
Cell1:cyc0000->cyc0100,Cell1,cyc0000,cyc0100,C1ch,2618,735954.8892664511,3.959007,0.5403153198937038,313.40113299999996,98.67620878772155
Cell1:cyc0000->cyc0100,Cell1,cyc0000,cyc0100,C1ch,2619,735954.8892780252,3.959408,0.5405217057587858,313.451033,98.67620878772155
Cell1:cyc0000->cyc0100,Cell1,cyc0000,cyc0100,C1ch,2620,735954.8892895994,3.9594481,0.5407280911536119,313.388625,98.67620878772155
Cell1:cyc0000->cyc0100,Cell1,cyc0000,cyc0100,C1ch,2621,735954.8893011734,3.9596086,0.5409344758321126,313.46354099999996,98.67620878772155
Cell1:cyc0000->cyc0100,Cell1,cyc0000,cyc0100,C1ch,2622,735954.8893127475,3.9600096,0.5411408612302144,313.476008,98.67620878772155
Cell1:cyc0000->cyc0100,Cell1,cyc0000,cyc0100,C1ch,2623,735954.8893243215,3.96017,0.5413472494892578,313.43856999999997,98.67620878772155
Cell1:cyc0000->cyc0100,Cell1,cyc0000,cyc0100,C1ch,2624,735954.8893358957,3.9602904,0.5415536377817315,313.476008,98.67620878772155
Cell1:cyc0000->cyc0100,Cell1,cyc0000,cyc0100,C1ch,2625,735954.8893474697,3.9606111,0.541760026008572,313.451033,98.67620878772155
Cell1:cyc0000->cyc0100,Cell1,cyc0000,cyc0100,C1ch,2626,735954.8893590438,3.9608517,0.5419664133427903,313.43856999999997,98.67620878772155
Cell1:cyc0000->cyc0100,Cell1,cyc0000,cyc0100,C1ch,2627,735954.8893706178,3.9610522,0.5421728006627841,313.500979,98.67620878772155
Cell1:cyc0000->cyc0100,Cell1,cyc0000,cyc0100,C1ch,2628,735954.8893821919,3.9610922,0.5423791878751186,313.42610399999995,98.67620878772155
Cell1:cyc0000->cyc0100,Cell1,cyc0000,cyc0100,C1ch,2629,735954.889393766,3.9613731,0.5425855740106134,313.451033,98.67620878772155
Cell1:cyc0000->cyc0100,Cell1,cyc0000,cyc0100,C1ch,2630,735954.8894053401,3.9616137,0.5427919613005744,313.42610399999995,98.67620878772155
Cell1:cyc0000->cyc0100,Cell1,cyc0000,cyc0100,C1ch,2631,735954.8894169141,3.9619746,0.5429983486240268,313.43856999999997,98.67620878772155
Cell1:cyc0000->cyc0100,Cell1,cyc0000,cyc0100,C1ch,2632,735954.8894284882,3.9621751,0.543204736290663,313.476008,98.67620878772155
Cell1:cyc0000->cyc0100,Cell1,cyc0000,cyc0100,C1ch,2633,735954.8894400623,3.9620948,0.5434111235524768,313.413599,98.67620878772155
Cell1:cyc0000->cyc0100,Cell1,cyc0000,cyc0100,C1ch,2634,735954.8894516364,3.9623756,0.543617509550103,313.48851199999996,98.67620878772155
Cell1:cyc0000->cyc0100,Cell1,cyc0000,cyc0100,C1ch,2635,735954.8894632105,3.9624958,0.5438238965997246,313.43856999999997,98.67620878772155
Cell1:cyc0000->cyc0100,Cell1,cyc0000,cyc0100,C1ch,2636,735954.8894747845,3.9631376,0.5440302836121861,313.48851199999996,98.67620878772155
Cell1:cyc0000->cyc0100,Cell1,cyc0000,cyc0100,C1ch,2637,735954.8894863586,3.9631777,0.5442366699615173,313.476008,98.67620878772155
Cell1:cyc0000->cyc0100,Cell1,cyc0000,cyc0100,C1ch,2638,735954.8894979326,3.9633381,0.5444430566469083,313.43856999999997,98.67620878772155
Cell1:cyc0000->cyc0100,Cell1,cyc0000,cyc0100,C1ch,2639,735954.8895095068,3.9637392,0.5446494437583143,313.43856999999997,98.67620878772155
Cell1:cyc0000->cyc0100,Cell1,cyc0000,cyc0100,C1ch,2640,735954.8895210808,3.9638193,0.5448558308609891,313.52594999999997,98.67620878772155
Cell1:cyc0000->cyc0100,Cell1,cyc0000,cyc0100,C1ch,2641,735954.8895326549,3.9639397,0.5450622173518337,313.43856999999997,98.67620878772155
Cell1:cyc0000->cyc0100,Cell1,cyc0000,cyc0100,C1ch,2642,735954.8895442289,3.9641802,0.545268603158454,313.48851199999996,98.67620878772155
Cell1:cyc0000->cyc0100,Cell1,cyc0000,cyc0100,C1ch,2643,735954.889555803,3.9644208,0.5454749872658319,313.43856999999997,98.67620878772155
Cell1:cyc0000->cyc0100,Cell1,cyc0000,cyc0100,C1ch,2644,735954.889567377,3.964541,0.5456813735745375,313.451033,98.67620878772155
Cell1:cyc0000->cyc0100,Cell1,cyc0000,cyc0100,C1ch,2645,735954.8895789512,3.964942,0.5458877603039007,313.451033,98.67620878772155
Cell1:cyc0000->cyc0100,Cell1,cyc0000,cyc0100,C1ch,2646,735954.8895905253,3.9653029,0.5460941467576497,313.476008,98.67620878772155
Cell1:cyc0000->cyc0100,Cell1,cyc0000,cyc0100,C1ch,2647,735954.8896020993,3.9651425,0.546300533029324,313.55092099999996,98.67620878772155
Cell1:cyc0000->cyc0100,Cell1,cyc0000,cyc0100,C1ch,2648,735954.8896136734,3.9656639,0.5465069200983718,313.46354099999996,98.67620878772155
Cell1:cyc0000->cyc0100,Cell1,cyc0000,cyc0100,C1ch,2649,735954.8896252475,3.9658244,0.5467133080727844,313.451033,98.67620878772155
Cell1:cyc0000->cyc0100,Cell1,cyc0000,cyc0100,C1ch,2650,735954.8896368216,3.9658644,0.5469196974845717,313.52594999999997,98.67620878772155
Cell1:cyc0000->cyc0100,Cell1,cyc0000,cyc0100,C1ch,2651,735954.8896483956,3.9663055,0.5471260861748353,313.42610399999995,98.67620878772155
Cell1:cyc0000->cyc0100,Cell1,cyc0000,cyc0100,C1ch,2652,735954.8896599697,3.9664259,0.5473324775437385,313.451033,98.67620878772155
Cell1:cyc0000->cyc0100,Cell1,cyc0000,cyc0100,C1ch,2653,735954.8896715437,3.9667065,0.5475388687536248,313.476008,98.67620878772155
Cell1:cyc0000->cyc0100,Cell1,cyc0000,cyc0100,C1ch,2654,735954.8896831179,3.9667466,0.5477452593534342,313.42610399999995,98.67620878772155
Cell1:cyc0000->cyc0100,Cell1,cyc0000,cyc0100,C1ch,2655,735954.8896946919,3.9669471,0.5479516496050924,313.413599,98.67620878772155
Cell1:cyc0000->cyc0100,Cell1,cyc0000,cyc0100,C1ch,2656,735954.889706266,3.9673481,0.5481580383112387,313.46354099999996,98.67620878772155
Cell1:cyc0000->cyc0100,Cell1,cyc0000,cyc0100,C1ch,2657,735954.88971784,3.967268,0.5483644280748596,313.43856999999997,98.67620878772155
Cell1:cyc0000->cyc0100,Cell1,cyc0000,cyc0100,C1ch,2658,735954.8897294141,3.967629,0.5485708162436185,313.538416,98.67620878772155
Cell1:cyc0000->cyc0100,Cell1,cyc0000,cyc0100,C1ch,2659,735954.8897409883,3.9679096,0.5487772025011461,313.376158,98.67620878772155
Cell1:cyc0000->cyc0100,Cell1,cyc0000,cyc0100,C1ch,2660,735954.8897525623,3.9682705,0.5489835897945896,313.46354099999996,98.67620878772155
Cell1:cyc0000->cyc0100,Cell1,cyc0000,cyc0100,C1ch,2661,735954.8897641364,3.9683907,0.5491899798162536,313.451033,98.67620878772155
Cell1:cyc0000->cyc0100,Cell1,cyc0000,cyc0100,C1ch,2662,735954.8897757104,3.968431,0.5493963699989115,313.563387,98.67620878772155
Cell1:cyc0000->cyc0100,Cell1,cyc0000,cyc0100,C1ch,2663,735954.8897872845,3.9687517,0.5496027595430127,313.55092099999996,98.67620878772155
Cell1:cyc0000->cyc0100,Cell1,cyc0000,cyc0100,C1ch,2664,735954.8897988586,3.9689922,0.5498091465819838,313.46354099999996,98.67620878772155
Cell1:cyc0000->cyc0100,Cell1,cyc0000,cyc0100,C1ch,2665,735954.8898104327,3.9691527,0.5500155345970764,313.476008,98.67620878772155
Cell1:cyc0000->cyc0100,Cell1,cyc0000,cyc0100,C1ch,2666,735954.8898220067,3.9693131,0.5502219223237983,313.43856999999997,98.67620878772155
Cell1:cyc0000->cyc0100,Cell1,cyc0000,cyc0100,C1ch,2667,735954.8898335808,3.9695938,0.5504283111644898,313.51348299999995,98.67620878772155
Cell1:cyc0000->cyc0100,Cell1,cyc0000,cyc0100,C1ch,2668,735954.8898451548,3.9699547,0.5506346979894341,313.451033,98.67620878772155
Cell1:cyc0000->cyc0100,Cell1,cyc0000,cyc0100,C1ch,2669,735954.889856729,3.9703557,0.5508410840544739,313.48851199999996,98.67620878772155
Cell1:cyc0000->cyc0100,Cell1,cyc0000,cyc0100,C1ch,2670,735954.889868303,3.9701953,0.5510474709874099,313.40113299999996,98.67620878772155
Cell1:cyc0000->cyc0100,Cell1,cyc0000,cyc0100,C1ch,2671,735954.8898798771,3.9706366,0.5512538587583381,313.48851199999996,98.67620878772155
Cell1:cyc0000->cyc0100,Cell1,cyc0000,cyc0100,C1ch,2672,735954.8898914511,3.9708371,0.551460247333608,313.52594999999997,98.67620878772155
Cell1:cyc0000->cyc0100,Cell1,cyc0000,cyc0100,C1ch,2673,735954.8899030252,3.9709172,0.5516666365683628,313.48851199999996,98.67620878772155
Cell1:cyc0000->cyc0100,Cell1,cyc0000,cyc0100,C1ch,2674,735954.8899145994,3.9711578,0.5518730245159403,313.413599,98.67620878772155
Cell1:cyc0000->cyc0100,Cell1,cyc0000,cyc0100,C1ch,2675,735954.8899261734,3.9713583,0.5520794128118591,313.46354099999996,98.67620878772155
Cell1:cyc0000->cyc0100,Cell1,cyc0000,cyc0100,C1ch,2676,735954.8899377475,3.9715188,0.5522858014437731,313.46354099999996,98.67620878772155
Cell1:cyc0000->cyc0100,Cell1,cyc0000,cyc0100,C1ch,2677,735954.8899493215,3.9719598,0.5524921895452677,313.52594999999997,98.67620878772155
Cell1:cyc0000->cyc0100,Cell1,cyc0000,cyc0100,C1ch,2678,735954.8899608956,3.9719198,0.5526985760216403,313.48851199999996,98.67620878772155
Cell1:cyc0000->cyc0100,Cell1,cyc0000,cyc0100,C1ch,2679,735954.8899724697,3.9722404,0.552904961960829,313.42610399999995,98.67620878772155
Cell1:cyc0000->cyc0100,Cell1,cyc0000,cyc0100,C1ch,2680,735954.8899840438,3.9724813,0.5531113481579625,313.500979,98.67620878772155
Cell1:cyc0000->cyc0100,Cell1,cyc0000,cyc0100,C1ch,2681,735954.8899956178,3.9724813,0.5533177331830986,313.42610399999995,98.67620878772155
Cell1:cyc0000->cyc0100,Cell1,cyc0000,cyc0100,C1ch,2682,735954.8900071919,3.9727619,0.5535241188057081,313.48851199999996,98.67620878772155
Cell1:cyc0000->cyc0100,Cell1,cyc0000,cyc0100,C1ch,2683,735954.8900187659,3.9731228,0.5537305050206605,313.46354099999996,98.67620878772155
Cell1:cyc0000->cyc0100,Cell1,cyc0000,cyc0100,C1ch,2684,735954.8900303401,3.9733233,0.5539368923920491,313.42610399999995,98.67620878772155
Cell1:cyc0000->cyc0100,Cell1,cyc0000,cyc0100,C1ch,2685,735954.8900419141,3.973644,0.5541432791445754,313.500979,98.67620878772155
Cell1:cyc0000->cyc0100,Cell1,cyc0000,cyc0100,C1ch,2686,735954.8900534882,3.9737644,0.554349666001397,313.42610399999995,98.67620878772155
Cell1:cyc0000->cyc0100,Cell1,cyc0000,cyc0100,C1ch,2687,735954.8900650623,3.9738848,0.5545560535990194,313.46354099999996,98.67620878772155
Cell1:cyc0000->cyc0100,Cell1,cyc0000,cyc0100,C1ch,2688,735954.8900766363,3.9740853,0.5547624402878351,313.500979,98.67620878772155
Cell1:cyc0000->cyc0100,Cell1,cyc0000,cyc0100,C1ch,2689,735954.8900882105,3.9744461,0.5549688271905552,313.538416,98.67620878772155
Cell1:cyc0000->cyc0100,Cell1,cyc0000,cyc0100,C1ch,2690,735954.8900997845,3.9744864,0.5551752121609157,313.476008,98.67620878772155
Cell1:cyc0000->cyc0100,Cell1,cyc0000,cyc0100,C1ch,2691,735954.8901113586,3.9747269,0.5553815991997918,313.48851199999996,98.67620878772155
Cell1:cyc0000->cyc0100,Cell1,cyc0000,cyc0100,C1ch,2692,735954.8901229326,3.9750476,0.5555879830808784,313.43856999999997,98.67620878772155
Cell1:cyc0000->cyc0100,Cell1,cyc0000,cyc0100,C1ch,2693,735954.8901345067,3.9752884,0.5557943703586494,313.46354099999996,98.67620878772155
Cell1:cyc0000->cyc0100,Cell1,cyc0000,cyc0100,C1ch,2694,735954.8901460808,3.975569,0.5560007577687276,313.376158,98.67620878772155
Cell1:cyc0000->cyc0100,Cell1,cyc0000,cyc0100,C1ch,2695,735954.8901576549,3.9758096,0.5562071449189623,313.500979,98.67620878772155
Cell1:cyc0000->cyc0100,Cell1,cyc0000,cyc0100,C1ch,2696,735954.8901692289,3.9760501,0.5564135284448581,313.46354099999996,98.67620878772155
Cell1:cyc0000->cyc0100,Cell1,cyc0000,cyc0100,C1ch,2697,735954.890180803,3.9762106,0.5566199113482224,313.51348299999995,98.67620878772155
Cell1:cyc0000->cyc0100,Cell1,cyc0000,cyc0100,C1ch,2698,735954.890192377,3.9766917,0.55682629546089,313.42610399999995,98.67620878772155
Cell1:cyc0000->cyc0100,Cell1,cyc0000,cyc0100,C1ch,2699,735954.8902039512,3.9765716,0.5570326810781894,313.538416,98.67620878772155
Cell1:cyc0000->cyc0100,Cell1,cyc0000,cyc0100,C1ch,2700,735954.8902155253,3.9766917,0.5572390668230285,313.476008,98.67620878772155
Cell1:cyc0000->cyc0100,Cell1,cyc0000,cyc0100,C1ch,2701,735954.8902270993,3.9770927,0.5574454526049331,313.46354099999996,98.67620878772155
Cell1:cyc0000->cyc0100,Cell1,cyc0000,cyc0100,C1ch,2702,735954.8902386734,3.9773335,0.5576518383390943,313.500979,98.67620878772155
Cell1:cyc0000->cyc0100,Cell1,cyc0000,cyc0100,C1ch,2703,735954.8902502474,3.9776542,0.5578582240130785,313.52594999999997,98.67620878772155
Cell1:cyc0000->cyc0100,Cell1,cyc0000,cyc0100,C1ch,2704,735954.8902618216,3.9776943,0.5580646091390178,313.51348299999995,98.67620878772155
Cell1:cyc0000->cyc0100,Cell1,cyc0000,cyc0100,C1ch,2705,735954.8902733956,3.9779351,0.5582709952093439,313.476008,98.67620878772155
Cell1:cyc0000->cyc0100,Cell1,cyc0000,cyc0100,C1ch,2706,735954.8902849697,3.9780552,0.5584773800081448,313.42610399999995,98.67620878772155
Cell1:cyc0000->cyc0100,Cell1,cyc0000,cyc0100,C1ch,2707,735954.8902965437,3.9784162,0.5586837646335382,313.476008,98.67620878772155
Cell1:cyc0000->cyc0100,Cell1,cyc0000,cyc0100,C1ch,2708,735954.8903081178,3.9786568,0.5588901496691963,313.43856999999997,98.67620878772155
Cell1:cyc0000->cyc0100,Cell1,cyc0000,cyc0100,C1ch,2709,735954.8903196919,3.9787772,0.5590965338121914,313.48851199999996,98.67620878772155
Cell1:cyc0000->cyc0100,Cell1,cyc0000,cyc0100,C1ch,2710,735954.890331266,3.9792182,0.5593029172462362,313.451033,98.67620878772155
Cell1:cyc0000->cyc0100,Cell1,cyc0000,cyc0100,C1ch,2711,735954.89034284,3.9794588,0.559509302442854,313.51348299999995,98.67620878772155
Cell1:cyc0000->cyc0100,Cell1,cyc0000,cyc0100,C1ch,2712,735954.8903544141,3.9795392,0.5597156873106214,313.451033,98.67620878772155
Cell1:cyc0000->cyc0100,Cell1,cyc0000,cyc0100,C1ch,2713,735954.8903659882,3.9796994,0.5599220721500007,313.48851199999996,98.67620878772155
Cell1:cyc0000->cyc0100,Cell1,cyc0000,cyc0100,C1ch,2714,735954.8903775623,3.9800203,0.5601284548290916,313.451033,98.67620878772155
Cell1:cyc0000->cyc0100,Cell1,cyc0000,cyc0100,C1ch,2715,735954.8903891364,3.9802608,0.5603348372623868,313.46354099999996,98.67620878772155
Cell1:cyc0000->cyc0100,Cell1,cyc0000,cyc0100,C1ch,2716,735954.8904007104,3.9804213,0.5605412209083014,313.46354099999996,98.67620878772155
Cell1:cyc0000->cyc0100,Cell1,cyc0000,cyc0100,C1ch,2717,735954.8904122845,3.9808624,0.5607476041282382,313.51348299999995,98.67620878772155
Cell1:cyc0000->cyc0100,Cell1,cyc0000,cyc0100,C1ch,2718,735954.8904238585,3.9809024,0.5609539882604845,313.500979,98.67620878772155
Cell1:cyc0000->cyc0100,Cell1,cyc0000,cyc0100,C1ch,2719,735954.8904354327,3.981143,0.5611603711214295,313.46354099999996,98.67620878772155
Cell1:cyc0000->cyc0100,Cell1,cyc0000,cyc0100,C1ch,2720,735954.8904470067,3.9811833,0.5613667543747796,313.451033,98.67620878772155
Cell1:cyc0000->cyc0100,Cell1,cyc0000,cyc0100,C1ch,2721,735954.8904585808,3.9816644,0.5615731398860372,313.43856999999997,98.67620878772155
Cell1:cyc0000->cyc0100,Cell1,cyc0000,cyc0100,C1ch,2722,735954.8904701548,3.9817848,0.561779524548584,313.476008,98.67620878772155
Cell1:cyc0000->cyc0100,Cell1,cyc0000,cyc0100,C1ch,2723,735954.890481729,3.9821055,0.5619859082477654,313.46354099999996,98.67620878772155
Cell1:cyc0000->cyc0100,Cell1,cyc0000,cyc0100,C1ch,2724,735954.890493303,3.981905,0.5621922906950175,313.476008,98.67620878772155
Cell1:cyc0000->cyc0100,Cell1,cyc0000,cyc0100,C1ch,2725,735954.8905048771,3.9824264,0.5623986773308614,313.538416,98.67620878772155
Cell1:cyc0000->cyc0100,Cell1,cyc0000,cyc0100,C1ch,2726,735954.8905164512,3.9828274,0.5626050631533644,313.48851199999996,98.67620878772155
Cell1:cyc0000->cyc0100,Cell1,cyc0000,cyc0100,C1ch,2727,735954.8905280252,3.983068,0.5628114503284201,313.46354099999996,98.67620878772155
Cell1:cyc0000->cyc0100,Cell1,cyc0000,cyc0100,C1ch,2728,735954.8905395993,3.983108,0.5630178393494466,313.476008,98.67620878772155
Cell1:cyc0000->cyc0100,Cell1,cyc0000,cyc0100,C1ch,2729,735954.8905511734,3.9833486,0.5632242268145514,313.46354099999996,98.67620878772155
Cell1:cyc0000->cyc0100,Cell1,cyc0000,cyc0100,C1ch,2730,735954.8905627475,3.9836695,0.5634306134220785,313.500979,98.67620878772155
Cell1:cyc0000->cyc0100,Cell1,cyc0000,cyc0100,C1ch,2731,735954.8905743215,3.9836695,0.5636370009916077,313.451033,98.67620878772155
Cell1:cyc0000->cyc0100,Cell1,cyc0000,cyc0100,C1ch,2732,735954.8905858956,3.984231,0.563843388391371,313.500979,98.67620878772155
Cell1:cyc0000->cyc0100,Cell1,cyc0000,cyc0100,C1ch,2733,735954.8905974696,3.9841506,0.5640497760544739,313.42610399999995,98.67620878772155
Cell1:cyc0000->cyc0100,Cell1,cyc0000,cyc0100,C1ch,2734,735954.8906090438,3.9843912,0.5642561664173109,313.46354099999996,98.67620878772155
Cell1:cyc0000->cyc0100,Cell1,cyc0000,cyc0100,C1ch,2735,735954.8906206178,3.984632,0.5644625566829596,313.46354099999996,98.67620878772155
Cell1:cyc0000->cyc0100,Cell1,cyc0000,cyc0100,C1ch,2736,735954.8906321919,3.9851532,0.5646689451963365,313.48851199999996,98.67620878772155
Cell1:cyc0000->cyc0100,Cell1,cyc0000,cyc0100,C1ch,2737,735954.8906437659,3.9852335,0.5648753341200121,313.476008,98.67620878772155
Cell1:cyc0000->cyc0100,Cell1,cyc0000,cyc0100,C1ch,2738,735954.89065534,3.9853537,0.565081724523736,313.40113299999996,98.67620878772155
Cell1:cyc0000->cyc0100,Cell1,cyc0000,cyc0100,C1ch,2739,735954.8906669142,3.9855542,0.5652881138699171,313.500979,98.67620878772155
Cell1:cyc0000->cyc0100,Cell1,cyc0000,cyc0100,C1ch,2740,735954.8906784882,3.9857147,0.5654945014446378,313.451033,98.67620878772155
Cell1:cyc0000->cyc0100,Cell1,cyc0000,cyc0100,C1ch,2741,735954.8906900623,3.9859953,0.5657008893694662,313.43856999999997,98.67620878772155
Cell1:cyc0000->cyc0100,Cell1,cyc0000,cyc0100,C1ch,2742,735954.8907016363,3.9864366,0.5659072778069254,313.46354099999996,98.67620878772155
Cell1:cyc0000->cyc0100,Cell1,cyc0000,cyc0100,C1ch,2743,735954.8907132105,3.9863162,0.5661136662392409,313.43856999999997,98.67620878772155
Cell1:cyc0000->cyc0100,Cell1,cyc0000,cyc0100,C1ch,2744,735954.8907247845,3.9866371,0.5663200557694261,313.476008,98.67620878772155
Cell1:cyc0000->cyc0100,Cell1,cyc0000,cyc0100,C1ch,2745,735954.8907363586,3.9868376,0.5665264463605652,313.451033,98.67620878772155
Cell1:cyc0000->cyc0100,Cell1,cyc0000,cyc0100,C1ch,2746,735954.8907479326,3.9871984,0.5667328370134718,313.476008,98.67620878772155
Cell1:cyc0000->cyc0100,Cell1,cyc0000,cyc0100,C1ch,2747,735954.8907595067,3.9874792,0.5669392254703675,313.451033,98.67620878772155
Cell1:cyc0000->cyc0100,Cell1,cyc0000,cyc0100,C1ch,2748,735954.8907710807,3.9875994,0.5671456113211534,313.43856999999997,98.67620878772155
Cell1:cyc0000->cyc0100,Cell1,cyc0000,cyc0100,C1ch,2749,735954.8907826549,3.9877999,0.5673519975236273,313.46354099999996,98.67620878772155
Cell1:cyc0000->cyc0100,Cell1,cyc0000,cyc0100,C1ch,2750,735954.8907942289,3.9879203,0.5675583833551432,313.388625,98.67620878772155
Cell1:cyc0000->cyc0100,Cell1,cyc0000,cyc0100,C1ch,2751,735954.890805803,3.9882813,0.5677647688010999,313.500979,98.67620878772155
Cell1:cyc0000->cyc0100,Cell1,cyc0000,cyc0100,C1ch,2752,735954.8908173771,3.9883614,0.5679711537573648,313.500979,98.67620878772155
Cell1:cyc0000->cyc0100,Cell1,cyc0000,cyc0100,C1ch,2753,735954.8908289511,3.9889228,0.5681775412949863,313.46354099999996,98.67620878772155
Cell1:cyc0000->cyc0100,Cell1,cyc0000,cyc0100,C1ch,2754,735954.8908405253,3.989043,0.5683839275966966,313.52594999999997,98.67620878772155
Cell1:cyc0000->cyc0100,Cell1,cyc0000,cyc0100,C1ch,2755,735954.8908520993,3.9892035,0.5685903125280796,313.40113299999996,98.67620878772155
Cell1:cyc0000->cyc0100,Cell1,cyc0000,cyc0100,C1ch,2756,735954.8908636734,3.989404,0.5687967000549691,313.538416,98.67620878772155
Cell1:cyc0000->cyc0100,Cell1,cyc0000,cyc0100,C1ch,2757,735954.8908752474,3.9895644,0.5690030849810451,313.500979,98.67620878772155
Cell1:cyc0000->cyc0100,Cell1,cyc0000,cyc0100,C1ch,2758,735954.8908868216,3.9896848,0.5692094717175868,313.51348299999995,98.67620878772155
Cell1:cyc0000->cyc0100,Cell1,cyc0000,cyc0100,C1ch,2759,735954.8908983956,3.9900055,0.5694158586398859,313.48851199999996,98.67620878772155
Cell1:cyc0000->cyc0100,Cell1,cyc0000,cyc0100,C1ch,2760,735954.8909099697,3.9904065,0.5696222449432949,313.43856999999997,98.67620878772155
Cell1:cyc0000->cyc0100,Cell1,cyc0000,cyc0100,C1ch,2761,735954.8909215437,3.9906874,0.56982862921697,313.48851199999996,98.67620878772155
Cell1:cyc0000->cyc0100,Cell1,cyc0000,cyc0100,C1ch,2762,735954.8909331178,3.9909279,0.5700350134483676,313.46354099999996,98.67620878772155
Cell1:cyc0000->cyc0100,Cell1,cyc0000,cyc0100,C1ch,2763,735954.8909446918,3.9908879,0.5702413978191699,313.55092099999996,98.67620878772155
Cell1:cyc0000->cyc0100,Cell1,cyc0000,cyc0100,C1ch,2764,735954.890956266,3.9909279,0.5704477829468282,313.43856999999997,98.67620878772155
Cell1:cyc0000->cyc0100,Cell1,cyc0000,cyc0100,C1ch,2765,735954.8909678401,3.9914091,0.5706541695209012,313.43856999999997,98.67620878772155
Cell1:cyc0000->cyc0100,Cell1,cyc0000,cyc0100,C1ch,2766,735954.8909794141,3.9916899,0.5708605547529364,313.476008,98.67620878772155
Cell1:cyc0000->cyc0100,Cell1,cyc0000,cyc0100,C1ch,2767,735954.8909909882,3.9920106,0.5710669411890733,313.51348299999995,98.67620878772155
Cell1:cyc0000->cyc0100,Cell1,cyc0000,cyc0100,C1ch,2768,735954.8910025622,3.992131,0.5712733281819898,313.500979,98.67620878772155
Cell1:cyc0000->cyc0100,Cell1,cyc0000,cyc0100,C1ch,2769,735954.8910141364,3.9923315,0.5714797149643793,313.51348299999995,98.67620878772155
Cell1:cyc0000->cyc0100,Cell1,cyc0000,cyc0100,C1ch,2770,735954.8910257104,3.9925721,0.5716861023605753,313.538416,98.67620878772155
Cell1:cyc0000->cyc0100,Cell1,cyc0000,cyc0100,C1ch,2771,735954.8910372845,3.9928927,0.571892490410831,313.46354099999996,98.67620878772155
Cell1:cyc0000->cyc0100,Cell1,cyc0000,cyc0100,C1ch,2772,735954.8910488585,3.9932537,0.5720988768858203,313.451033,98.67620878772155
Cell1:cyc0000->cyc0100,Cell1,cyc0000,cyc0100,C1ch,2773,735954.8910604327,3.9932137,0.5723052630070903,313.42610399999995,98.67620878772155
Cell1:cyc0000->cyc0100,Cell1,cyc0000,cyc0100,C1ch,2774,735954.8910720067,3.9934542,0.572511650038937,313.46354099999996,98.67620878772155
Cell1:cyc0000->cyc0100,Cell1,cyc0000,cyc0100,C1ch,2775,735954.8910835808,3.9937751,0.572718035078108,313.476008,98.67620878772155
Cell1:cyc0000->cyc0100,Cell1,cyc0000,cyc0100,C1ch,2776,735954.8910951548,3.9941361,0.5729244223574456,313.43856999999997,98.67620878772155
Cell1:cyc0000->cyc0100,Cell1,cyc0000,cyc0100,C1ch,2777,735954.8911067289,3.9941761,0.5731308103141988,313.476008,98.67620878772155
Cell1:cyc0000->cyc0100,Cell1,cyc0000,cyc0100,C1ch,2778,735954.891118303,3.9945772,0.5733371992574666,313.48851199999996,98.67620878772155
Cell1:cyc0000->cyc0100,Cell1,cyc0000,cyc0100,C1ch,2779,735954.8911298771,3.9949381,0.5735435868623183,313.40113299999996,98.67620878772155
Cell1:cyc0000->cyc0100,Cell1,cyc0000,cyc0100,C1ch,2780,735954.8911414512,3.9949381,0.5737499740355699,313.451033,98.67620878772155
Cell1:cyc0000->cyc0100,Cell1,cyc0000,cyc0100,C1ch,2781,735954.8911530252,3.9951386,0.5739563597606914,313.451033,98.67620878772155
Cell1:cyc0000->cyc0100,Cell1,cyc0000,cyc0100,C1ch,2782,735954.8911645993,3.9954193,0.5741627445187819,313.451033,98.67620878772155
Cell1:cyc0000->cyc0100,Cell1,cyc0000,cyc0100,C1ch,2783,735954.8911761733,3.9957402,0.5743691318425022,313.46354099999996,98.67620878772155
Cell1:cyc0000->cyc0100,Cell1,cyc0000,cyc0100,C1ch,2784,735954.8911877475,3.9959404,0.5745755177516275,313.43856999999997,98.67620878772155
Cell1:cyc0000->cyc0100,Cell1,cyc0000,cyc0100,C1ch,2785,735954.8911993215,3.9961812,0.5747819016151698,313.413599,98.67620878772155
Cell1:cyc0000->cyc0100,Cell1,cyc0000,cyc0100,C1ch,2786,735954.8912108956,3.9964218,0.5749882881679654,313.413599,98.67620878772155
Cell1:cyc0000->cyc0100,Cell1,cyc0000,cyc0100,C1ch,2787,735954.8912224696,3.9965019,0.5751946734017469,313.451033,98.67620878772155
Cell1:cyc0000->cyc0100,Cell1,cyc0000,cyc0100,C1ch,2788,735954.8912340438,3.9969029,0.5754010596379937,313.48851199999996,98.67620878772155
Cell1:cyc0000->cyc0100,Cell1,cyc0000,cyc0100,C1ch,2789,735954.8912456178,3.9972239,0.5756074452837321,313.40113299999996,98.67620878772155
Cell1:cyc0000->cyc0100,Cell1,cyc0000,cyc0100,C1ch,2790,735954.8912571919,3.9973843,0.5758138291911519,313.51348299999995,98.67620878772155
Cell1:cyc0000->cyc0100,Cell1,cyc0000,cyc0100,C1ch,2791,735954.891268766,3.997304,0.5760202126690097,313.51348299999995,98.67620878772155
Cell1:cyc0000->cyc0100,Cell1,cyc0000,cyc0100,C1ch,2792,735954.89128034,3.9976649,0.5762265989618531,313.476008,98.67620878772155
Cell1:cyc0000->cyc0100,Cell1,cyc0000,cyc0100,C1ch,2793,735954.8912919142,3.9979858,0.5764329864287516,313.476008,98.67620878772155
Cell1:cyc0000->cyc0100,Cell1,cyc0000,cyc0100,C1ch,2794,735954.8913034882,3.9982264,0.5766393720143265,313.51348299999995,98.67620878772155
Cell1:cyc0000->cyc0100,Cell1,cyc0000,cyc0100,C1ch,2795,735954.8913150623,3.9984269,0.5768457561341384,313.500979,98.67620878772155
Cell1:cyc0000->cyc0100,Cell1,cyc0000,cyc0100,C1ch,2796,735954.8913266363,3.9986675,0.5770521398650513,313.43856999999997,98.67620878772155
Cell1:cyc0000->cyc0100,Cell1,cyc0000,cyc0100,C1ch,2797,735954.8913382104,3.9987075,0.5772585247097948,313.46354099999996,98.67620878772155
Cell1:cyc0000->cyc0100,Cell1,cyc0000,cyc0100,C1ch,2798,735954.8913497844,3.9990685,0.5774649098145075,313.43856999999997,98.67620878772155
Cell1:cyc0000->cyc0100,Cell1,cyc0000,cyc0100,C1ch,2799,735954.8913613586,3.9993091,0.5776712959179756,313.48851199999996,98.67620878772155
Cell1:cyc0000->cyc0100,Cell1,cyc0000,cyc0100,C1ch,2800,735954.8913729326,3.9997101,0.5778776818074817,313.563387,98.67620878772155
Cell1:cyc0000->cyc0100,Cell1,cyc0000,cyc0100,C1ch,2801,735954.8913845067,3.9999506,0.5780840661551717,313.46354099999996,98.67620878772155
Cell1:cyc0000->cyc0100,Cell1,cyc0000,cyc0100,C1ch,2802,735954.8913960807,4.000071,0.578290451636383,313.51348299999995,98.67620878772155
Cell1:cyc0000->cyc0100,Cell1,cyc0000,cyc0100,C1ch,2803,735954.8914076549,4.0003915,0.5784968376710679,313.52594999999997,98.67620878772155
Cell1:cyc0000->cyc0100,Cell1,cyc0000,cyc0100,C1ch,2804,735954.891419229,4.0006723,0.5787032231647372,313.500979,98.67620878772155
Cell1:cyc0000->cyc0100,Cell1,cyc0000,cyc0100,C1ch,2805,735954.891430803,4.0007124,0.5789096077406378,313.538416,98.67620878772155
Cell1:cyc0000->cyc0100,Cell1,cyc0000,cyc0100,C1ch,2806,735954.8914423771,4.0010333,0.5791159944347806,313.476008,98.67620878772155
Cell1:cyc0000->cyc0100,Cell1,cyc0000,cyc0100,C1ch,2807,735954.8914539511,4.0012341,0.5793223802838915,313.43856999999997,98.67620878772155
Cell1:cyc0000->cyc0100,Cell1,cyc0000,cyc0100,C1ch,2808,735954.8914655253,4.0012741,0.5795287651198153,313.43856999999997,98.67620878772155
Cell1:cyc0000->cyc0100,Cell1,cyc0000,cyc0100,C1ch,2809,735954.8914770993,4.0018754,0.5797351506452806,313.538416,98.67620878772155
Cell1:cyc0000->cyc0100,Cell1,cyc0000,cyc0100,C1ch,2810,735954.8914886734,4.0017953,0.5799415364449497,313.500979,98.67620878772155
Cell1:cyc0000->cyc0100,Cell1,cyc0000,cyc0100,C1ch,2811,735954.8915002474,4.0020361,0.5801479220464137,313.46354099999996,98.67620878772155
Cell1:cyc0000->cyc0100,Cell1,cyc0000,cyc0100,C1ch,2812,735954.8915118215,4.0022364,0.5803543074003364,313.46354099999996,98.67620878772155
Cell1:cyc0000->cyc0100,Cell1,cyc0000,cyc0100,C1ch,2813,735954.8915233955,4.0026374,0.5805606930549316,313.51348299999995,98.67620878772155
Cell1:cyc0000->cyc0100,Cell1,cyc0000,cyc0100,C1ch,2814,735954.8915349697,4.0028381,0.5807670780038214,313.43856999999997,98.67620878772155
Cell1:cyc0000->cyc0100,Cell1,cyc0000,cyc0100,C1ch,2815,735954.8915465437,4.0030384,0.5809734640897691,313.413599,98.67620878772155
Cell1:cyc0000->cyc0100,Cell1,cyc0000,cyc0100,C1ch,2816,735954.8915581178,4.0035596,0.581179848535109,313.43856999999997,98.67620878772155
Cell1:cyc0000->cyc0100,Cell1,cyc0000,cyc0100,C1ch,2817,735954.891569692,4.0037203,0.5813862317179904,313.500979,98.67620878772155
Cell1:cyc0000->cyc0100,Cell1,cyc0000,cyc0100,C1ch,2818,735954.891581266,4.0040007,0.5815926171373325,313.48851199999996,98.67620878772155
Cell1:cyc0000->cyc0100,Cell1,cyc0000,cyc0100,C1ch,2819,735954.8915928401,4.0038004,0.5817989999860739,313.500979,98.67620878772155
Cell1:cyc0000->cyc0100,Cell1,cyc0000,cyc0100,C1ch,2820,735954.8916044141,4.0043216,0.5820053844153645,313.476008,98.67620878772155
Cell1:cyc0000->cyc0100,Cell1,cyc0000,cyc0100,C1ch,2821,735954.8916159882,4.0047226,0.5822117698223944,313.46354099999996,98.67620878772155
Cell1:cyc0000->cyc0100,Cell1,cyc0000,cyc0100,C1ch,2822,735954.8916275622,4.0048833,0.582418155728068,313.48851199999996,98.67620878772155
Cell1:cyc0000->cyc0100,Cell1,cyc0000,cyc0100,C1ch,2823,735954.8916391364,4.0050836,0.5826245434547288,313.500979,98.67620878772155
Cell1:cyc0000->cyc0100,Cell1,cyc0000,cyc0100,C1ch,2824,735954.8916507104,4.0053244,0.5828309302568733,313.500979,98.67620878772155
Cell1:cyc0000->cyc0100,Cell1,cyc0000,cyc0100,C1ch,2825,735954.8916622845,4.0054045,0.5830373165533446,313.538416,98.67620878772155
Cell1:cyc0000->cyc0100,Cell1,cyc0000,cyc0100,C1ch,2826,735954.8916738585,4.0058856,0.5832437018134868,313.48851199999996,98.67620878772155
Cell1:cyc0000->cyc0100,Cell1,cyc0000,cyc0100,C1ch,2827,735954.8916854326,4.0058055,0.5834500864193896,313.51348299999995,98.67620878772155
Cell1:cyc0000->cyc0100,Cell1,cyc0000,cyc0100,C1ch,2828,735954.8916970066,4.0063667,0.5836564688629998,313.48851199999996,98.67620878772155
Cell1:cyc0000->cyc0100,Cell1,cyc0000,cyc0100,C1ch,2829,735954.8917085808,4.0064874,0.583862854082601,313.43856999999997,98.67620878772155
Cell1:cyc0000->cyc0100,Cell1,cyc0000,cyc0100,C1ch,2830,735954.8917201549,4.0068884,0.5840692363018564,313.451033,98.67620878772155
Cell1:cyc0000->cyc0100,Cell1,cyc0000,cyc0100,C1ch,2831,735954.8917317289,4.0068479,0.5842756207009651,313.48851199999996,98.67620878772155
Cell1:cyc0000->cyc0100,Cell1,cyc0000,cyc0100,C1ch,2832,735954.891743303,4.0070486,0.5844820063165724,313.48851199999996,98.67620878772155
Cell1:cyc0000->cyc0100,Cell1,cyc0000,cyc0100,C1ch,2833,735954.891754877,4.0071287,0.5846883907881741,313.538416,98.67620878772155
Cell1:cyc0000->cyc0100,Cell1,cyc0000,cyc0100,C1ch,2834,735954.8917664512,4.00769,0.5848947760219423,313.48851199999996,98.67620878772155
Cell1:cyc0000->cyc0100,Cell1,cyc0000,cyc0100,C1ch,2835,735954.8917780252,4.0077705,0.5851011596731738,313.500979,98.67620878772155
Cell1:cyc0000->cyc0100,Cell1,cyc0000,cyc0100,C1ch,2836,735954.8917895993,4.0079308,0.5853075447938403,313.500979,98.67620878772155
Cell1:cyc0000->cyc0100,Cell1,cyc0000,cyc0100,C1ch,2837,735954.8918011733,4.0083718,0.5855139280295445,313.476008,98.67620878772155
Cell1:cyc0000->cyc0100,Cell1,cyc0000,cyc0100,C1ch,2838,735954.8918127475,4.0088129,0.585720311424547,313.48851199999996,98.67620878772155
Cell1:cyc0000->cyc0100,Cell1,cyc0000,cyc0100,C1ch,2839,735954.8918243215,4.008893,0.5859266960429416,313.43856999999997,98.67620878772155
Cell1:cyc0000->cyc0100,Cell1,cyc0000,cyc0100,C1ch,2840,735954.8918358956,4.0090137,0.5861330810751411,313.46354099999996,98.67620878772155
Cell1:cyc0000->cyc0100,Cell1,cyc0000,cyc0100,C1ch,2841,735954.8918474696,4.0094147,0.5863394658580628,313.538416,98.67620878772155
Cell1:cyc0000->cyc0100,Cell1,cyc0000,cyc0100,C1ch,2842,735954.8918590437,4.0098557,0.5865458491539308,313.46354099999996,98.67620878772155
Cell1:cyc0000->cyc0100,Cell1,cyc0000,cyc0100,C1ch,2843,735954.8918706179,4.0096149,0.586752233300476,313.476008,98.67620878772155
Cell1:cyc0000->cyc0100,Cell1,cyc0000,cyc0100,C1ch,2844,735954.8918821919,4.0101767,0.5869586160252583,313.51348299999995,98.67620878772155
Cell1:cyc0000->cyc0100,Cell1,cyc0000,cyc0100,C1ch,2845,735954.891893766,4.0101366,0.5871650007991638,313.376158,98.67620878772155
Cell1:cyc0000->cyc0100,Cell1,cyc0000,cyc0100,C1ch,2846,735954.89190534,4.010417,0.5873713870619643,313.451033,98.67620878772155
Cell1:cyc0000->cyc0100,Cell1,cyc0000,cyc0100,C1ch,2847,735954.8919169141,4.0107379,0.5875777719386562,313.46354099999996,98.67620878772155
Cell1:cyc0000->cyc0100,Cell1,cyc0000,cyc0100,C1ch,2848,735954.8919284882,4.0110188,0.5877841568365073,313.538416,98.67620878772155
Cell1:cyc0000->cyc0100,Cell1,cyc0000,cyc0100,C1ch,2849,735954.8919400623,4.0113397,0.5879905391669651,313.500979,98.67620878772155
Cell1:cyc0000->cyc0100,Cell1,cyc0000,cyc0100,C1ch,2850,735954.8919516363,4.0115399,0.5881969217415092,313.51348299999995,98.67620878772155
Cell1:cyc0000->cyc0100,Cell1,cyc0000,cyc0100,C1ch,2851,735954.8919632104,4.01162,0.5884033038350557,313.476008,98.67620878772155
Cell1:cyc0000->cyc0100,Cell1,cyc0000,cyc0100,C1ch,2852,735954.8919747844,4.0117402,0.5886096878541972,313.48851199999996,98.67620878772155
Cell1:cyc0000->cyc0100,Cell1,cyc0000,cyc0100,C1ch,2853,735954.8919863586,4.0122218,0.588816074166443,313.43856999999997,98.67620878772155
Cell1:cyc0000->cyc0100,Cell1,cyc0000,cyc0100,C1ch,2854,735954.8919979326,4.012382,0.589022458834537,313.48851199999996,98.67620878772155
Cell1:cyc0000->cyc0100,Cell1,cyc0000,cyc0100,C1ch,2855,735954.8920095067,4.012743,0.5892288438082038,313.43856999999997,98.67620878772155
Cell1:cyc0000->cyc0100,Cell1,cyc0000,cyc0100,C1ch,2856,735954.8920210807,4.0129838,0.589435228815691,313.476008,98.67620878772155
Cell1:cyc0000->cyc0100,Cell1,cyc0000,cyc0100,C1ch,2857,735954.8920326548,4.0130639,0.5896416128418952,313.476008,98.67620878772155
Cell1:cyc0000->cyc0100,Cell1,cyc0000,cyc0100,C1ch,2858,735954.892044229,4.0133848,0.589847999532786,313.451033,98.67620878772155
Cell1:cyc0000->cyc0100,Cell1,cyc0000,cyc0100,C1ch,2859,735954.892055803,4.0135851,0.5900543855992024,313.43856999999997,98.67620878772155
Cell1:cyc0000->cyc0100,Cell1,cyc0000,cyc0100,C1ch,2860,735954.8920673771,4.0137858,0.5902607712802023,313.51348299999995,98.67620878772155
Cell1:cyc0000->cyc0100,Cell1,cyc0000,cyc0100,C1ch,2861,735954.8920789511,4.0138659,0.5904671563298645,313.51348299999995,98.67620878772155
Cell1:cyc0000->cyc0100,Cell1,cyc0000,cyc0100,C1ch,2862,735954.8920905252,4.0143871,0.5906735444435662,313.48851199999996,98.67620878772155
Cell1:cyc0000->cyc0100,Cell1,cyc0000,cyc0100,C1ch,2863,735954.8921020993,4.0145073,0.5908799304606053,313.575896,98.67620878772155
Cell1:cyc0000->cyc0100,Cell1,cyc0000,cyc0100,C1ch,2864,735954.8921136734,4.0148683,0.5910863185444708,313.43856999999997,98.67620878772155
Cell1:cyc0000->cyc0100,Cell1,cyc0000,cyc0100,C1ch,2865,735954.8921252474,4.0152693,0.591292704591417,313.55092099999996,98.67620878772155
Cell1:cyc0000->cyc0100,Cell1,cyc0000,cyc0100,C1ch,2866,735954.8921368215,4.0151491,0.5914990891054892,313.48851199999996,98.67620878772155
Cell1:cyc0000->cyc0100,Cell1,cyc0000,cyc0100,C1ch,2867,735954.8921483955,4.0155902,0.5917054761693082,313.451033,98.67620878772155
Cell1:cyc0000->cyc0100,Cell1,cyc0000,cyc0100,C1ch,2868,735954.8921599697,4.015871,0.5919118625206061,313.451033,98.67620878772155
Cell1:cyc0000->cyc0100,Cell1,cyc0000,cyc0100,C1ch,2869,735954.8921715437,4.0159512,0.5921182492766689,313.476008,98.67620878772155
Cell1:cyc0000->cyc0100,Cell1,cyc0000,cyc0100,C1ch,2870,735954.8921831178,4.0161514,0.5923246364199898,313.538416,98.67620878772155
Cell1:cyc0000->cyc0100,Cell1,cyc0000,cyc0100,C1ch,2871,735954.8921946919,4.0165925,0.5925310230751377,313.43856999999997,98.67620878772155
Cell1:cyc0000->cyc0100,Cell1,cyc0000,cyc0100,C1ch,2872,735954.8922062659,4.016633,0.5927374102219882,313.51348299999995,98.67620878772155
Cell1:cyc0000->cyc0100,Cell1,cyc0000,cyc0100,C1ch,2873,735954.8922178401,4.0170741,0.5929437974358757,313.48851199999996,98.67620878772155
Cell1:cyc0000->cyc0100,Cell1,cyc0000,cyc0100,C1ch,2874,735954.8922294141,4.0173144,0.5931501848812764,313.538416,98.67620878772155
Cell1:cyc0000->cyc0100,Cell1,cyc0000,cyc0100,C1ch,2875,735954.8922409882,4.0174351,0.593356571893748,313.51348299999995,98.67620878772155
Cell1:cyc0000->cyc0100,Cell1,cyc0000,cyc0100,C1ch,2876,735954.8922525622,4.0178361,0.5935629572249957,313.48851199999996,98.67620878772155
Cell1:cyc0000->cyc0100,Cell1,cyc0000,cyc0100,C1ch,2877,735954.8922641363,4.0180764,0.5937693416153395,313.413599,98.67620878772155
Cell1:cyc0000->cyc0100,Cell1,cyc0000,cyc0100,C1ch,2878,735954.8922757104,4.0182772,0.5939757267308146,313.376158,98.67620878772155
Cell1:cyc0000->cyc0100,Cell1,cyc0000,cyc0100,C1ch,2879,735954.8922872845,4.0183573,0.5941821127922295,313.52594999999997,98.67620878772155
Cell1:cyc0000->cyc0100,Cell1,cyc0000,cyc0100,C1ch,2880,735954.8922988585,4.0187583,0.5943884977926535,313.500979,98.67620878772155
Cell1:cyc0000->cyc0100,Cell1,cyc0000,cyc0100,C1ch,2881,735954.8923104326,4.0189986,0.5945948846103957,313.451033,98.67620878772155
Cell1:cyc0000->cyc0100,Cell1,cyc0000,cyc0100,C1ch,2882,735954.8923220066,4.0193596,0.5948012696477863,313.51348299999995,98.67620878772155
Cell1:cyc0000->cyc0100,Cell1,cyc0000,cyc0100,C1ch,2883,735954.8923335808,4.0196004,0.5950076559053175,313.500979,98.67620878772155
Cell1:cyc0000->cyc0100,Cell1,cyc0000,cyc0100,C1ch,2884,735954.8923451549,4.0199213,0.5952140418889601,313.500979,98.67620878772155
Cell1:cyc0000->cyc0100,Cell1,cyc0000,cyc0100,C1ch,2885,735954.8923567289,4.0199614,0.5954204298953212,313.51348299999995,98.67620878772155
Cell1:cyc0000->cyc0100,Cell1,cyc0000,cyc0100,C1ch,2886,735954.892368303,4.0201216,0.595626815806376,313.476008,98.67620878772155
Cell1:cyc0000->cyc0100,Cell1,cyc0000,cyc0100,C1ch,2887,735954.892379877,4.0206428,0.5958332017828133,313.46354099999996,98.67620878772155
Cell1:cyc0000->cyc0100,Cell1,cyc0000,cyc0100,C1ch,2888,735954.8923914512,4.0207233,0.596039588321323,313.451033,98.67620878772155
Cell1:cyc0000->cyc0100,Cell1,cyc0000,cyc0100,C1ch,2889,735954.8924030252,4.0207634,0.5962459728460187,313.500979,98.67620878772155
Cell1:cyc0000->cyc0100,Cell1,cyc0000,cyc0100,C1ch,2890,735954.8924145993,4.0212846,0.5964523572840713,313.538416,98.67620878772155
Cell1:cyc0000->cyc0100,Cell1,cyc0000,cyc0100,C1ch,2891,735954.8924261733,4.0211244,0.596658743007782,313.48851199999996,98.67620878772155
Cell1:cyc0000->cyc0100,Cell1,cyc0000,cyc0100,C1ch,2892,735954.8924377474,4.0215254,0.5968651285545791,313.42610399999995,98.67620878772155
Cell1:cyc0000->cyc0100,Cell1,cyc0000,cyc0100,C1ch,2893,735954.8924493215,4.0219665,0.5970715138996753,313.52594999999997,98.67620878772155
Cell1:cyc0000->cyc0100,Cell1,cyc0000,cyc0100,C1ch,2894,735954.8924608956,4.0221667,0.5972779017448359,313.46354099999996,98.67620878772155
Cell1:cyc0000->cyc0100,Cell1,cyc0000,cyc0100,C1ch,2895,735954.8924724696,4.0222068,0.5974842917682054,313.500979,98.67620878772155
Cell1:cyc0000->cyc0100,Cell1,cyc0000,cyc0100,C1ch,2896,735954.8924840437,4.0224075,0.597690679470191,313.43856999999997,98.67620878772155
Cell1:cyc0000->cyc0100,Cell1,cyc0000,cyc0100,C1ch,2897,735954.8924956179,4.0228486,0.5978970671403809,313.48851199999996,98.67620878772155
Cell1:cyc0000->cyc0100,Cell1,cyc0000,cyc0100,C1ch,2898,735954.8925071919,4.0229688,0.5981034537178446,313.52594999999997,98.67620878772155
Cell1:cyc0000->cyc0100,Cell1,cyc0000,cyc0100,C1ch,2899,735954.892518766,4.0233698,0.5983098402864957,313.46354099999996,98.67620878772155
Cell1:cyc0000->cyc0100,Cell1,cyc0000,cyc0100,C1ch,2900,735954.89253034,4.0235705,0.5985162268462355,313.48851199999996,98.67620878772155
Cell1:cyc0000->cyc0100,Cell1,cyc0000,cyc0100,C1ch,2901,735954.8925419141,4.0236106,0.5987226148293592,313.52594999999997,98.67620878772155
Cell1:cyc0000->cyc0100,Cell1,cyc0000,cyc0100,C1ch,2902,735954.8925534881,4.0240517,0.59892900203989,313.476008,98.67620878772155
Cell1:cyc0000->cyc0100,Cell1,cyc0000,cyc0100,C1ch,2903,735954.8925650623,4.0244126,0.5991353874241266,313.476008,98.67620878772155
Cell1:cyc0000->cyc0100,Cell1,cyc0000,cyc0100,C1ch,2904,735954.8925766363,4.0245328,0.5993417722812026,313.46354099999996,98.67620878772155
Cell1:cyc0000->cyc0100,Cell1,cyc0000,cyc0100,C1ch,2905,735954.8925882104,4.024693,0.5995481567723592,313.48851199999996,98.67620878772155
Cell1:cyc0000->cyc0100,Cell1,cyc0000,cyc0100,C1ch,2906,735954.8925997844,4.0249739,0.5997545419619037,313.476008,98.67620878772155
Cell1:cyc0000->cyc0100,Cell1,cyc0000,cyc0100,C1ch,2907,735954.8926113585,4.025054,0.5999609270859003,313.500979,98.67620878772155
Cell1:cyc0000->cyc0100,Cell1,cyc0000,cyc0100,C1ch,2908,735954.8926229326,4.0254149,0.6001673093458183,313.51348299999995,98.67620878772155
Cell1:cyc0000->cyc0100,Cell1,cyc0000,cyc0100,C1ch,2909,735954.8926345067,4.0257759,0.6003736955963812,313.48851199999996,98.67620878772155
Cell1:cyc0000->cyc0100,Cell1,cyc0000,cyc0100,C1ch,2910,735954.8926460808,4.0259767,0.6005800796189305,313.46354099999996,98.67620878772155
Cell1:cyc0000->cyc0100,Cell1,cyc0000,cyc0100,C1ch,2911,735954.8926576548,4.026257,0.6007864639582282,313.55092099999996,98.67620878772155
Cell1:cyc0000->cyc0100,Cell1,cyc0000,cyc0100,C1ch,2912,735954.892669229,4.0265379,0.6009928473953959,313.40113299999996,98.67620878772155
Cell1:cyc0000->cyc0100,Cell1,cyc0000,cyc0100,C1ch,2913,735954.892680803,4.0265379,0.6011992302052169,313.48851199999996,98.67620878772155
Cell1:cyc0000->cyc0100,Cell1,cyc0000,cyc0100,C1ch,2914,735954.8926923771,4.0268588,0.6014056134958461,313.51348299999995,98.67620878772155
Cell1:cyc0000->cyc0100,Cell1,cyc0000,cyc0100,C1ch,2915,735954.8927039511,4.0272999,0.6016119973488565,313.48851199999996,98.67620878772155
Cell1:cyc0000->cyc0100,Cell1,cyc0000,cyc0100,C1ch,2916,735954.8927155252,4.0275807,0.6018183811505669,313.51348299999995,98.67620878772155
Cell1:cyc0000->cyc0100,Cell1,cyc0000,cyc0100,C1ch,2917,735954.8927270992,4.0275002,0.6020247644748468,313.48851199999996,98.67620878772155
Cell1:cyc0000->cyc0100,Cell1,cyc0000,cyc0100,C1ch,2918,735954.8927386734,4.027781,0.6022311475285678,313.51348299999995,98.67620878772155
Cell1:cyc0000->cyc0100,Cell1,cyc0000,cyc0100,C1ch,2919,735954.8927502474,4.0279818,0.6024375295426806,313.43856999999997,98.67620878772155
Cell1:cyc0000->cyc0100,Cell1,cyc0000,cyc0100,C1ch,2920,735954.8927618215,4.0283828,0.6026439122730171,313.51348299999995,98.67620878772155
Cell1:cyc0000->cyc0100,Cell1,cyc0000,cyc0100,C1ch,2921,735954.8927733955,4.0287838,0.6028502931288758,313.48851199999996,98.67620878772155
Cell1:cyc0000->cyc0100,Cell1,cyc0000,cyc0100,C1ch,2922,735954.8927849696,4.028944,0.6030566706840311,313.48851199999996,98.67620878772155
Cell1:cyc0000->cyc0100,Cell1,cyc0000,cyc0100,C1ch,2923,735954.8927965438,4.0291848,0.6032630479845411,313.43856999999997,98.67620878772155
Cell1:cyc0000->cyc0100,Cell1,cyc0000,cyc0100,C1ch,2924,735954.8928081178,4.029305,0.603469426435991,313.388625,98.67620878772155
Cell1:cyc0000->cyc0100,Cell1,cyc0000,cyc0100,C1ch,2925,735954.8928196919,4.0295453,0.6036758063583507,313.48851199999996,98.67620878772155
Cell1:cyc0000->cyc0100,Cell1,cyc0000,cyc0100,C1ch,2926,735954.8928312659,4.0298662,0.6038821882610236,313.538416,98.67620878772155
Cell1:cyc0000->cyc0100,Cell1,cyc0000,cyc0100,C1ch,2927,735954.89284284,4.0299063,0.6040885712438321,313.500979,98.67620878772155
Cell1:cyc0000->cyc0100,Cell1,cyc0000,cyc0100,C1ch,2928,735954.8928544141,4.0304279,0.6042949521316257,313.413599,98.67620878772155
Cell1:cyc0000->cyc0100,Cell1,cyc0000,cyc0100,C1ch,2929,735954.8928659882,4.0306683,0.6045013343134562,313.48851199999996,98.67620878772155
Cell1:cyc0000->cyc0100,Cell1,cyc0000,cyc0100,C1ch,2930,735954.8928775622,4.0307083,0.6047077162550253,313.48851199999996,98.67620878772155
Cell1:cyc0000->cyc0100,Cell1,cyc0000,cyc0100,C1ch,2931,735954.8928891363,4.0310693,0.6049141016372983,313.52594999999997,98.67620878772155
Cell1:cyc0000->cyc0100,Cell1,cyc0000,cyc0100,C1ch,2932,735954.8929007103,4.03123,0.60512048500571,313.46354099999996,98.67620878772155
Cell1:cyc0000->cyc0100,Cell1,cyc0000,cyc0100,C1ch,2933,735954.8929122845,4.0314703,0.6053268673292677,313.55092099999996,98.67620878772155
Cell1:cyc0000->cyc0100,Cell1,cyc0000,cyc0100,C1ch,2934,735954.8929238585,4.0317912,0.6055332499764233,313.500979,98.67620878772155
Cell1:cyc0000->cyc0100,Cell1,cyc0000,cyc0100,C1ch,2935,735954.8929354326,4.0321522,0.6057396334932794,313.500979,98.67620878772155
Cell1:cyc0000->cyc0100,Cell1,cyc0000,cyc0100,C1ch,2936,735954.8929470067,4.0322723,0.6059460177137858,313.48851199999996,98.67620878772155
Cell1:cyc0000->cyc0100,Cell1,cyc0000,cyc0100,C1ch,2937,735954.8929585807,4.032433,0.6061523990948384,313.476008,98.67620878772155
Cell1:cyc0000->cyc0100,Cell1,cyc0000,cyc0100,C1ch,2938,735954.8929701549,4.0328741,0.6063587817648757,313.48851199999996,98.67620878772155
Cell1:cyc0000->cyc0100,Cell1,cyc0000,cyc0100,C1ch,2939,735954.8929817289,4.0331945,0.6065651640158285,313.48851199999996,98.67620878772155
Cell1:cyc0000->cyc0100,Cell1,cyc0000,cyc0100,C1ch,2940,735954.892993303,4.0332351,0.6067715472091437,313.51348299999995,98.67620878772155
Cell1:cyc0000->cyc0100,Cell1,cyc0000,cyc0100,C1ch,2941,735954.893004877,4.0335555,0.6069779310372383,313.476008,98.67620878772155
Cell1:cyc0000->cyc0100,Cell1,cyc0000,cyc0100,C1ch,2942,735954.8930164512,4.0337963,0.607184314670895,313.451033,98.67620878772155
Cell1:cyc0000->cyc0100,Cell1,cyc0000,cyc0100,C1ch,2943,735954.8930280252,4.0341172,0.6073906976928439,313.55092099999996,98.67620878772155
Cell1:cyc0000->cyc0100,Cell1,cyc0000,cyc0100,C1ch,2944,735954.8930395993,4.0343575,0.6075970832376335,313.55092099999996,98.67620878772155
Cell1:cyc0000->cyc0100,Cell1,cyc0000,cyc0100,C1ch,2945,735954.8930511733,4.0347185,0.6078034673645256,313.46354099999996,98.67620878772155
Cell1:cyc0000->cyc0100,Cell1,cyc0000,cyc0100,C1ch,2946,735954.8930627474,4.0347586,0.6080098516859709,313.476008,98.67620878772155
Cell1:cyc0000->cyc0100,Cell1,cyc0000,cyc0100,C1ch,2947,735954.8930743214,4.0349994,0.6082162350526054,313.476008,98.67620878772155
Cell1:cyc0000->cyc0100,Cell1,cyc0000,cyc0100,C1ch,2948,735954.8930858956,4.0351996,0.6084226201519674,313.476008,98.67620878772155
Cell1:cyc0000->cyc0100,Cell1,cyc0000,cyc0100,C1ch,2949,735954.8930974697,4.0356407,0.608629002723002,313.55092099999996,98.67620878772155
Cell1:cyc0000->cyc0100,Cell1,cyc0000,cyc0100,C1ch,2950,735954.8931090437,4.0358014,0.608835387489858,313.476008,98.67620878772155
Cell1:cyc0000->cyc0100,Cell1,cyc0000,cyc0100,C1ch,2951,735954.8931206178,4.0358415,0.6090417716997003,313.43856999999997,98.67620878772155
Cell1:cyc0000->cyc0100,Cell1,cyc0000,cyc0100,C1ch,2952,735954.8931321918,4.0361223,0.609248154297221,313.48851199999996,98.67620878772155
Cell1:cyc0000->cyc0100,Cell1,cyc0000,cyc0100,C1ch,2953,735954.893143766,4.0365233,0.6094545365605026,313.500979,98.67620878772155
Cell1:cyc0000->cyc0100,Cell1,cyc0000,cyc0100,C1ch,2954,735954.89315534,4.0368037,0.6096609198421937,313.42610399999995,98.67620878772155
Cell1:cyc0000->cyc0100,Cell1,cyc0000,cyc0100,C1ch,2955,735954.8931669141,4.0368843,0.6098673035287847,313.42610399999995,98.67620878772155
Cell1:cyc0000->cyc0100,Cell1,cyc0000,cyc0100,C1ch,2956,735954.8931784881,4.0371647,0.610073685288486,313.500979,98.67620878772155
Cell1:cyc0000->cyc0100,Cell1,cyc0000,cyc0100,C1ch,2957,735954.8931900623,4.0374055,0.6102800693905911,313.55092099999996,98.67620878772155
Cell1:cyc0000->cyc0100,Cell1,cyc0000,cyc0100,C1ch,2958,735954.8932016363,4.0377264,0.6104864546012371,313.51348299999995,98.67620878772155
Cell1:cyc0000->cyc0100,Cell1,cyc0000,cyc0100,C1ch,2959,735954.8932132104,4.0378466,0.6106928384540338,313.48851199999996,98.67620878772155
Cell1:cyc0000->cyc0100,Cell1,cyc0000,cyc0100,C1ch,2960,735954.8932247844,4.0379667,0.6108992236754522,313.46354099999996,98.67620878772155
Cell1:cyc0000->cyc0100,Cell1,cyc0000,cyc0100,C1ch,2961,735954.8932363585,4.0385284,0.6111056083116183,313.52594999999997,98.67620878772155
Cell1:cyc0000->cyc0100,Cell1,cyc0000,cyc0100,C1ch,2962,735954.8932479327,4.0386086,0.611311993637234,313.52594999999997,98.67620878772155
Cell1:cyc0000->cyc0100,Cell1,cyc0000,cyc0100,C1ch,2963,735954.8932595067,4.0389295,0.6115183768871562,313.500979,98.67620878772155
Cell1:cyc0000->cyc0100,Cell1,cyc0000,cyc0100,C1ch,2964,735954.8932710808,4.0390496,0.6117247593873596,313.538416,98.67620878772155
Cell1:cyc0000->cyc0100,Cell1,cyc0000,cyc0100,C1ch,2965,735954.8932826548,4.0395708,0.6119311434170431,313.563387,98.67620878772155
Cell1:cyc0000->cyc0100,Cell1,cyc0000,cyc0100,C1ch,2966,735954.8932942289,4.0398517,0.6121375272132837,313.48851199999996,98.67620878772155
Cell1:cyc0000->cyc0100,Cell1,cyc0000,cyc0100,C1ch,2967,735954.893305803,4.0399318,0.6123439126520115,313.52594999999997,98.67620878772155
Cell1:cyc0000->cyc0100,Cell1,cyc0000,cyc0100,C1ch,2968,735954.8933173771,4.0403328,0.6125502971587559,313.52594999999997,98.67620878772155
Cell1:cyc0000->cyc0100,Cell1,cyc0000,cyc0100,C1ch,2969,735954.8933289511,4.0406137,0.6127566806508484,313.538416,98.67620878772155
Cell1:cyc0000->cyc0100,Cell1,cyc0000,cyc0100,C1ch,2970,735954.8933405252,4.0408139,0.612963063492279,313.52594999999997,98.67620878772155
Cell1:cyc0000->cyc0100,Cell1,cyc0000,cyc0100,C1ch,2971,735954.8933520992,4.0411348,0.6131694441802709,313.48851199999996,98.67620878772155
Cell1:cyc0000->cyc0100,Cell1,cyc0000,cyc0100,C1ch,2972,735954.8933636734,4.0413756,0.6133758262402208,313.451033,98.67620878772155
Cell1:cyc0000->cyc0100,Cell1,cyc0000,cyc0100,C1ch,2973,735954.8933752474,4.0413356,0.6135822100207621,313.55092099999996,98.67620878772155
Cell1:cyc0000->cyc0100,Cell1,cyc0000,cyc0100,C1ch,2974,735954.8933868215,4.0417767,0.6137885932600946,313.51348299999995,98.67620878772155
Cell1:cyc0000->cyc0100,Cell1,cyc0000,cyc0100,C1ch,2975,735954.8933983956,4.042017,0.6139949774045343,313.51348299999995,98.67620878772155
Cell1:cyc0000->cyc0100,Cell1,cyc0000,cyc0100,C1ch,2976,735954.8934099696,4.0423779,0.6142013621378072,313.55092099999996,98.67620878772155
Cell1:cyc0000->cyc0100,Cell1,cyc0000,cyc0100,C1ch,2977,735954.8934215438,4.0426188,0.6144077474332071,313.538416,98.67620878772155
Cell1:cyc0000->cyc0100,Cell1,cyc0000,cyc0100,C1ch,2978,735954.8934331178,4.0429797,0.6146141350981921,313.55092099999996,98.67620878772155
Cell1:cyc0000->cyc0100,Cell1,cyc0000,cyc0100,C1ch,2979,735954.8934446919,4.043581,0.6148205196460741,313.58836199999996,98.67620878772155
Cell1:cyc0000->cyc0100,Cell1,cyc0000,cyc0100,C1ch,2980,735954.8934562659,4.043541,0.6150269036687318,313.46354099999996,98.67620878772155
Cell1:cyc0000->cyc0100,Cell1,cyc0000,cyc0100,C1ch,2981,735954.89346784,4.0436611,0.6152332868425632,313.51348299999995,98.67620878772155
Cell1:cyc0000->cyc0100,Cell1,cyc0000,cyc0100,C1ch,2982,735954.893479414,4.043982,0.615439668159797,313.52594999999997,98.67620878772155
Cell1:cyc0000->cyc0100,Cell1,cyc0000,cyc0100,C1ch,2983,735954.8934909882,4.0443029,0.6156460503437059,313.563387,98.67620878772155
Cell1:cyc0000->cyc0100,Cell1,cyc0000,cyc0100,C1ch,2984,735954.8935025622,4.0445032,0.6158524339312812,313.538416,98.67620878772155
Cell1:cyc0000->cyc0100,Cell1,cyc0000,cyc0100,C1ch,2985,735954.8935141363,4.0448241,0.6160588171351963,313.48851199999996,98.67620878772155
Cell1:cyc0000->cyc0100,Cell1,cyc0000,cyc0100,C1ch,2986,735954.8935257103,4.0450649,0.6162652002225375,313.500979,98.67620878772155
Cell1:cyc0000->cyc0100,Cell1,cyc0000,cyc0100,C1ch,2987,735954.8935372845,4.0451851,0.6164715841850822,313.500979,98.67620878772155
Cell1:cyc0000->cyc0100,Cell1,cyc0000,cyc0100,C1ch,2988,735954.8935488586,4.0456662,0.6166779674350044,313.51348299999995,98.67620878772155
Cell1:cyc0000->cyc0100,Cell1,cyc0000,cyc0100,C1ch,2989,735954.8935604326,4.0457463,0.6168843501528355,313.51348299999995,98.67620878772155
Cell1:cyc0000->cyc0100,Cell1,cyc0000,cyc0100,C1ch,2990,735954.8935720067,4.0460672,0.6170907333602804,313.538416,98.67620878772155
Cell1:cyc0000->cyc0100,Cell1,cyc0000,cyc0100,C1ch,2991,735954.8935835807,4.0464282,0.6172971141652764,313.538416,98.67620878772155
Cell1:cyc0000->cyc0100,Cell1,cyc0000,cyc0100,C1ch,2992,735954.8935951549,4.0467892,0.6175034945420159,313.476008,98.67620878772155
Cell1:cyc0000->cyc0100,Cell1,cyc0000,cyc0100,C1ch,2993,735954.8936067289,4.0471101,0.617709875990458,313.500979,98.67620878772155
Cell1:cyc0000->cyc0100,Cell1,cyc0000,cyc0100,C1ch,2994,735954.893618303,4.0472302,0.6179162583404713,313.575896,98.67620878772155
Cell1:cyc0000->cyc0100,Cell1,cyc0000,cyc0100,C1ch,2995,735954.893629877,4.0475512,0.6181226388428038,313.476008,98.67620878772155
Cell1:cyc0000->cyc0100,Cell1,cyc0000,cyc0100,C1ch,2996,735954.8936414511,4.0476713,0.6183290191875983,313.51348299999995,98.67620878772155
Cell1:cyc0000->cyc0100,Cell1,cyc0000,cyc0100,C1ch,2997,735954.8936530252,4.0480323,0.6185354011822373,313.575896,98.67620878772155
Cell1:cyc0000->cyc0100,Cell1,cyc0000,cyc0100,C1ch,2998,735954.8936645993,4.0483932,0.6187417816687487,313.51348299999995,98.67620878772155
Cell1:cyc0000->cyc0100,Cell1,cyc0000,cyc0100,C1ch,2999,735954.8936761733,4.0485535,0.6189481632815789,313.48851199999996,98.67620878772155
Cell1:cyc0000->cyc0100,Cell1,cyc0000,cyc0100,C1ch,3000,735954.8936877474,4.0488343,0.6191545433701038,313.51348299999995,98.67620878772155
Cell1:cyc0000->cyc0100,Cell1,cyc0000,cyc0100,C1ch,3001,735954.8936993215,4.0490351,0.6193609253947889,313.500979,98.67620878772155
Cell1:cyc0000->cyc0100,Cell1,cyc0000,cyc0100,C1ch,3002,735954.8937108956,4.0492353,0.6195673111060995,313.500979,98.67620878772155
Cell1:cyc0000->cyc0100,Cell1,cyc0000,cyc0100,C1ch,3003,735954.8937224697,4.0496764,0.6197736950065544,313.55092099999996,98.67620878772155
Cell1:cyc0000->cyc0100,Cell1,cyc0000,cyc0100,C1ch,3004,735954.8937340437,4.0501575,0.6199800774519925,313.55092099999996,98.67620878772155
Cell1:cyc0000->cyc0100,Cell1,cyc0000,cyc0100,C1ch,3005,735954.8937456178,4.0500374,0.6201864625088128,313.500979,98.67620878772155
Cell1:cyc0000->cyc0100,Cell1,cyc0000,cyc0100,C1ch,3006,735954.8937571918,4.0505986,0.6203928473622945,313.500979,98.67620878772155
Cell1:cyc0000->cyc0100,Cell1,cyc0000,cyc0100,C1ch,3007,735954.893768766,4.0509996,0.620599232840054,313.51348299999995,98.67620878772155
Cell1:cyc0000->cyc0100,Cell1,cyc0000,cyc0100,C1ch,3008,735954.89378034,4.0513206,0.6208056176741469,313.538416,98.67620878772155
Cell1:cyc0000->cyc0100,Cell1,cyc0000,cyc0100,C1ch,3009,735954.8937919141,4.0510802,0.6210120010389302,313.48851199999996,98.67620878772155
Cell1:cyc0000->cyc0100,Cell1,cyc0000,cyc0100,C1ch,3010,735954.8938034881,4.0516415,0.6212183876747505,313.575896,98.67620878772155
Cell1:cyc0000->cyc0100,Cell1,cyc0000,cyc0100,C1ch,3011,735954.8938150622,4.0518417,0.621424774643046,313.476008,98.67620878772155
Cell1:cyc0000->cyc0100,Cell1,cyc0000,cyc0100,C1ch,3012,735954.8938266363,4.0522428,0.6216311598926628,313.55092099999996,98.67620878772155
Cell1:cyc0000->cyc0100,Cell1,cyc0000,cyc0100,C1ch,3013,735954.8938382104,4.0524836,0.6218375428560248,313.575896,98.67620878772155
Cell1:cyc0000->cyc0100,Cell1,cyc0000,cyc0100,C1ch,3014,735954.8938497845,4.0527644,0.6220439255559488,313.55092099999996,98.67620878772155
Cell1:cyc0000->cyc0100,Cell1,cyc0000,cyc0100,C1ch,3015,735954.8938613585,4.0528445,0.6222503089348246,313.52594999999997,98.67620878772155
Cell1:cyc0000->cyc0100,Cell1,cyc0000,cyc0100,C1ch,3016,735954.8938729326,4.0532856,0.6224566934436409,313.563387,98.67620878772155
Cell1:cyc0000->cyc0100,Cell1,cyc0000,cyc0100,C1ch,3017,735954.8938845067,4.0536065,0.6226630781698607,313.476008,98.67620878772155
Cell1:cyc0000->cyc0100,Cell1,cyc0000,cyc0100,C1ch,3018,735954.8938960808,4.0538874,0.6228694616266242,313.58836199999996,98.67620878772155
Cell1:cyc0000->cyc0100,Cell1,cyc0000,cyc0100,C1ch,3019,735954.8939076548,4.0542479,0.623075846557824,313.476008,98.67620878772155
Cell1:cyc0000->cyc0100,Cell1,cyc0000,cyc0100,C1ch,3020,735954.8939192289,4.0545688,0.623282231565087,313.563387,98.67620878772155
Cell1:cyc0000->cyc0100,Cell1,cyc0000,cyc0100,C1ch,3021,735954.8939308029,4.0545688,0.623488614949351,313.538416,98.67620878772155
Cell1:cyc0000->cyc0100,Cell1,cyc0000,cyc0100,C1ch,3022,735954.8939423771,4.0550499,0.6236949964666646,313.451033,98.67620878772155
Cell1:cyc0000->cyc0100,Cell1,cyc0000,cyc0100,C1ch,3023,735954.8939539511,4.0554109,0.6239013779521688,313.500979,98.67620878772155
Cell1:cyc0000->cyc0100,Cell1,cyc0000,cyc0100,C1ch,3024,735954.8939655252,4.0557718,0.6241077606346198,313.52594999999997,98.67620878772155
Cell1:cyc0000->cyc0100,Cell1,cyc0000,cyc0100,C1ch,3025,735954.8939770992,4.055892,0.6243141409939507,313.625796,98.67620878772155
Cell1:cyc0000->cyc0100,Cell1,cyc0000,cyc0100,C1ch,3026,735954.8939886733,4.0560126,0.6245205221944783,313.538416,98.67620878772155
Cell1:cyc0000->cyc0100,Cell1,cyc0000,cyc0100,C1ch,3027,735954.8940002475,4.0564938,0.6247269039628228,313.51348299999995,98.67620878772155
Cell1:cyc0000->cyc0100,Cell1,cyc0000,cyc0100,C1ch,3028,735954.8940118215,4.0567746,0.6249332834750025,313.538416,98.67620878772155
Cell1:cyc0000->cyc0100,Cell1,cyc0000,cyc0100,C1ch,3029,735954.8940233956,4.0570149,0.6251396650786742,313.51348299999995,98.67620878772155
Cell1:cyc0000->cyc0100,Cell1,cyc0000,cyc0100,C1ch,3030,735954.8940349696,4.057416,0.6253460474093289,313.575896,98.67620878772155
Cell1:cyc0000->cyc0100,Cell1,cyc0000,cyc0100,C1ch,3031,735954.8940465437,4.057857,0.6255524297027452,313.500979,98.67620878772155
Cell1:cyc0000->cyc0100,Cell1,cyc0000,cyc0100,C1ch,3032,735954.8940581178,4.0581379,0.6257588087552794,313.58836199999996,98.67620878772155
Cell1:cyc0000->cyc0100,Cell1,cyc0000,cyc0100,C1ch,3033,735954.8940696919,4.0580177,0.6259651911531916,313.600829,98.67620878772155
Cell1:cyc0000->cyc0100,Cell1,cyc0000,cyc0100,C1ch,3034,735954.8940812659,4.0584188,0.6261715729003703,313.43856999999997,98.67620878772155
Cell1:cyc0000->cyc0100,Cell1,cyc0000,cyc0100,C1ch,3035,735954.89409284,4.0587797,0.6263779562368539,313.55092099999996,98.67620878772155
Cell1:cyc0000->cyc0100,Cell1,cyc0000,cyc0100,C1ch,3036,735954.894104414,4.0591402,0.626584338990014,313.575896,98.67620878772155
Cell1:cyc0000->cyc0100,Cell1,cyc0000,cyc0100,C1ch,3037,735954.8941159882,4.059341,0.626790718477434,313.563387,98.67620878772155
Cell1:cyc0000->cyc0100,Cell1,cyc0000,cyc0100,C1ch,3038,735954.8941275622,4.0597019,0.6269970981557311,313.55092099999996,98.67620878772155
Cell1:cyc0000->cyc0100,Cell1,cyc0000,cyc0100,C1ch,3039,735954.8941391363,4.0600228,0.6272034771003827,313.476008,98.67620878772155
Cell1:cyc0000->cyc0100,Cell1,cyc0000,cyc0100,C1ch,3040,735954.8941507103,4.0602231,0.62740985854147,313.575896,98.67620878772155
Cell1:cyc0000->cyc0100,Cell1,cyc0000,cyc0100,C1ch,3041,735954.8941622844,4.060504,0.6276162407961935,313.51348299999995,98.67620878772155
Cell1:cyc0000->cyc0100,Cell1,cyc0000,cyc0100,C1ch,3042,735954.8941738586,4.0607443,0.6278226243854913,313.55092099999996,98.67620878772155
Cell1:cyc0000->cyc0100,Cell1,cyc0000,cyc0100,C1ch,3043,735954.8941854326,4.0610652,0.6280290069935777,313.46354099999996,98.67620878772155
Cell1:cyc0000->cyc0100,Cell1,cyc0000,cyc0100,C1ch,3044,735954.8941970067,4.0615063,0.6282353879977925,313.538416,98.67620878772155
Cell1:cyc0000->cyc0100,Cell1,cyc0000,cyc0100,C1ch,3045,735954.8942085807,4.061707,0.628441768162374,313.563387,98.67620878772155
Cell1:cyc0000->cyc0100,Cell1,cyc0000,cyc0100,C1ch,3046,735954.8942201548,4.0621481,0.6286481459258796,313.58836199999996,98.67620878772155
Cell1:cyc0000->cyc0100,Cell1,cyc0000,cyc0100,C1ch,3047,735954.8942317289,4.062469,0.6288545237248773,313.500979,98.67620878772155
Cell1:cyc0000->cyc0100,Cell1,cyc0000,cyc0100,C1ch,3048,735954.894243303,4.0626693,0.6290609047911785,313.451033,98.67620878772155
Cell1:cyc0000->cyc0100,Cell1,cyc0000,cyc0100,C1ch,3049,735954.894254877,4.06287,0.6292672849929573,313.500979,98.67620878772155
Cell1:cyc0000->cyc0100,Cell1,cyc0000,cyc0100,C1ch,3050,735954.8942664511,4.0631905,0.6294736629864399,313.538416,98.67620878772155
Cell1:cyc0000->cyc0100,Cell1,cyc0000,cyc0100,C1ch,3051,735954.8942780251,4.063632,0.629680043071462,313.563387,98.67620878772155
Cell1:cyc0000->cyc0100,Cell1,cyc0000,cyc0100,C1ch,3052,735954.8942895993,4.0638323,0.6298864212647197,313.52594999999997,98.67620878772155
Cell1:cyc0000->cyc0100,Cell1,cyc0000,cyc0100,C1ch,3053,735954.8943011733,4.0641131,0.6300928003719379,313.51348299999995,98.67620878772155
Cell1:cyc0000->cyc0100,Cell1,cyc0000,cyc0100,C1ch,3054,735954.8943127474,4.0643134,0.6302991808265246,313.55092099999996,98.67620878772155
Cell1:cyc0000->cyc0100,Cell1,cyc0000,cyc0100,C1ch,3055,735954.8943243215,4.0647945,0.6305055616276382,313.52594999999997,98.67620878772155
Cell1:cyc0000->cyc0100,Cell1,cyc0000,cyc0100,C1ch,3056,735954.8943358955,4.0647945,0.6307119396704914,313.575896,98.67620878772155
Cell1:cyc0000->cyc0100,Cell1,cyc0000,cyc0100,C1ch,3057,735954.8943474697,4.0651155,0.6309183190802783,313.55092099999996,98.67620878772155
Cell1:cyc0000->cyc0100,Cell1,cyc0000,cyc0100,C1ch,3058,735954.8943590437,4.0653563,0.6311246987995369,313.55092099999996,98.67620878772155
Cell1:cyc0000->cyc0100,Cell1,cyc0000,cyc0100,C1ch,3059,735954.8943706178,4.0657973,0.6313310821573993,313.52594999999997,98.67620878772155
Cell1:cyc0000->cyc0100,Cell1,cyc0000,cyc0100,C1ch,3060,735954.8943821918,4.0659976,0.6315374637877333,313.563387,98.67620878772155
Cell1:cyc0000->cyc0100,Cell1,cyc0000,cyc0100,C1ch,3061,735954.894393766,4.0664792,0.6317438465833605,313.538416,98.67620878772155
Cell1:cyc0000->cyc0100,Cell1,cyc0000,cyc0100,C1ch,3062,735954.89440534,4.0666394,0.6319502293861795,313.52594999999997,98.67620878772155
Cell1:cyc0000->cyc0100,Cell1,cyc0000,cyc0100,C1ch,3063,735954.8944169141,4.0668802,0.6321566107497016,313.48851199999996,98.67620878772155
Cell1:cyc0000->cyc0100,Cell1,cyc0000,cyc0100,C1ch,3064,735954.8944284881,4.0672407,0.6323629912201639,313.55092099999996,98.67620878772155
Cell1:cyc0000->cyc0100,Cell1,cyc0000,cyc0100,C1ch,3065,735954.8944400622,4.0676823,0.6325693718284403,313.538416,98.67620878772155
Cell1:cyc0000->cyc0100,Cell1,cyc0000,cyc0100,C1ch,3066,735954.8944516362,4.0679626,0.6327757541128133,313.51348299999995,98.67620878772155
Cell1:cyc0000->cyc0100,Cell1,cyc0000,cyc0100,C1ch,3067,735954.8944632104,4.0683236,0.632982135562917,313.52594999999997,98.67620878772155
Cell1:cyc0000->cyc0100,Cell1,cyc0000,cyc0100,C1ch,3068,735954.8944747845,4.0685644,0.633188518377984,313.52594999999997,98.67620878772155
Cell1:cyc0000->cyc0100,Cell1,cyc0000,cyc0100,C1ch,3069,735954.8944863585,4.0687647,0.6333948999075895,313.563387,98.67620878772155
Cell1:cyc0000->cyc0100,Cell1,cyc0000,cyc0100,C1ch,3070,735954.8944979326,4.0689254,0.6336012810042216,313.500979,98.67620878772155
Cell1:cyc0000->cyc0100,Cell1,cyc0000,cyc0100,C1ch,3071,735954.8945095066,4.0693264,0.6338076622350632,313.52594999999997,98.67620878772155
Cell1:cyc0000->cyc0100,Cell1,cyc0000,cyc0100,C1ch,3072,735954.8945210808,4.0697274,0.634014043016622,313.48851199999996,98.67620878772155
Cell1:cyc0000->cyc0100,Cell1,cyc0000,cyc0100,C1ch,3073,735954.8945326548,4.0699677,0.6342204251808845,313.52594999999997,98.67620878772155
Cell1:cyc0000->cyc0100,Cell1,cyc0000,cyc0100,C1ch,3074,735954.8945442289,4.0702887,0.6344268057238126,313.51348299999995,98.67620878772155
Cell1:cyc0000->cyc0100,Cell1,cyc0000,cyc0100,C1ch,3075,735954.8945558029,4.0704894,0.6346331862898797,313.51348299999995,98.67620878772155
Cell1:cyc0000->cyc0100,Cell1,cyc0000,cyc0100,C1ch,3076,735954.894567377,4.0707698,0.6348395676887071,313.55092099999996,98.67620878772155
Cell1:cyc0000->cyc0100,Cell1,cyc0000,cyc0100,C1ch,3077,735954.8945789511,4.0711308,0.6350459478090683,313.51348299999995,98.67620878772155
Cell1:cyc0000->cyc0100,Cell1,cyc0000,cyc0100,C1ch,3078,735954.8945905252,4.0714116,0.6352523273794318,313.538416,98.67620878772155
Cell1:cyc0000->cyc0100,Cell1,cyc0000,cyc0100,C1ch,3079,735954.8946020992,4.0716119,0.6354587096217786,313.500979,98.67620878772155
Cell1:cyc0000->cyc0100,Cell1,cyc0000,cyc0100,C1ch,3080,735954.8946136733,4.0721736,0.6356650918569132,313.51348299999995,98.67620878772155
Cell1:cyc0000->cyc0100,Cell1,cyc0000,cyc0100,C1ch,3081,735954.8946252475,4.072454,0.6358714747567547,313.55092099999996,98.67620878772155
Cell1:cyc0000->cyc0100,Cell1,cyc0000,cyc0100,C1ch,3082,735954.8946368215,4.0725346,0.636077857564626,313.563387,98.67620878772155
Cell1:cyc0000->cyc0100,Cell1,cyc0000,cyc0100,C1ch,3083,735954.8946483956,4.0729756,0.636284240119595,313.43856999999997,98.67620878772155
Cell1:cyc0000->cyc0100,Cell1,cyc0000,cyc0100,C1ch,3084,735954.8946599696,4.073256,0.6364906230405988,313.51348299999995,98.67620878772155
Cell1:cyc0000->cyc0100,Cell1,cyc0000,cyc0100,C1ch,3085,735954.8946715437,4.0735369,0.6366970056273397,313.55092099999996,98.67620878772155
Cell1:cyc0000->cyc0100,Cell1,cyc0000,cyc0100,C1ch,3086,735954.8946831177,4.073657,0.6369033878943515,313.48851199999996,98.67620878772155
Cell1:cyc0000->cyc0100,Cell1,cyc0000,cyc0100,C1ch,3087,735954.8946946919,4.0740981,0.6371097675940178,313.52594999999997,98.67620878772155
Cell1:cyc0000->cyc0100,Cell1,cyc0000,cyc0100,C1ch,3088,735954.8947062659,4.0742588,0.6373161498291016,313.55092099999996,98.67620878772155
Cell1:cyc0000->cyc0100,Cell1,cyc0000,cyc0100,C1ch,3089,735954.89471784,4.0746198,0.6375225338818697,313.538416,98.67620878772155
Cell1:cyc0000->cyc0100,Cell1,cyc0000,cyc0100,C1ch,3090,735954.894729414,4.075181,0.6377289159525755,313.52594999999997,98.67620878772155
Cell1:cyc0000->cyc0100,Cell1,cyc0000,cyc0100,C1ch,3091,735954.8947409882,4.0753412,0.6379352964672782,313.451033,98.67620878772155
Cell1:cyc0000->cyc0100,Cell1,cyc0000,cyc0100,C1ch,3092,735954.8947525622,4.0755019,0.6381416762357686,313.575896,98.67620878772155
Cell1:cyc0000->cyc0100,Cell1,cyc0000,cyc0100,C1ch,3093,735954.8947641363,4.0757022,0.6383480564324306,313.52594999999997,98.67620878772155
Cell1:cyc0000->cyc0100,Cell1,cyc0000,cyc0100,C1ch,3094,735954.8947757104,4.075983,0.6385544360154216,313.46354099999996,98.67620878772155
Cell1:cyc0000->cyc0100,Cell1,cyc0000,cyc0100,C1ch,3095,735954.8947872844,4.076344,0.6387608161497838,313.476008,98.67620878772155
Cell1:cyc0000->cyc0100,Cell1,cyc0000,cyc0100,C1ch,3096,735954.8947988586,4.0765443,0.6389672005983379,313.51348299999995,98.67620878772155
Cell1:cyc0000->cyc0100,Cell1,cyc0000,cyc0100,C1ch,3097,735954.8948104326,4.0769453,0.6391735826956313,313.52594999999997,98.67620878772155
Cell1:cyc0000->cyc0100,Cell1,cyc0000,cyc0100,C1ch,3098,735954.8948220067,4.077106,0.6393799650119324,313.46354099999996,98.67620878772155
Cell1:cyc0000->cyc0100,Cell1,cyc0000,cyc0100,C1ch,3099,735954.8948335807,4.0774269,0.639586347011834,313.500979,98.67620878772155
Cell1:cyc0000->cyc0100,Cell1,cyc0000,cyc0100,C1ch,3100,735954.8948451548,4.077908,0.6397927281667412,313.563387,98.67620878772155
Cell1:cyc0000->cyc0100,Cell1,cyc0000,cyc0100,C1ch,3101,735954.8948567288,4.0781889,0.6399991103506266,313.500979,98.67620878772155
Cell1:cyc0000->cyc0100,Cell1,cyc0000,cyc0100,C1ch,3102,735954.894868303,4.0783892,0.6402054943768276,313.476008,98.67620878772155
Cell1:cyc0000->cyc0100,Cell1,cyc0000,cyc0100,C1ch,3103,735954.894879877,4.0787501,0.6404118789174771,313.46354099999996,98.67620878772155
Cell1:cyc0000->cyc0100,Cell1,cyc0000,cyc0100,C1ch,3104,735954.8948914511,4.0789905,0.640618262478709,313.476008,98.67620878772155
Cell1:cyc0000->cyc0100,Cell1,cyc0000,cyc0100,C1ch,3105,735954.8949030251,4.079071,0.6408246466427715,313.413599,98.67620878772155
Cell1:cyc0000->cyc0100,Cell1,cyc0000,cyc0100,C1ch,3106,735954.8949145993,4.0794721,0.641031028939687,313.40113299999996,98.67620878772155
Cell1:cyc0000->cyc0100,Cell1,cyc0000,cyc0100,C1ch,3107,735954.8949261734,4.079833,0.6412374113020155,313.51348299999995,98.67620878772155
Cell1:cyc0000->cyc0100,Cell1,cyc0000,cyc0100,C1ch,3108,735954.8949377474,4.0802341,0.6414437926921317,313.538416,98.67620878772155
Cell1:cyc0000->cyc0100,Cell1,cyc0000,cyc0100,C1ch,3109,735954.8949493215,4.0803943,0.6416501753551398,313.476008,98.67620878772155
Cell1:cyc0000->cyc0100,Cell1,cyc0000,cyc0100,C1ch,3110,735954.8949608955,4.0808353,0.6418565575441827,313.500979,98.67620878772155
Cell1:cyc0000->cyc0100,Cell1,cyc0000,cyc0100,C1ch,3111,735954.8949724697,4.0811162,0.6420629397208828,313.413599,98.67620878772155
Cell1:cyc0000->cyc0100,Cell1,cyc0000,cyc0100,C1ch,3112,735954.8949840437,4.0811162,0.6422693214981147,313.48851199999996,98.67620878772155
Cell1:cyc0000->cyc0100,Cell1,cyc0000,cyc0100,C1ch,3113,735954.8949956178,4.0816774,0.6424757032946338,313.46354099999996,98.67620878772155
Cell1:cyc0000->cyc0100,Cell1,cyc0000,cyc0100,C1ch,3114,735954.8950071918,4.0818782,0.642682083768809,313.48851199999996,98.67620878772155
Cell1:cyc0000->cyc0100,Cell1,cyc0000,cyc0100,C1ch,3115,735954.8950187659,4.0820785,0.6428884654096781,313.476008,98.67620878772155
Cell1:cyc0000->cyc0100,Cell1,cyc0000,cyc0100,C1ch,3116,735954.89503034,4.0825996,0.6430948476872388,313.451033,98.67620878772155
Cell1:cyc0000->cyc0100,Cell1,cyc0000,cyc0100,C1ch,3117,735954.8950419141,4.0826402,0.643301231181115,313.538416,98.67620878772155
Cell1:cyc0000->cyc0100,Cell1,cyc0000,cyc0100,C1ch,3118,735954.8950534881,4.0830007,0.6435076153009134,313.451033,98.67620878772155
Cell1:cyc0000->cyc0100,Cell1,cyc0000,cyc0100,C1ch,3119,735954.8950650622,4.0832415,0.6437139969435832,313.52594999999997,98.67620878772155
Cell1:cyc0000->cyc0100,Cell1,cyc0000,cyc0100,C1ch,3120,735954.8950766363,4.0834417,0.6439203797496676,313.451033,98.67620878772155
Cell1:cyc0000->cyc0100,Cell1,cyc0000,cyc0100,C1ch,3121,735954.8950882104,4.0836825,0.6441267618891127,313.46354099999996,98.67620878772155
Cell1:cyc0000->cyc0100,Cell1,cyc0000,cyc0100,C1ch,3122,735954.8950997845,4.0840435,0.6443331444371032,313.476008,98.67620878772155
Cell1:cyc0000->cyc0100,Cell1,cyc0000,cyc0100,C1ch,3123,735954.8951113585,4.0844445,0.644539527494561,313.43856999999997,98.67620878772155
Cell1:cyc0000->cyc0100,Cell1,cyc0000,cyc0100,C1ch,3124,735954.8951229326,4.0847254,0.644745908946255,313.46354099999996,98.67620878772155
Cell1:cyc0000->cyc0100,Cell1,cyc0000,cyc0100,C1ch,3125,735954.8951345066,4.0849257,0.6449522909813706,313.46354099999996,98.67620878772155
Cell1:cyc0000->cyc0100,Cell1,cyc0000,cyc0100,C1ch,3126,735954.8951460808,4.0851665,0.6451586735133192,313.43856999999997,98.67620878772155
Cell1:cyc0000->cyc0100,Cell1,cyc0000,cyc0100,C1ch,3127,735954.8951576548,4.0854068,0.6453650576880222,313.51348299999995,98.67620878772155
Cell1:cyc0000->cyc0100,Cell1,cyc0000,cyc0100,C1ch,3128,735954.8951692289,4.0856476,0.6455714420253772,313.538416,98.67620878772155
Cell1:cyc0000->cyc0100,Cell1,cyc0000,cyc0100,C1ch,3129,735954.8951808029,4.0858479,0.6457778269622735,313.48851199999996,98.67620878772155
Cell1:cyc0000->cyc0100,Cell1,cyc0000,cyc0100,C1ch,3130,735954.895192377,4.0863295,0.6459842112304315,313.500979,98.67620878772155
Cell1:cyc0000->cyc0100,Cell1,cyc0000,cyc0100,C1ch,3131,735954.895203951,4.0864897,0.6461905945458812,313.42610399999995,98.67620878772155
Cell1:cyc0000->cyc0100,Cell1,cyc0000,cyc0100,C1ch,3132,735954.8952155252,4.087091,0.6463969802660386,313.500979,98.67620878772155
Cell1:cyc0000->cyc0100,Cell1,cyc0000,cyc0100,C1ch,3133,735954.8952270993,4.0873718,0.6466033651549887,313.52594999999997,98.67620878772155
Cell1:cyc0000->cyc0100,Cell1,cyc0000,cyc0100,C1ch,3134,735954.8952386733,4.0872517,0.6468097509705198,313.451033,98.67620878772155
Cell1:cyc0000->cyc0100,Cell1,cyc0000,cyc0100,C1ch,3135,735954.8952502474,4.0876927,0.6470161361191846,313.476008,98.67620878772155
Cell1:cyc0000->cyc0100,Cell1,cyc0000,cyc0100,C1ch,3136,735954.8952618215,4.087893,0.647222521984036,313.43856999999997,98.67620878772155
Cell1:cyc0000->cyc0100,Cell1,cyc0000,cyc0100,C1ch,3137,735954.8952733956,4.0880537,0.6474289078930665,313.43856999999997,98.67620878772155
Cell1:cyc0000->cyc0100,Cell1,cyc0000,cyc0100,C1ch,3138,735954.8952849696,4.0887756,0.6476352938993768,313.451033,98.67620878772155
Cell1:cyc0000->cyc0100,Cell1,cyc0000,cyc0100,C1ch,3139,735954.8952965437,4.0885348,0.647841679711185,313.42610399999995,98.67620878772155
Cell1:cyc0000->cyc0100,Cell1,cyc0000,cyc0100,C1ch,3140,735954.8953081177,4.0890961,0.6480480646001655,313.563387,98.67620878772155
Cell1:cyc0000->cyc0100,Cell1,cyc0000,cyc0100,C1ch,3141,735954.8953196919,4.0894971,0.6482544492274982,313.476008,98.67620878772155
Cell1:cyc0000->cyc0100,Cell1,cyc0000,cyc0100,C1ch,3142,735954.8953312659,4.0895777,0.6484608331509839,313.42610399999995,98.67620878772155
Cell1:cyc0000->cyc0100,Cell1,cyc0000,cyc0100,C1ch,3143,735954.89534284,4.089818,0.6486672187118598,313.43856999999997,98.67620878772155
Cell1:cyc0000->cyc0100,Cell1,cyc0000,cyc0100,C1ch,3144,735954.895354414,4.090219,0.6488736017957222,313.48851199999996,98.67620878772155
Cell1:cyc0000->cyc0100,Cell1,cyc0000,cyc0100,C1ch,3145,735954.8953659881,4.0904999,0.6490799875934652,313.46354099999996,98.67620878772155
Cell1:cyc0000->cyc0100,Cell1,cyc0000,cyc0100,C1ch,3146,735954.8953775623,4.0906601,0.6492863719608188,313.40113299999996,98.67620878772155
Cell1:cyc0000->cyc0100,Cell1,cyc0000,cyc0100,C1ch,3147,735954.8953891363,4.0910211,0.649492759098799,313.476008,98.67620878772155
Cell1:cyc0000->cyc0100,Cell1,cyc0000,cyc0100,C1ch,3148,735954.8954007104,4.0911818,0.6496991476212466,313.42610399999995,98.67620878772155
Cell1:cyc0000->cyc0100,Cell1,cyc0000,cyc0100,C1ch,3149,735954.8954122844,4.0915828,0.6499055348016628,313.451033,98.67620878772155
Cell1:cyc0000->cyc0100,Cell1,cyc0000,cyc0100,C1ch,3150,735954.8954238585,4.0918231,0.6501119216301676,313.43856999999997,98.67620878772155
Cell1:cyc0000->cyc0100,Cell1,cyc0000,cyc0100,C1ch,3151,735954.8954354326,4.0919838,0.6503183080697631,313.451033,98.67620878772155
Cell1:cyc0000->cyc0100,Cell1,cyc0000,cyc0100,C1ch,3152,735954.8954470067,4.0925851,0.6505246955296835,313.413599,98.67620878772155
Cell1:cyc0000->cyc0100,Cell1,cyc0000,cyc0100,C1ch,3153,735954.8954585807,4.092505,0.6507310822185567,313.413599,98.67620878772155
Cell1:cyc0000->cyc0100,Cell1,cyc0000,cyc0100,C1ch,3154,735954.8954701548,4.0928659,0.650937469964698,313.376158,98.67620878772155
Cell1:cyc0000->cyc0100,Cell1,cyc0000,cyc0100,C1ch,3155,735954.8954817288,4.0930662,0.6511438555889756,313.476008,98.67620878772155
Cell1:cyc0000->cyc0100,Cell1,cyc0000,cyc0100,C1ch,3156,735954.895493303,4.0933871,0.6513502418218622,313.42610399999995,98.67620878772155
Cell1:cyc0000->cyc0100,Cell1,cyc0000,cyc0100,C1ch,3157,735954.895504877,4.0935473,0.6515566274286263,313.36369199999996,98.67620878772155
Cell1:cyc0000->cyc0100,Cell1,cyc0000,cyc0100,C1ch,3158,735954.8955164511,4.0938282,0.6517630150510391,313.42610399999995,98.67620878772155
Cell1:cyc0000->cyc0100,Cell1,cyc0000,cyc0100,C1ch,3159,735954.8955280252,4.0942292,0.6519694010219997,313.413599,98.67620878772155
Cell1:cyc0000->cyc0100,Cell1,cyc0000,cyc0100,C1ch,3160,735954.8955395992,4.0947104,0.6521757876171469,313.476008,98.67620878772155
Cell1:cyc0000->cyc0100,Cell1,cyc0000,cyc0100,C1ch,3161,735954.8955511734,4.0949512,0.6523821752661267,313.42610399999995,98.67620878772155
Cell1:cyc0000->cyc0100,Cell1,cyc0000,cyc0100,C1ch,3162,735954.8955627474,4.0951114,0.6525885626429341,313.46354099999996,98.67620878772155
Cell1:cyc0000->cyc0100,Cell1,cyc0000,cyc0100,C1ch,3163,735954.8955743215,4.0951915,0.6527949493529256,313.42610399999995,98.67620878772155
Cell1:cyc0000->cyc0100,Cell1,cyc0000,cyc0100,C1ch,3164,735954.8955858955,4.095633,0.6530013354460993,313.46354099999996,98.67620878772155
Cell1:cyc0000->cyc0100,Cell1,cyc0000,cyc0100,C1ch,3165,735954.8955974696,4.0958333,0.6532077205047471,313.43856999999997,98.67620878772155
Cell1:cyc0000->cyc0100,Cell1,cyc0000,cyc0100,C1ch,3166,735954.8956090437,4.0959935,0.653414104636939,313.42610399999995,98.67620878772155
Cell1:cyc0000->cyc0100,Cell1,cyc0000,cyc0100,C1ch,3167,735954.8956206178,4.0965552,0.6536204906290656,313.43856999999997,98.67620878772155
Cell1:cyc0000->cyc0100,Cell1,cyc0000,cyc0100,C1ch,3168,735954.8956321918,4.0965552,0.6538268752970343,313.42610399999995,98.67620878772155
Cell1:cyc0000->cyc0100,Cell1,cyc0000,cyc0100,C1ch,3169,735954.8956437659,4.0969563,0.6540332612770386,313.451033,98.67620878772155
Cell1:cyc0000->cyc0100,Cell1,cyc0000,cyc0100,C1ch,3170,735954.8956553399,4.0973172,0.6542396461306186,313.476008,98.67620878772155
Cell1:cyc0000->cyc0100,Cell1,cyc0000,cyc0100,C1ch,3171,735954.8956669141,4.0975976,0.6544460304518772,313.42610399999995,98.67620878772155
Cell1:cyc0000->cyc0100,Cell1,cyc0000,cyc0100,C1ch,3172,735954.8956784882,4.0975976,0.6546524142797885,313.451033,98.67620878772155
Cell1:cyc0000->cyc0100,Cell1,cyc0000,cyc0100,C1ch,3173,735954.8956900622,4.0980792,0.6548587988628879,313.43856999999997,98.67620878772155
Cell1:cyc0000->cyc0100,Cell1,cyc0000,cyc0100,C1ch,3174,735954.8957016363,4.0984802,0.6550651831010437,313.42610399999995,98.67620878772155
Cell1:cyc0000->cyc0100,Cell1,cyc0000,cyc0100,C1ch,3175,735954.8957132103,4.0983996,0.6552715686458707,313.388625,98.67620878772155
Cell1:cyc0000->cyc0100,Cell1,cyc0000,cyc0100,C1ch,3176,735954.8957247845,4.0988407,0.655477954931488,313.476008,98.67620878772155
Cell1:cyc0000->cyc0100,Cell1,cyc0000,cyc0100,C1ch,3177,735954.8957363585,4.0991216,0.6556843401103788,313.43856999999997,98.67620878772155
Cell1:cyc0000->cyc0100,Cell1,cyc0000,cyc0100,C1ch,3178,735954.8957479326,4.0992823,0.6558907244953951,313.42610399999995,98.67620878772155
Cell1:cyc0000->cyc0100,Cell1,cyc0000,cyc0100,C1ch,3179,735954.8957595066,4.0994825,0.6560971108855794,313.388625,98.67620878772155
Cell1:cyc0000->cyc0100,Cell1,cyc0000,cyc0100,C1ch,3180,735954.8957710807,4.0998435,0.6563034975672506,313.476008,98.67620878772155
Cell1:cyc0000->cyc0100,Cell1,cyc0000,cyc0100,C1ch,3181,735954.8957826548,4.1002445,0.6565098824667324,313.36369199999996,98.67620878772155
Cell1:cyc0000->cyc0100,Cell1,cyc0000,cyc0100,C1ch,3182,735954.8957942289,4.1004853,0.6567162683633762,313.40113299999996,98.67620878772155
Cell1:cyc0000->cyc0100,Cell1,cyc0000,cyc0100,C1ch,3183,735954.8958058029,4.1008458,0.6569226530453153,313.413599,98.67620878772155
Cell1:cyc0000->cyc0100,Cell1,cyc0000,cyc0100,C1ch,3184,735954.895817377,4.1009665,0.6571290356586744,313.451033,98.67620878772155
Cell1:cyc0000->cyc0100,Cell1,cyc0000,cyc0100,C1ch,3185,735954.8958289512,4.1014476,0.6573354197695482,313.40113299999996,98.67620878772155
Cell1:cyc0000->cyc0100,Cell1,cyc0000,cyc0100,C1ch,3186,735954.8958405252,4.1015677,0.6575418029470047,313.451033,98.67620878772155
Cell1:cyc0000->cyc0100,Cell1,cyc0000,cyc0100,C1ch,3187,735954.8958520993,4.1018085,0.6577481877227885,313.33872099999996,98.67620878772155
Cell1:cyc0000->cyc0100,Cell1,cyc0000,cyc0100,C1ch,3188,735954.8958636733,4.1018486,0.6579545735735982,313.388625,98.67620878772155
Cell1:cyc0000->cyc0100,Cell1,cyc0000,cyc0100,C1ch,3189,735954.8958752474,4.1022496,0.6581609595923325,313.388625,98.67620878772155
Cell1:cyc0000->cyc0100,Cell1,cyc0000,cyc0100,C1ch,3190,735954.8958868214,4.1026106,0.6583673461785348,313.42610399999995,98.67620878772155
Cell1:cyc0000->cyc0100,Cell1,cyc0000,cyc0100,C1ch,3191,735954.8958983956,4.1031318,0.6585737342499287,313.40113299999996,98.67620878772155
Cell1:cyc0000->cyc0100,Cell1,cyc0000,cyc0100,C1ch,3192,735954.8959099696,4.1032519,0.658780120576328,313.36369199999996,98.67620878772155
Cell1:cyc0000->cyc0100,Cell1,cyc0000,cyc0100,C1ch,3193,735954.8959215437,4.1036129,0.6589865066272041,313.376158,98.67620878772155
Cell1:cyc0000->cyc0100,Cell1,cyc0000,cyc0100,C1ch,3194,735954.8959331177,4.1038537,0.6591928910634121,313.351187,98.67620878772155
Cell1:cyc0000->cyc0100,Cell1,cyc0000,cyc0100,C1ch,3195,735954.8959446918,4.1039739,0.6593992767922294,313.476008,98.67620878772155
Cell1:cyc0000->cyc0100,Cell1,cyc0000,cyc0100,C1ch,3196,735954.8959562659,4.1042547,0.6596056617572124,313.33872099999996,98.67620878772155
Cell1:cyc0000->cyc0100,Cell1,cyc0000,cyc0100,C1ch,3197,735954.89596784,4.104495,0.6598120483470528,313.43856999999997,98.67620878772155
Cell1:cyc0000->cyc0100,Cell1,cyc0000,cyc0100,C1ch,3198,735954.8959794141,4.1047759,0.6600184356812777,313.388625,98.67620878772155
Cell1:cyc0000->cyc0100,Cell1,cyc0000,cyc0100,C1ch,3199,735954.8959909881,4.1048961,0.6602248236414592,313.388625,98.67620878772155
Cell1:cyc0000->cyc0100,Cell1,cyc0000,cyc0100,C1ch,3200,735954.8960025623,4.1053777,0.6604312100704753,313.376158,98.67620878772155
Cell1:cyc0000->cyc0100,Cell1,cyc0000,cyc0100,C1ch,3201,735954.8960141363,4.1056981,0.6606375968653768,313.388625,98.67620878772155
Cell1:cyc0000->cyc0100,Cell1,cyc0000,cyc0100,C1ch,3202,735954.8960257104,4.105979,0.660843985737932,313.43856999999997,98.67620878772155
Cell1:cyc0000->cyc0100,Cell1,cyc0000,cyc0100,C1ch,3203,735954.8960372844,4.1061797,0.661050373894243,313.33872099999996,98.67620878772155
Cell1:cyc0000->cyc0100,Cell1,cyc0000,cyc0100,C1ch,3204,735954.8960488585,4.1064601,0.6612567608306986,313.40113299999996,98.67620878772155
Cell1:cyc0000->cyc0100,Cell1,cyc0000,cyc0100,C1ch,3205,735954.8960604325,4.1066208,0.6614631460751342,313.376158,98.67620878772155
Cell1:cyc0000->cyc0100,Cell1,cyc0000,cyc0100,C1ch,3206,735954.8960720067,4.1070218,0.6616695339184535,313.388625,98.67620878772155
Cell1:cyc0000->cyc0100,Cell1,cyc0000,cyc0100,C1ch,3207,735954.8960835807,4.1073828,0.6618759206142611,313.33872099999996,98.67620878772155
Cell1:cyc0000->cyc0100,Cell1,cyc0000,cyc0100,C1ch,3208,735954.8960951548,4.1076231,0.6620823088820768,313.413599,98.67620878772155
Cell1:cyc0000->cyc0100,Cell1,cyc0000,cyc0100,C1ch,3209,735954.8961067288,4.1077838,0.6622886967927416,313.388625,98.67620878772155
Cell1:cyc0000->cyc0100,Cell1,cyc0000,cyc0100,C1ch,3210,735954.896118303,4.1080642,0.6624950850234952,313.40113299999996,98.67620878772155
Cell1:cyc0000->cyc0100,Cell1,cyc0000,cyc0100,C1ch,3211,735954.8961298771,4.1085052,0.6627014751317919,313.451033,98.67620878772155
Cell1:cyc0000->cyc0100,Cell1,cyc0000,cyc0100,C1ch,3212,735954.8961414511,4.108706,0.662907863595815,313.326216,98.67620878772155
Cell1:cyc0000->cyc0100,Cell1,cyc0000,cyc0100,C1ch,3213,735954.8961530252,4.1089063,0.66311425253007,313.31374999999997,98.67620878772155
Cell1:cyc0000->cyc0100,Cell1,cyc0000,cyc0100,C1ch,3214,735954.8961645992,4.1093073,0.6633206426684536,313.351187,98.67620878772155
Cell1:cyc0000->cyc0100,Cell1,cyc0000,cyc0100,C1ch,3215,735954.8961761734,4.1093473,0.6635270317938469,313.351187,98.67620878772155
Cell1:cyc0000->cyc0100,Cell1,cyc0000,cyc0100,C1ch,3216,735954.8961877474,4.1099892,0.6637334223688863,313.36369199999996,98.67620878772155
Cell1:cyc0000->cyc0100,Cell1,cyc0000,cyc0100,C1ch,3217,735954.8961993215,4.1100292,0.6639398114764676,313.36369199999996,98.67620878772155
Cell1:cyc0000->cyc0100,Cell1,cyc0000,cyc0100,C1ch,3218,735954.8962108955,4.11027,0.6641462012188483,313.288779,98.67620878772155
Cell1:cyc0000->cyc0100,Cell1,cyc0000,cyc0100,C1ch,3219,735954.8962224696,4.1107111,0.6643525905545212,313.40113299999996,98.67620878772155
Cell1:cyc0000->cyc0100,Cell1,cyc0000,cyc0100,C1ch,3220,735954.8962340436,4.1109915,0.6645589822523058,313.388625,98.67620878772155
Cell1:cyc0000->cyc0100,Cell1,cyc0000,cyc0100,C1ch,3221,735954.8962456178,4.1111121,0.6647653736443583,313.40113299999996,98.67620878772155
Cell1:cyc0000->cyc0100,Cell1,cyc0000,cyc0100,C1ch,3222,735954.8962571918,4.1113925,0.664971763904602,313.36369199999996,98.67620878772155
Cell1:cyc0000->cyc0100,Cell1,cyc0000,cyc0100,C1ch,3223,735954.8962687659,4.1115932,0.6651781528231914,313.36369199999996,98.67620878772155
Cell1:cyc0000->cyc0100,Cell1,cyc0000,cyc0100,C1ch,3224,735954.89628034,4.1120343,0.6653845403023477,313.36369199999996,98.67620878772155
Cell1:cyc0000->cyc0100,Cell1,cyc0000,cyc0100,C1ch,3225,735954.896291914,4.1125154,0.6655909270565253,313.30128299999996,98.67620878772155
Cell1:cyc0000->cyc0100,Cell1,cyc0000,cyc0100,C1ch,3226,735954.8963034882,4.1125555,0.6657973154709032,313.388625,98.67620878772155
Cell1:cyc0000->cyc0100,Cell1,cyc0000,cyc0100,C1ch,3227,735954.8963150622,4.1128364,0.6660037032949387,313.33872099999996,98.67620878772155
Cell1:cyc0000->cyc0100,Cell1,cyc0000,cyc0100,C1ch,3228,735954.8963266363,4.1132774,0.6662100903674316,313.376158,98.67620878772155
Cell1:cyc0000->cyc0100,Cell1,cyc0000,cyc0100,C1ch,3229,735954.8963382103,4.1135182,0.6664164793071121,313.413599,98.67620878772155
Cell1:cyc0000->cyc0100,Cell1,cyc0000,cyc0100,C1ch,3230,735954.8963497845,4.1137185,0.666622869374695,313.376158,98.67620878772155
Cell1:cyc0000->cyc0100,Cell1,cyc0000,cyc0100,C1ch,3231,735954.8963613585,4.1138391,0.6668292599302875,313.351187,98.67620878772155
Cell1:cyc0000->cyc0100,Cell1,cyc0000,cyc0100,C1ch,3232,735954.8963729326,4.1139593,0.6670356491282179,313.351187,98.67620878772155
Cell1:cyc0000->cyc0100,Cell1,cyc0000,cyc0100,C1ch,3233,735954.8963845066,4.1144004,0.6672420382409769,313.326216,98.67620878772155
Cell1:cyc0000->cyc0100,Cell1,cyc0000,cyc0100,C1ch,3234,735954.8963960807,4.1145606,0.6674484256156412,313.36369199999996,98.67620878772155
Cell1:cyc0000->cyc0100,Cell1,cyc0000,cyc0100,C1ch,3235,735954.8964076547,4.1149616,0.667654812610538,313.388625,98.67620878772155
Cell1:cyc0000->cyc0100,Cell1,cyc0000,cyc0100,C1ch,3236,735954.8964192289,4.1154833,0.6678611975472681,313.36369199999996,98.67620878772155
Cell1:cyc0000->cyc0100,Cell1,cyc0000,cyc0100,C1ch,3237,735954.8964308029,4.1155634,0.668067582844764,313.388625,98.67620878772155
Cell1:cyc0000->cyc0100,Cell1,cyc0000,cyc0100,C1ch,3238,735954.896442377,4.1158438,0.668273968057329,313.376158,98.67620878772155
Cell1:cyc0000->cyc0100,Cell1,cyc0000,cyc0100,C1ch,3239,735954.8964539511,4.1161246,0.6684803531832241,313.40113299999996,98.67620878772155
Cell1:cyc0000->cyc0100,Cell1,cyc0000,cyc0100,C1ch,3240,735954.8964655251,4.1163254,0.6686867394320577,313.288779,98.67620878772155
Cell1:cyc0000->cyc0100,Cell1,cyc0000,cyc0100,C1ch,3241,735954.8964770993,4.1165657,0.6688931241793586,313.33872099999996,98.67620878772155
Cell1:cyc0000->cyc0100,Cell1,cyc0000,cyc0100,C1ch,3242,735954.8964886733,4.1168866,0.6690995099610902,313.351187,98.67620878772155
Cell1:cyc0000->cyc0100,Cell1,cyc0000,cyc0100,C1ch,3243,735954.8965002474,4.1172876,0.6693058941568435,313.33872099999996,98.67620878772155
Cell1:cyc0000->cyc0100,Cell1,cyc0000,cyc0100,C1ch,3244,735954.8965118214,4.1176486,0.6695122770091245,313.30128299999996,98.67620878772155
Cell1:cyc0000->cyc0100,Cell1,cyc0000,cyc0100,C1ch,3245,735954.8965233956,4.1176085,0.6697186581321445,313.40113299999996,98.67620878772155
Cell1:cyc0000->cyc0100,Cell1,cyc0000,cyc0100,C1ch,3246,735954.8965349696,4.1180897,0.6699250405918139,313.351187,98.67620878772155
Cell1:cyc0000->cyc0100,Cell1,cyc0000,cyc0100,C1ch,3247,735954.8965465437,4.1184106,0.6701314226322226,313.388625,98.67620878772155
Cell1:cyc0000->cyc0100,Cell1,cyc0000,cyc0100,C1ch,3248,735954.8965581177,4.1185308,0.6703378056664802,313.36369199999996,98.67620878772155
Cell1:cyc0000->cyc0100,Cell1,cyc0000,cyc0100,C1ch,3249,735954.8965696918,4.1188917,0.6705441875160896,313.388625,98.67620878772155
Cell1:cyc0000->cyc0100,Cell1,cyc0000,cyc0100,C1ch,3250,735954.8965812658,4.1190519,0.6707505707057836,313.40113299999996,98.67620878772155
Cell1:cyc0000->cyc0100,Cell1,cyc0000,cyc0100,C1ch,3251,735954.89659284,4.119493,0.670956952749766,313.326216,98.67620878772155
Cell1:cyc0000->cyc0100,Cell1,cyc0000,cyc0100,C1ch,3252,735954.8966044141,4.1196938,0.6711633325608385,313.33872099999996,98.67620878772155
Cell1:cyc0000->cyc0100,Cell1,cyc0000,cyc0100,C1ch,3253,735954.8966159881,4.119854,0.6713697125060019,313.33872099999996,98.67620878772155
Cell1:cyc0000->cyc0100,Cell1,cyc0000,cyc0100,C1ch,3254,735954.8966275622,4.1203356,0.6715760937138843,313.351187,98.67620878772155
Cell1:cyc0000->cyc0100,Cell1,cyc0000,cyc0100,C1ch,3255,735954.8966391362,4.1205359,0.6717824766949904,313.351187,98.67620878772155
Cell1:cyc0000->cyc0100,Cell1,cyc0000,cyc0100,C1ch,3256,735954.8966507104,4.1208568,0.6719888577312791,313.288779,98.67620878772155
Cell1:cyc0000->cyc0100,Cell1,cyc0000,cyc0100,C1ch,3257,735954.8966622844,4.1209369,0.6721952381506314,313.31374999999997,98.67620878772155
Cell1:cyc0000->cyc0100,Cell1,cyc0000,cyc0100,C1ch,3258,735954.8966738585,4.1213779,0.6724016193072782,313.40113299999996,98.67620878772155
Cell1:cyc0000->cyc0100,Cell1,cyc0000,cyc0100,C1ch,3259,735954.8966854325,4.1216588,0.6726079993058369,313.388625,98.67620878772155
Cell1:cyc0000->cyc0100,Cell1,cyc0000,cyc0100,C1ch,3260,735954.8966970067,4.1218591,0.67281438050118,313.40113299999996,98.67620878772155
Cell1:cyc0000->cyc0100,Cell1,cyc0000,cyc0100,C1ch,3261,735954.8967085807,4.1223402,0.6730207617283969,313.288779,98.67620878772155
Cell1:cyc0000->cyc0100,Cell1,cyc0000,cyc0100,C1ch,3262,735954.8967201548,4.122541,0.673227145310808,313.326216,98.67620878772155
Cell1:cyc0000->cyc0100,Cell1,cyc0000,cyc0100,C1ch,3263,735954.8967317288,4.1226611,0.6734335280761888,313.351187,98.67620878772155
Cell1:cyc0000->cyc0100,Cell1,cyc0000,cyc0100,C1ch,3264,735954.8967433029,4.1230621,0.673639909398753,313.376158,98.67620878772155
Cell1:cyc0000->cyc0100,Cell1,cyc0000,cyc0100,C1ch,3265,735954.8967548771,4.1234231,0.673846291329834,313.388625,98.67620878772155
Cell1:cyc0000->cyc0100,Cell1,cyc0000,cyc0100,C1ch,3266,735954.8967664511,4.1236639,0.6740526716816915,313.42610399999995,98.67620878772155
Cell1:cyc0000->cyc0100,Cell1,cyc0000,cyc0100,C1ch,3267,735954.8967780252,4.1239443,0.6742590519452413,313.376158,98.67620878772155
Cell1:cyc0000->cyc0100,Cell1,cyc0000,cyc0100,C1ch,3268,735954.8967895992,4.124105,0.6744654337278239,313.288779,98.67620878772155
Cell1:cyc0000->cyc0100,Cell1,cyc0000,cyc0100,C1ch,3269,735954.8968011733,4.1243858,0.6746718156235894,313.376158,98.67620878772155
Cell1:cyc0000->cyc0100,Cell1,cyc0000,cyc0100,C1ch,3270,735954.8968127473,4.1244659,0.6748781959861248,313.31374999999997,98.67620878772155
Cell1:cyc0000->cyc0100,Cell1,cyc0000,cyc0100,C1ch,3271,735954.8968243215,4.124907,0.6750845762885811,313.36369199999996,98.67620878772155
Cell1:cyc0000->cyc0100,Cell1,cyc0000,cyc0100,C1ch,3272,735954.8968358955,4.125308,0.6752909562799988,313.43856999999997,98.67620878772155
Cell1:cyc0000->cyc0100,Cell1,cyc0000,cyc0100,C1ch,3273,735954.8968474696,4.1256289,0.6754973389234279,313.30128299999996,98.67620878772155
Cell1:cyc0000->cyc0100,Cell1,cyc0000,cyc0100,C1ch,3274,735954.8968590436,4.1258693,0.6757037212680934,313.33872099999996,98.67620878772155
Cell1:cyc0000->cyc0100,Cell1,cyc0000,cyc0100,C1ch,3275,735954.8968706178,4.1261501,0.6759101009359199,313.40113299999996,98.67620878772155
Cell1:cyc0000->cyc0100,Cell1,cyc0000,cyc0100,C1ch,3276,735954.8968821918,4.1262703,0.6761164815673828,313.33872099999996,98.67620878772155
Cell1:cyc0000->cyc0100,Cell1,cyc0000,cyc0100,C1ch,3277,735954.8968937659,4.1267514,0.6763228623347575,313.33872099999996,98.67620878772155
Cell1:cyc0000->cyc0100,Cell1,cyc0000,cyc0100,C1ch,3278,735954.89690534,4.1271925,0.6765292444654541,313.388625,98.67620878772155
Cell1:cyc0000->cyc0100,Cell1,cyc0000,cyc0100,C1ch,3279,735954.896916914,4.1274734,0.6767356283730198,313.351187,98.67620878772155
Cell1:cyc0000->cyc0100,Cell1,cyc0000,cyc0100,C1ch,3280,735954.8969284882,4.1274333,0.676942011218109,313.40113299999996,98.67620878772155
Cell1:cyc0000->cyc0100,Cell1,cyc0000,cyc0100,C1ch,3281,735954.8969400622,4.1277542,0.67714839254265,313.36369199999996,98.67620878772155
Cell1:cyc0000->cyc0100,Cell1,cyc0000,cyc0100,C1ch,3282,735954.8969516363,4.1281552,0.6773547735487943,313.326216,98.67620878772155
Cell1:cyc0000->cyc0100,Cell1,cyc0000,cyc0100,C1ch,3283,735954.8969632103,4.1283956,0.6775611537470568,313.31374999999997,98.67620878772155
Cell1:cyc0000->cyc0100,Cell1,cyc0000,cyc0100,C1ch,3284,735954.8969747844,4.1284761,0.6777675348168571,313.31374999999997,98.67620878772155
Cell1:cyc0000->cyc0100,Cell1,cyc0000,cyc0100,C1ch,3285,735954.8969863584,4.1289172,0.6779739155435894,313.36369199999996,98.67620878772155
Cell1:cyc0000->cyc0100,Cell1,cyc0000,cyc0100,C1ch,3286,735954.8969979326,4.1291175,0.6781802938355916,313.376158,98.67620878772155
Cell1:cyc0000->cyc0100,Cell1,cyc0000,cyc0100,C1ch,3287,735954.8970095066,4.1295185,0.6783866727962476,313.30128299999996,98.67620878772155
Cell1:cyc0000->cyc0100,Cell1,cyc0000,cyc0100,C1ch,3288,735954.8970210807,4.1298795,0.6785930508125203,313.376158,98.67620878772155
Cell1:cyc0000->cyc0100,Cell1,cyc0000,cyc0100,C1ch,3289,735954.8970326547,4.1300802,0.6787994320469225,313.30128299999996,98.67620878772155
Cell1:cyc0000->cyc0100,Cell1,cyc0000,cyc0100,C1ch,3290,735954.8970442289,4.1303606,0.6790058111560431,313.33872099999996,98.67620878772155
Cell1:cyc0000->cyc0100,Cell1,cyc0000,cyc0100,C1ch,3291,735954.897055803,4.1306014,0.6792121902088352,313.376158,98.67620878772155
Cell1:cyc0000->cyc0100,Cell1,cyc0000,cyc0100,C1ch,3292,735954.897067377,4.1309223,0.6794185694646708,313.376158,98.67620878772155
Cell1:cyc0000->cyc0100,Cell1,cyc0000,cyc0100,C1ch,3293,735954.8970789511,4.1312428,0.6796249512203643,313.326216,98.67620878772155
Cell1:cyc0000->cyc0100,Cell1,cyc0000,cyc0100,C1ch,3294,735954.8970905251,4.1316037,0.6798313318147313,313.36369199999996,98.67620878772155
Cell1:cyc0000->cyc0100,Cell1,cyc0000,cyc0100,C1ch,3295,735954.8971020993,4.1318045,0.6800377116804809,313.388625,98.67620878772155
Cell1:cyc0000->cyc0100,Cell1,cyc0000,cyc0100,C1ch,3296,735954.8971136733,4.1320448,0.6802440929608765,313.326216,98.67620878772155
Cell1:cyc0000->cyc0100,Cell1,cyc0000,cyc0100,C1ch,3297,735954.8971252474,4.1324058,0.6804504732299634,313.326216,98.67620878772155
Cell1:cyc0000->cyc0100,Cell1,cyc0000,cyc0100,C1ch,3298,735954.8971368214,4.1323657,0.6806568533627693,313.36369199999996,98.67620878772155
Cell1:cyc0000->cyc0100,Cell1,cyc0000,cyc0100,C1ch,3299,735954.8971483955,4.1329675,0.6808632333487311,313.36369199999996,98.67620878772155
Cell1:cyc0000->cyc0100,Cell1,cyc0000,cyc0100,C1ch,3300,735954.8971599696,4.1332479,0.681069613066013,313.36369199999996,98.67620878772155
Cell1:cyc0000->cyc0100,Cell1,cyc0000,cyc0100,C1ch,3301,735954.8971715437,4.1334486,0.6812759937734408,313.351187,98.67620878772155
Cell1:cyc0000->cyc0100,Cell1,cyc0000,cyc0100,C1ch,3302,735954.8971831177,4.1340098,0.6814823760545857,313.33872099999996,98.67620878772155
Cell1:cyc0000->cyc0100,Cell1,cyc0000,cyc0100,C1ch,3303,735954.8971946918,4.1339698,0.6816887570927802,313.288779,98.67620878772155
Cell1:cyc0000->cyc0100,Cell1,cyc0000,cyc0100,C1ch,3304,735954.897206266,4.1342106,0.6818951396425578,313.326216,98.67620878772155
Cell1:cyc0000->cyc0100,Cell1,cyc0000,cyc0100,C1ch,3305,735954.89721784,4.1346116,0.6821015205409308,313.33872099999996,98.67620878772155
Cell1:cyc0000->cyc0100,Cell1,cyc0000,cyc0100,C1ch,3306,735954.8972294141,4.134892,0.6823079032975939,313.413599,98.67620878772155
Cell1:cyc0000->cyc0100,Cell1,cyc0000,cyc0100,C1ch,3307,735954.8972409881,4.1351328,0.6825142856195171,313.326216,98.67620878772155
Cell1:cyc0000->cyc0100,Cell1,cyc0000,cyc0100,C1ch,3308,735954.8972525622,4.1353335,0.6827206675857372,313.31374999999997,98.67620878772155
Cell1:cyc0000->cyc0100,Cell1,cyc0000,cyc0100,C1ch,3309,735954.8972641362,4.1358547,0.6829270503866067,313.33872099999996,98.67620878772155
Cell1:cyc0000->cyc0100,Cell1,cyc0000,cyc0100,C1ch,3310,735954.8972757104,4.1362157,0.6831334221389738,313.376158,98.67620878772155
Cell1:cyc0000->cyc0100,Cell1,cyc0000,cyc0100,C1ch,3311,735954.8972872844,4.1365767,0.6833397924569395,313.388625,98.67620878772155
Cell1:cyc0000->cyc0100,Cell1,cyc0000,cyc0100,C1ch,3312,735954.8972988585,4.1366167,0.6835461633302341,313.27631199999996,98.67620878772155
Cell1:cyc0000->cyc0100,Cell1,cyc0000,cyc0100,C1ch,3313,735954.8973104325,4.1369777,0.683752535140686,313.351187,98.67620878772155
Cell1:cyc0000->cyc0100,Cell1,cyc0000,cyc0100,C1ch,3314,735954.8973220066,4.1371379,0.6839589066153158,313.30128299999996,98.67620878772155
Cell1:cyc0000->cyc0100,Cell1,cyc0000,cyc0100,C1ch,3315,735954.8973335807,4.1373787,0.6841652776107551,313.288779,98.67620878772155
Cell1:cyc0000->cyc0100,Cell1,cyc0000,cyc0100,C1ch,3316,735954.8973451548,4.1376591,0.6843716496104364,313.31374999999997,98.67620878772155
Cell1:cyc0000->cyc0100,Cell1,cyc0000,cyc0100,C1ch,3317,735954.8973567289,4.13802,0.6845780204642097,313.326216,98.67620878772155
Cell1:cyc0000->cyc0100,Cell1,cyc0000,cyc0100,C1ch,3318,735954.8973683029,4.1383009,0.6847843913235067,313.376158,98.67620878772155
Cell1:cyc0000->cyc0100,Cell1,cyc0000,cyc0100,C1ch,3319,735954.897379877,4.138381,0.6849907602520073,313.288779,98.67620878772155
Cell1:cyc0000->cyc0100,Cell1,cyc0000,cyc0100,C1ch,3320,735954.897391451,4.1389422,0.6851971292440728,313.30128299999996,98.67620878772155
Cell1:cyc0000->cyc0100,Cell1,cyc0000,cyc0100,C1ch,3321,735954.8974030252,4.1392231,0.6854034978224928,313.326216,98.67620878772155
Cell1:cyc0000->cyc0100,Cell1,cyc0000,cyc0100,C1ch,3322,735954.8974145992,4.1395841,0.6856098666643542,313.288779,98.67620878772155
Cell1:cyc0000->cyc0100,Cell1,cyc0000,cyc0100,C1ch,3323,735954.8974261733,4.1398649,0.6858162362770691,313.351187,98.67620878772155
Cell1:cyc0000->cyc0100,Cell1,cyc0000,cyc0100,C1ch,3324,735954.8974377473,4.1400652,0.6860226041745572,313.33872099999996,98.67620878772155
Cell1:cyc0000->cyc0100,Cell1,cyc0000,cyc0100,C1ch,3325,735954.8974493215,4.1404262,0.6862289728024632,313.25134099999997,98.67620878772155
Cell1:cyc0000->cyc0100,Cell1,cyc0000,cyc0100,C1ch,3326,735954.8974608955,4.140707,0.6864353412817892,313.31374999999997,98.67620878772155
Cell1:cyc0000->cyc0100,Cell1,cyc0000,cyc0100,C1ch,3327,735954.8974724696,4.141068,0.6866417091707561,313.33872099999996,98.67620878772155
Cell1:cyc0000->cyc0100,Cell1,cyc0000,cyc0100,C1ch,3328,735954.8974840436,4.141108,0.6868480798511792,313.36369199999996,98.67620878772155
Cell1:cyc0000->cyc0100,Cell1,cyc0000,cyc0100,C1ch,3329,735954.8974956177,4.14183,0.6870544480213352,313.31374999999997,98.67620878772155
Cell1:cyc0000->cyc0100,Cell1,cyc0000,cyc0100,C1ch,3330,735954.8975071919,4.1419101,0.6872608200598991,313.388625,98.67620878772155
Cell1:cyc0000->cyc0100,Cell1,cyc0000,cyc0100,C1ch,3331,735954.8975187659,4.142231,0.6874671915183715,313.413599,98.67620878772155
Cell1:cyc0000->cyc0100,Cell1,cyc0000,cyc0100,C1ch,3332,735954.89753034,4.1423912,0.6876735607438896,313.326216,98.67620878772155
Cell1:cyc0000->cyc0100,Cell1,cyc0000,cyc0100,C1ch,3333,735954.897541914,4.1428323,0.6878799299622669,313.30128299999996,98.67620878772155
Cell1:cyc0000->cyc0100,Cell1,cyc0000,cyc0100,C1ch,3334,735954.8975534881,4.1429524,0.6880862989047546,313.27631199999996,98.67620878772155
Cell1:cyc0000->cyc0100,Cell1,cyc0000,cyc0100,C1ch,3335,735954.8975650622,4.1432734,0.6882926689808249,313.413599,98.67620878772155
Cell1:cyc0000->cyc0100,Cell1,cyc0000,cyc0100,C1ch,3336,735954.8975766363,4.1436744,0.6884990373770716,313.36369199999996,98.67620878772155
Cell1:cyc0000->cyc0100,Cell1,cyc0000,cyc0100,C1ch,3337,735954.8975882103,4.1439152,0.6887054068060541,313.388625,98.67620878772155
Cell1:cyc0000->cyc0100,Cell1,cyc0000,cyc0100,C1ch,3338,735954.8975997844,4.1442361,0.6889117756601799,313.36369199999996,98.67620878772155
Cell1:cyc0000->cyc0100,Cell1,cyc0000,cyc0100,C1ch,3339,735954.8976113584,4.1447573,0.6891181440297174,313.36369199999996,98.67620878772155
Cell1:cyc0000->cyc0100,Cell1,cyc0000,cyc0100,C1ch,3340,735954.8976229326,4.1445565,0.6893245116303575,313.31374999999997,98.67620878772155
Cell1:cyc0000->cyc0100,Cell1,cyc0000,cyc0100,C1ch,3341,735954.8976345066,4.1450782,0.6895308749010213,313.31374999999997,98.67620878772155
Cell1:cyc0000->cyc0100,Cell1,cyc0000,cyc0100,C1ch,3342,735954.8976460807,4.1452785,0.6897372233304477,313.30128299999996,98.67620878772155
Cell1:cyc0000->cyc0100,Cell1,cyc0000,cyc0100,C1ch,3343,735954.8976576548,4.1458397,0.6899435740513238,313.27631199999996,98.67620878772155
Cell1:cyc0000->cyc0100,Cell1,cyc0000,cyc0100,C1ch,3344,735954.8976692288,4.1460805,0.6901499250106676,313.326216,98.67620878772155
Cell1:cyc0000->cyc0100,Cell1,cyc0000,cyc0100,C1ch,3345,735954.897680803,4.1463213,0.6903562762884623,313.36369199999996,98.67620878772155
Cell1:cyc0000->cyc0100,Cell1,cyc0000,cyc0100,C1ch,3346,735954.897692377,4.1466017,0.6905626278277892,313.30128299999996,98.67620878772155
Cell1:cyc0000->cyc0100,Cell1,cyc0000,cyc0100,C1ch,3347,735954.8977039511,4.1468825,0.6907689803910657,313.30128299999996,98.67620878772155
Cell1:cyc0000->cyc0100,Cell1,cyc0000,cyc0100,C1ch,3348,735954.8977155251,4.1472034,0.6909753326076082,313.31374999999997,98.67620878772155
Cell1:cyc0000->cyc0100,Cell1,cyc0000,cyc0100,C1ch,3349,735954.8977270992,4.1476846,0.6911816840603875,313.326216,98.67620878772155
Cell1:cyc0000->cyc0100,Cell1,cyc0000,cyc0100,C1ch,3350,735954.8977386733,4.1478047,0.6913880358081156,313.263808,98.67620878772155
Cell1:cyc0000->cyc0100,Cell1,cyc0000,cyc0100,C1ch,3351,735954.8977502474,4.1479254,0.6915943865659891,313.326216,98.67620878772155
Cell1:cyc0000->cyc0100,Cell1,cyc0000,cyc0100,C1ch,3352,735954.8977618214,4.1484065,0.691800737525438,313.33872099999996,98.67620878772155
Cell1:cyc0000->cyc0100,Cell1,cyc0000,cyc0100,C1ch,3353,735954.8977733955,4.1486468,0.6920070880074701,313.201395,98.67620878772155
Cell1:cyc0000->cyc0100,Cell1,cyc0000,cyc0100,C1ch,3354,735954.8977849695,4.1486468,0.6922134410798068,313.33872099999996,98.67620878772155
Cell1:cyc0000->cyc0100,Cell1,cyc0000,cyc0100,C1ch,3355,735954.8977965437,4.1492887,0.6924197912420927,313.33872099999996,98.67620878772155
Cell1:cyc0000->cyc0100,Cell1,cyc0000,cyc0100,C1ch,3356,735954.8978081178,4.1498098,0.6926261438705139,313.30128299999996,98.67620878772155
Cell1:cyc0000->cyc0100,Cell1,cyc0000,cyc0100,C1ch,3357,735954.8978196918,4.1498098,0.692832496108229,313.326216,98.67620878772155
Cell1:cyc0000->cyc0100,Cell1,cyc0000,cyc0100,C1ch,3358,735954.8978312659,4.1502109,0.6930388446875881,313.30128299999996,98.67620878772155
Cell1:cyc0000->cyc0100,Cell1,cyc0000,cyc0100,C1ch,3359,735954.89784284,4.1506119,0.6932451792515429,313.351187,98.67620878772155
Cell1:cyc0000->cyc0100,Cell1,cyc0000,cyc0100,C1ch,3360,735954.8978544141,4.1508527,0.6934515141371155,313.326216,98.67620878772155
Cell1:cyc0000->cyc0100,Cell1,cyc0000,cyc0100,C1ch,3361,735954.8978659881,4.1511335,0.693657848170678,313.351187,98.67620878772155
Cell1:cyc0000->cyc0100,Cell1,cyc0000,cyc0100,C1ch,3362,735954.8978775622,4.1515746,0.6938641833267958,313.30128299999996,98.67620878772155
Cell1:cyc0000->cyc0100,Cell1,cyc0000,cyc0100,C1ch,3363,735954.8978891362,4.151855,0.6940705174204305,313.36369199999996,98.67620878772155
Cell1:cyc0000->cyc0100,Cell1,cyc0000,cyc0100,C1ch,3364,735954.8979007103,4.1520157,0.6942768529408094,313.351187,98.67620878772155
Cell1:cyc0000->cyc0100,Cell1,cyc0000,cyc0100,C1ch,3365,735954.8979122844,4.1524568,0.6944831888854065,313.376158,98.67620878772155
Cell1:cyc0000->cyc0100,Cell1,cyc0000,cyc0100,C1ch,3366,735954.8979238585,4.1526971,0.6946895241688402,313.33872099999996,98.67620878772155
Cell1:cyc0000->cyc0100,Cell1,cyc0000,cyc0100,C1ch,3367,735954.8979354325,4.1531787,0.6948958584429458,313.36369199999996,98.67620878772155
Cell1:cyc0000->cyc0100,Cell1,cyc0000,cyc0100,C1ch,3368,735954.8979470066,4.153379,0.6951021941419236,313.31374999999997,98.67620878772155
Cell1:cyc0000->cyc0100,Cell1,cyc0000,cyc0100,C1ch,3369,735954.8979585808,4.1536598,0.6953085231665073,313.376158,98.67620878772155
Cell1:cyc0000->cyc0100,Cell1,cyc0000,cyc0100,C1ch,3370,735954.8979701548,4.1537399,0.695514845077969,313.288779,98.67620878772155
Cell1:cyc0000->cyc0100,Cell1,cyc0000,cyc0100,C1ch,3371,735954.8979817289,4.1539001,0.6957211668460083,313.30128299999996,98.67620878772155
Cell1:cyc0000->cyc0100,Cell1,cyc0000,cyc0100,C1ch,3372,735954.8979933029,4.154582,0.6959274895317044,313.22637,98.67620878772155
Cell1:cyc0000->cyc0100,Cell1,cyc0000,cyc0100,C1ch,3373,735954.898004877,4.154943,0.6961338111089004,313.31374999999997,98.67620878772155
Cell1:cyc0000->cyc0100,Cell1,cyc0000,cyc0100,C1ch,3374,735954.898016451,4.1552238,0.6963401313739963,313.31374999999997,98.67620878772155
Cell1:cyc0000->cyc0100,Cell1,cyc0000,cyc0100,C1ch,3375,735954.8980280252,4.1554241,0.696546451556098,313.351187,98.67620878772155
Cell1:cyc0000->cyc0100,Cell1,cyc0000,cyc0100,C1ch,3376,735954.8980395992,4.1556249,0.6967527741710579,313.288779,98.67620878772155
Cell1:cyc0000->cyc0100,Cell1,cyc0000,cyc0100,C1ch,3377,735954.8980511733,4.1558652,0.6969590964890885,313.33872099999996,98.67620878772155
Cell1:cyc0000->cyc0100,Cell1,cyc0000,cyc0100,C1ch,3378,735954.8980627473,4.1563063,0.6971654190671996,313.33872099999996,98.67620878772155
Cell1:cyc0000->cyc0100,Cell1,cyc0000,cyc0100,C1ch,3379,735954.8980743214,4.1565871,0.6973717418484361,313.36369199999996,98.67620878772155
Cell1:cyc0000->cyc0100,Cell1,cyc0000,cyc0100,C1ch,3380,735954.8980858955,4.1569881,0.6975780637492507,313.30128299999996,98.67620878772155
Cell1:cyc0000->cyc0100,Cell1,cyc0000,cyc0100,C1ch,3381,735954.8980974696,4.1569881,0.6977843848367175,313.351187,98.67620878772155
Cell1:cyc0000->cyc0100,Cell1,cyc0000,cyc0100,C1ch,3382,735954.8981090437,4.1574693,0.6979907052027317,313.31374999999997,98.67620878772155
Cell1:cyc0000->cyc0100,Cell1,cyc0000,cyc0100,C1ch,3383,735954.8981206177,4.1578703,0.6981970265818481,313.31374999999997,98.67620878772155
Cell1:cyc0000->cyc0100,Cell1,cyc0000,cyc0100,C1ch,3384,735954.8981321919,4.1581511,0.6984033458870307,313.27631199999996,98.67620878772155
Cell1:cyc0000->cyc0100,Cell1,cyc0000,cyc0100,C1ch,3385,735954.8981437659,4.1585522,0.6986096633446383,313.33872099999996,98.67620878772155
Cell1:cyc0000->cyc0100,Cell1,cyc0000,cyc0100,C1ch,3386,735954.89815534,4.1589532,0.6988159791173671,313.33872099999996,98.67620878772155
Cell1:cyc0000->cyc0100,Cell1,cyc0000,cyc0100,C1ch,3387,735954.898166914,4.1591535,0.6990222967520142,313.326216,98.67620878772155
Cell1:cyc0000->cyc0100,Cell1,cyc0000,cyc0100,C1ch,3388,735954.8981784881,4.159234,0.6992286150759208,313.288779,98.67620878772155
Cell1:cyc0000->cyc0100,Cell1,cyc0000,cyc0100,C1ch,3389,735954.8981900621,4.1595945,0.6994349332532721,313.351187,98.67620878772155
Cell1:cyc0000->cyc0100,Cell1,cyc0000,cyc0100,C1ch,3390,735954.8982016363,4.1601162,0.6996412524646368,313.33872099999996,98.67620878772155
Cell1:cyc0000->cyc0100,Cell1,cyc0000,cyc0100,C1ch,3391,735954.8982132103,4.1603165,0.6998475714161376,313.21390399999996,98.67620878772155
Cell1:cyc0000->cyc0100,Cell1,cyc0000,cyc0100,C1ch,3392,735954.8982247844,4.1605573,0.7000538881826273,313.36369199999996,98.67620878772155
Cell1:cyc0000->cyc0100,Cell1,cyc0000,cyc0100,C1ch,3393,735954.8982363584,4.1611185,0.7002602064160597,313.36369199999996,98.67620878772155
Cell1:cyc0000->cyc0100,Cell1,cyc0000,cyc0100,C1ch,3394,735954.8982479325,4.1614795,0.7004665258752576,313.33872099999996,98.67620878772155
Cell1:cyc0000->cyc0100,Cell1,cyc0000,cyc0100,C1ch,3395,735954.8982595067,4.1615195,0.7006728460802714,313.388625,98.67620878772155
Cell1:cyc0000->cyc0100,Cell1,cyc0000,cyc0100,C1ch,3396,735954.8982710807,4.1618404,0.7008791664108786,313.33872099999996,98.67620878772155
Cell1:cyc0000->cyc0100,Cell1,cyc0000,cyc0100,C1ch,3397,735954.8982826548,4.1622815,0.7010854810800916,313.288779,98.67620878772155
Cell1:cyc0000->cyc0100,Cell1,cyc0000,cyc0100,C1ch,3398,735954.8982942288,4.1624823,0.7012917873862373,313.30128299999996,98.67620878772155
Cell1:cyc0000->cyc0100,Cell1,cyc0000,cyc0100,C1ch,3399,735954.898305803,4.1630435,0.7014980944754876,313.376158,98.67620878772155
Cell1:cyc0000->cyc0100,Cell1,cyc0000,cyc0100,C1ch,3400,735954.898317377,4.1632037,0.7017044004262865,313.326216,98.67620878772155
Cell1:cyc0000->cyc0100,Cell1,cyc0000,cyc0100,C1ch,3401,735954.8983289511,4.1634445,0.7019107079080337,313.33872099999996,98.67620878772155
Cell1:cyc0000->cyc0100,Cell1,cyc0000,cyc0100,C1ch,3402,735954.8983405251,4.1636047,0.7021170136872389,313.27631199999996,98.67620878772155
Cell1:cyc0000->cyc0100,Cell1,cyc0000,cyc0100,C1ch,3403,735954.8983520992,4.1640863,0.7023233197879943,313.288779,98.67620878772155
Cell1:cyc0000->cyc0100,Cell1,cyc0000,cyc0100,C1ch,3404,735954.8983636732,4.1644874,0.7025296265784744,313.22637,98.67620878772155
Cell1:cyc0000->cyc0100,Cell1,cyc0000,cyc0100,C1ch,3405,735954.8983752474,4.1648078,0.7027359325911424,313.31374999999997,98.67620878772155
Cell1:cyc0000->cyc0100,Cell1,cyc0000,cyc0100,C1ch,3406,735954.8983868214,4.1649284,0.7029422390334337,313.36369199999996,98.67620878772155
Cell1:cyc0000->cyc0100,Cell1,cyc0000,cyc0100,C1ch,3407,735954.8983983955,4.1654496,0.7031485453433499,313.288779,98.67620878772155
Cell1:cyc0000->cyc0100,Cell1,cyc0000,cyc0100,C1ch,3408,735954.8984099696,4.1656899,0.7033548512074991,313.30128299999996,98.67620878772155
Cell1:cyc0000->cyc0100,Cell1,cyc0000,cyc0100,C1ch,3409,735954.8984215437,4.1661315,0.7035611558020087,313.238875,98.67620878772155
Cell1:cyc0000->cyc0100,Cell1,cyc0000,cyc0100,C1ch,3410,735954.8984331178,4.1664519,0.7037674600995822,313.326216,98.67620878772155
Cell1:cyc0000->cyc0100,Cell1,cyc0000,cyc0100,C1ch,3411,735954.8984446918,4.1666126,0.7039737664023098,313.36369199999996,98.67620878772155
Cell1:cyc0000->cyc0100,Cell1,cyc0000,cyc0100,C1ch,3412,735954.8984562659,4.1670537,0.7041800723832228,313.27631199999996,98.67620878772155
Cell1:cyc0000->cyc0100,Cell1,cyc0000,cyc0100,C1ch,3413,735954.8984678399,4.167294,0.704386378128679,313.25134099999997,98.67620878772155
Cell1:cyc0000->cyc0100,Cell1,cyc0000,cyc0100,C1ch,3414,735954.898479414,4.1678157,0.7045926836144137,313.31374999999997,98.67620878772155
Cell1:cyc0000->cyc0100,Cell1,cyc0000,cyc0100,C1ch,3415,735954.8984909881,4.1679358,0.7047989874945204,313.388625,98.67620878772155
Cell1:cyc0000->cyc0100,Cell1,cyc0000,cyc0100,C1ch,3416,735954.8985025622,4.1682968,0.7050052913695068,313.31374999999997,98.67620878772155
Cell1:cyc0000->cyc0100,Cell1,cyc0000,cyc0100,C1ch,3417,735954.8985141362,4.1687379,0.7052115875053508,313.263808,98.67620878772155
Cell1:cyc0000->cyc0100,Cell1,cyc0000,cyc0100,C1ch,3418,735954.8985257103,4.1688981,0.7054178770054966,313.27631199999996,98.67620878772155
Cell1:cyc0000->cyc0100,Cell1,cyc0000,cyc0100,C1ch,3419,735954.8985372843,4.1691389,0.7056241659222174,313.21390399999996,98.67620878772155
Cell1:cyc0000->cyc0100,Cell1,cyc0000,cyc0100,C1ch,3420,735954.8985488585,4.16962,0.705830454618181,313.36369199999996,98.67620878772155
Cell1:cyc0000->cyc0100,Cell1,cyc0000,cyc0100,C1ch,3421,735954.8985604325,4.1699009,0.7060367444754807,313.36369199999996,98.67620878772155
Cell1:cyc0000->cyc0100,Cell1,cyc0000,cyc0100,C1ch,3422,735954.8985720066,4.170382,0.7062430372132534,313.351187,98.67620878772155
Cell1:cyc0000->cyc0100,Cell1,cyc0000,cyc0100,C1ch,3423,735954.8985835807,4.1706629,0.706449327392439,313.263808,98.67620878772155
Cell1:cyc0000->cyc0100,Cell1,cyc0000,cyc0100,C1ch,3424,735954.8985951548,4.1709032,0.7066556182186854,313.30128299999996,98.67620878772155
Cell1:cyc0000->cyc0100,Cell1,cyc0000,cyc0100,C1ch,3425,735954.8986067289,4.1713042,0.7068619115661926,313.388625,98.67620878772155
Cell1:cyc0000->cyc0100,Cell1,cyc0000,cyc0100,C1ch,3426,735954.8986183029,4.171545,0.7070682042349344,313.326216,98.67620878772155
Cell1:cyc0000->cyc0100,Cell1,cyc0000,cyc0100,C1ch,3427,735954.898629877,4.1719861,0.7072744974641758,313.288779,98.67620878772155
Cell1:cyc0000->cyc0100,Cell1,cyc0000,cyc0100,C1ch,3428,735954.898641451,4.172267,0.707480790763916,313.263808,98.67620878772155
Cell1:cyc0000->cyc0100,Cell1,cyc0000,cyc0100,C1ch,3429,735954.8986530252,4.172708,0.7076870841240471,313.33872099999996,98.67620878772155
Cell1:cyc0000->cyc0100,Cell1,cyc0000,cyc0100,C1ch,3430,735954.8986645992,4.1728282,0.7078933769712558,313.376158,98.67620878772155
Cell1:cyc0000->cyc0100,Cell1,cyc0000,cyc0100,C1ch,3431,735954.8986761733,4.1731091,0.7080996703100417,313.288779,98.67620878772155
Cell1:cyc0000->cyc0100,Cell1,cyc0000,cyc0100,C1ch,3432,735954.8986877473,4.1735501,0.7083059652278784,313.30128299999996,98.67620878772155
Cell1:cyc0000->cyc0100,Cell1,cyc0000,cyc0100,C1ch,3433,735954.8986993214,4.1737504,0.7085122591023931,313.263808,98.67620878772155
Cell1:cyc0000->cyc0100,Cell1,cyc0000,cyc0100,C1ch,3434,735954.8987108954,4.1741514,0.7087185530514559,313.326216,98.67620878772155
Cell1:cyc0000->cyc0100,Cell1,cyc0000,cyc0100,C1ch,3435,735954.8987224696,4.1745524,0.7089248475519748,313.27631199999996,98.67620878772155
Cell1:cyc0000->cyc0100,Cell1,cyc0000,cyc0100,C1ch,3436,735954.8987340437,4.1747532,0.7091311407402717,313.288779,98.67620878772155
Cell1:cyc0000->cyc0100,Cell1,cyc0000,cyc0100,C1ch,3437,735954.8987456177,4.1751542,0.709337433714793,313.27631199999996,98.67620878772155
Cell1:cyc0000->cyc0100,Cell1,cyc0000,cyc0100,C1ch,3438,735954.8987571918,4.1756754,0.709543728208174,313.326216,98.67620878772155
Cell1:cyc0000->cyc0100,Cell1,cyc0000,cyc0100,C1ch,3439,735954.8987687659,4.1759162,0.7097500211509129,313.25134099999997,98.67620878772155
Cell1:cyc0000->cyc0100,Cell1,cyc0000,cyc0100,C1ch,3440,735954.89878034,4.1761565,0.7099563151278889,313.31374999999997,98.67620878772155
Cell1:cyc0000->cyc0100,Cell1,cyc0000,cyc0100,C1ch,3441,735954.898791914,4.1764374,0.7101626088078985,313.27631199999996,98.67620878772155
Cell1:cyc0000->cyc0100,Cell1,cyc0000,cyc0100,C1ch,3442,735954.8988034881,4.1768384,0.710368901983941,313.201395,98.67620878772155
Cell1:cyc0000->cyc0100,Cell1,cyc0000,cyc0100,C1ch,3443,735954.8988150621,4.1772394,0.710575194627733,313.376158,98.67620878772155
Cell1:cyc0000->cyc0100,Cell1,cyc0000,cyc0100,C1ch,3444,735954.8988266363,4.1774397,0.7107814869763793,313.36369199999996,98.67620878772155
Cell1:cyc0000->cyc0100,Cell1,cyc0000,cyc0100,C1ch,3445,735954.8988382103,4.1779213,0.7109877790741103,313.27631199999996,98.67620878772155
Cell1:cyc0000->cyc0100,Cell1,cyc0000,cyc0100,C1ch,3446,735954.8988497844,4.1781216,0.7111940732459412,313.27631199999996,98.67620878772155
Cell1:cyc0000->cyc0100,Cell1,cyc0000,cyc0100,C1ch,3447,735954.8988613584,4.1786027,0.7114003555747206,313.30128299999996,98.67620878772155
Cell1:cyc0000->cyc0100,Cell1,cyc0000,cyc0100,C1ch,3448,735954.8988729325,4.1788034,0.7116066284511584,313.25134099999997,98.67620878772155
Cell1:cyc0000->cyc0100,Cell1,cyc0000,cyc0100,C1ch,3449,735954.8988845067,4.1793246,0.7118129024255372,313.238875,98.67620878772155
Cell1:cyc0000->cyc0100,Cell1,cyc0000,cyc0100,C1ch,3450,735954.8988960807,4.1794047,0.7120191798530816,313.263808,98.67620878772155
Cell1:cyc0000->cyc0100,Cell1,cyc0000,cyc0100,C1ch,3451,735954.8989076548,4.1799664,0.7122254564725748,313.351187,98.67620878772155
Cell1:cyc0000->cyc0100,Cell1,cyc0000,cyc0100,C1ch,3452,735954.8989192288,4.1802874,0.712431732103509,313.376158,98.67620878772155
Cell1:cyc0000->cyc0100,Cell1,cyc0000,cyc0100,C1ch,3453,735954.8989308029,4.1805677,0.7126380087075569,313.31374999999997,98.67620878772155
Cell1:cyc0000->cyc0100,Cell1,cyc0000,cyc0100,C1ch,3454,735954.898942377,4.1809287,0.7128442854596522,313.263808,98.67620878772155
Cell1:cyc0000->cyc0100,Cell1,cyc0000,cyc0100,C1ch,3455,735954.8989539511,4.1812897,0.7130505606223653,313.288779,98.67620878772155
Cell1:cyc0000->cyc0100,Cell1,cyc0000,cyc0100,C1ch,3456,735954.8989655251,4.1816907,0.7132568370352073,313.188929,98.67620878772155
Cell1:cyc0000->cyc0100,Cell1,cyc0000,cyc0100,C1ch,3457,735954.8989770992,4.1819315,0.7134631143638,313.30128299999996,98.67620878772155
Cell1:cyc0000->cyc0100,Cell1,cyc0000,cyc0100,C1ch,3458,735954.8989886732,4.1822119,0.7136693906389431,313.27631199999996,98.67620878772155
Cell1:cyc0000->cyc0100,Cell1,cyc0000,cyc0100,C1ch,3459,735954.8990002474,4.182653,0.713875667408871,313.33872099999996,98.67620878772155
Cell1:cyc0000->cyc0100,Cell1,cyc0000,cyc0100,C1ch,3460,735954.8990118214,4.1829338,0.7140819437951592,313.326216,98.67620878772155
Cell1:cyc0000->cyc0100,Cell1,cyc0000,cyc0100,C1ch,3461,735954.8990233955,4.1832147,0.714288220824853,313.388625,98.67620878772155
Cell1:cyc0000->cyc0100,Cell1,cyc0000,cyc0100,C1ch,3462,735954.8990349696,4.1835756,0.7144944966912841,313.326216,98.67620878772155
Cell1:cyc0000->cyc0100,Cell1,cyc0000,cyc0100,C1ch,3463,735954.8990465436,4.1837358,0.7147007750257264,313.22637,98.67620878772155
Cell1:cyc0000->cyc0100,Cell1,cyc0000,cyc0100,C1ch,3464,735954.8990581178,4.184217,0.7149070501105586,313.326216,98.67620878772155
Cell1:cyc0000->cyc0100,Cell1,cyc0000,cyc0100,C1ch,3465,735954.8990696918,4.1846581,0.7151133255385504,313.33872099999996,98.67620878772155
Cell1:cyc0000->cyc0100,Cell1,cyc0000,cyc0100,C1ch,3466,735954.8990812659,4.184979,0.7153196023561367,313.263808,98.67620878772155
Cell1:cyc0000->cyc0100,Cell1,cyc0000,cyc0100,C1ch,3467,735954.8990928399,4.18538,0.7155258790254382,313.30128299999996,98.67620878772155
Cell1:cyc0000->cyc0100,Cell1,cyc0000,cyc0100,C1ch,3468,735954.899104414,4.1855807,0.7157321536967535,313.351187,98.67620878772155
Cell1:cyc0000->cyc0100,Cell1,cyc0000,cyc0100,C1ch,3469,735954.899115988,4.1858611,0.7159384285092265,313.33872099999996,98.67620878772155
Cell1:cyc0000->cyc0100,Cell1,cyc0000,cyc0100,C1ch,3470,735954.8991275622,4.1862221,0.7161447056363051,313.326216,98.67620878772155
Cell1:cyc0000->cyc0100,Cell1,cyc0000,cyc0100,C1ch,3471,735954.8991391362,4.1868639,0.7163509824219395,313.27631199999996,98.67620878772155
Cell1:cyc0000->cyc0100,Cell1,cyc0000,cyc0100,C1ch,3472,735954.8991507103,4.1868639,0.716557258967387,313.27631199999996,98.67620878772155
Cell1:cyc0000->cyc0100,Cell1,cyc0000,cyc0100,C1ch,3473,735954.8991622843,4.1874652,0.7167635339868673,313.30128299999996,98.67620878772155
Cell1:cyc0000->cyc0100,Cell1,cyc0000,cyc0100,C1ch,3474,735954.8991738585,4.1876259,0.716969810217631,313.288779,98.67620878772155
Cell1:cyc0000->cyc0100,Cell1,cyc0000,cyc0100,C1ch,3475,735954.8991854326,4.1881471,0.7171760857499865,313.31374999999997,98.67620878772155
Cell1:cyc0000->cyc0100,Cell1,cyc0000,cyc0100,C1ch,3476,735954.8991970066,4.1882672,0.717382362022983,313.25134099999997,98.67620878772155
Cell1:cyc0000->cyc0100,Cell1,cyc0000,cyc0100,C1ch,3477,735954.8992085807,4.1887083,0.7175886357392782,313.326216,98.67620878772155
Cell1:cyc0000->cyc0100,Cell1,cyc0000,cyc0100,C1ch,3478,735954.8992201547,4.1891494,0.7177949096890666,313.25134099999997,98.67620878772155
Cell1:cyc0000->cyc0100,Cell1,cyc0000,cyc0100,C1ch,3479,735954.8992317289,4.1893902,0.7180011838279419,313.288779,98.67620878772155
Cell1:cyc0000->cyc0100,Cell1,cyc0000,cyc0100,C1ch,3480,735954.8992433029,4.1898313,0.7182074586723735,313.288779,98.67620878772155
Cell1:cyc0000->cyc0100,Cell1,cyc0000,cyc0100,C1ch,3481,735954.899254877,4.1900721,0.7184137334144728,313.30128299999996,98.67620878772155
Cell1:cyc0000->cyc0100,Cell1,cyc0000,cyc0100,C1ch,3482,735954.899266451,4.1905532,0.7186200073677333,313.33872099999996,98.67620878772155
Cell1:cyc0000->cyc0100,Cell1,cyc0000,cyc0100,C1ch,3483,735954.8992780251,4.1906734,0.7188262823305699,313.27631199999996,98.67620878772155
Cell1:cyc0000->cyc0100,Cell1,cyc0000,cyc0100,C1ch,3484,735954.8992895992,4.1911144,0.7190325567208422,313.27631199999996,98.67620878772155
Cell1:cyc0000->cyc0100,Cell1,cyc0000,cyc0100,C1ch,3485,735954.8993011733,4.1914754,0.7192388315014852,313.326216,98.67620878772155
Cell1:cyc0000->cyc0100,Cell1,cyc0000,cyc0100,C1ch,3486,735954.8993127473,4.1921573,0.7194451072971055,313.30128299999996,98.67620878772155
Cell1:cyc0000->cyc0100,Cell1,cyc0000,cyc0100,C1ch,3487,735954.8993243214,4.1923175,0.719651383315701,313.30128299999996,98.67620878772155
Cell1:cyc0000->cyc0100,Cell1,cyc0000,cyc0100,C1ch,3488,735954.8993358955,4.1925983,0.7198576591429375,313.30128299999996,98.67620878772155
Cell1:cyc0000->cyc0100,Cell1,cyc0000,cyc0100,C1ch,3489,735954.8993474696,4.1928792,0.7200639355096538,313.30128299999996,98.67620878772155
Cell1:cyc0000->cyc0100,Cell1,cyc0000,cyc0100,C1ch,3490,735954.8993590437,4.1934404,0.7202702133652037,313.263808,98.67620878772155
Cell1:cyc0000->cyc0100,Cell1,cyc0000,cyc0100,C1ch,3491,735954.8993706177,4.1934805,0.7204764905434129,313.326216,98.67620878772155
Cell1:cyc0000->cyc0100,Cell1,cyc0000,cyc0100,C1ch,3492,735954.8993821918,4.1940823,0.7206827682098084,313.31374999999997,98.67620878772155
Cell1:cyc0000->cyc0100,Cell1,cyc0000,cyc0100,C1ch,3493,735954.8993937658,4.1942024,0.7208890464331529,313.288779,98.67620878772155
Cell1:cyc0000->cyc0100,Cell1,cyc0000,cyc0100,C1ch,3494,735954.89940534,4.1946435,0.7210953230331117,313.326216,98.67620878772155
Cell1:cyc0000->cyc0100,Cell1,cyc0000,cyc0100,C1ch,3495,735954.899416914,4.1951246,0.7213016011804197,313.30128299999996,98.67620878772155
Cell1:cyc0000->cyc0100,Cell1,cyc0000,cyc0100,C1ch,3496,735954.8994284881,4.1955657,0.7215078799165208,313.36369199999996,98.67620878772155
Cell1:cyc0000->cyc0100,Cell1,cyc0000,cyc0100,C1ch,3497,735954.8994400621,4.1958466,0.7217141570966898,313.263808,98.67620878772155
Cell1:cyc0000->cyc0100,Cell1,cyc0000,cyc0100,C1ch,3498,735954.8994516362,4.1961675,0.7219204347948371,313.22637,98.67620878772155
Cell1:cyc0000->cyc0100,Cell1,cyc0000,cyc0100,C1ch,3499,735954.8994632103,4.1965284,0.7221267123674417,313.263808,98.67620878772155
Cell1:cyc0000->cyc0100,Cell1,cyc0000,cyc0100,C1ch,3500,735954.8994747844,4.1968088,0.7223329913227946,313.263808,98.67620878772155
Cell1:cyc0000->cyc0100,Cell1,cyc0000,cyc0100,C1ch,3501,735954.8994863585,4.1973305,0.7225392692915346,313.27631199999996,98.67620878772155
Cell1:cyc0000->cyc0100,Cell1,cyc0000,cyc0100,C1ch,3502,735954.8994979325,4.1974106,0.7227455474633958,313.238875,98.67620878772155
Cell1:cyc0000->cyc0100,Cell1,cyc0000,cyc0100,C1ch,3503,735954.8995095066,4.1980119,0.7229518249404161,313.30128299999996,98.67620878772155
Cell1:cyc0000->cyc0100,Cell1,cyc0000,cyc0100,C1ch,3504,735954.8995210807,4.198092,0.7231581032361077,313.30128299999996,98.67620878772155
Cell1:cyc0000->cyc0100,Cell1,cyc0000,cyc0100,C1ch,3505,735954.8995326548,4.1986136,0.723364384030209,313.27631199999996,98.67620878772155
Cell1:cyc0000->cyc0100,Cell1,cyc0000,cyc0100,C1ch,3506,735954.8995442288,4.1989346,0.7235706626122911,313.238875,98.67620878772155
Cell1:cyc0000->cyc0100,Cell1,cyc0000,cyc0100,C1ch,3507,735954.8995558029,4.1993356,0.7237769403441298,313.25134099999997,98.67620878772155
Cell1:cyc0000->cyc0100,Cell1,cyc0000,cyc0100,C1ch,3508,735954.8995673769,4.1995358,0.7239832203300781,313.30128299999996,98.67620878772155
Cell1:cyc0000->cyc0100,Cell1,cyc0000,cyc0100,C1ch,3509,735954.8995751016,4.1999769,0.7241208914093187,313.263808,98.67620878772155
